x_m,y_m,w_tr_left_m,w_tr_right_m,w_total_m,left_x_m,left_y_m,right_x_m,right_y_m
0.1632856726646423,0.2127832174301147,0.6593721183668232,0.4670793025036814,1.1264514208705045,0.05175712287317,0.8626547224685822,0.2422891303402179,-0.2475661374109984
0.2622357350047333,0.2271399094661735,0.6587891179941436,0.48084607013006314,1.1396351881242068,0.18658890247349366,0.881571463347473,0.3174483085579794,-0.25052578417442384
0.3618555365032294,0.2356811778774791,0.6426327434054568,0.49494056316296986,1.1375733065684268,0.3260233616872816,0.8773141712192983,0.38945038989653846,-0.2584895265661165
0.4618072686556278,0.23825283431903505,0.6226714061033403,0.5032887265447796,1.12596013264812,0.4645786443037781,0.860918072995266,0.4595657149914246,-0.26503090047102995
0.5617317191573672,0.2347824369102188,0.6118946095865198,0.5072367168176323,1.119131326404152,0.6014721908171038,0.8453851785952698,0.5287881547851805,-0.27138335455971696
0.6612644971452749,0.22528456194603444,0.614718305848321,0.5057059453595033,1.1204242512078242,0.7380110798024575,0.8351932088723377,0.5981283161734227,-0.27646470394703937
0.7602242230185903,0.2109209586510819,0.6160263461647093,0.496423546211258,1.1124498923759674,0.8457170895155015,0.820986060871479,0.6913297176097868,-0.28069869550997517
0.8594881692952514,0.19885650216215597,0.6132549587886612,0.4837865923392682,1.0970415511279294,0.9223195938244079,0.8088842528182384,0.8099210254106906,-0.2823841498762691
0.9591275643594747,0.19043835610584506,0.6089477918540211,0.47471858196880357,1.0836663738228247,0.9992480111711528,0.798063045327341,0.9278508153561352,-0.28324877379980673
1.0590087349197694,0.18568151596574445,0.6064090901473363,0.4782947412762925,1.0847038314236288,1.0767544562862592,0.7918308985328665,1.0450126139042766,-0.29240840039840066
1.1589896537379092,0.18383101770871127,0.6057429427492247,0.4975970370150286,1.1033399797642534,1.1768357516518078,0.7893110169487672,1.14432777526281,-0.31354996359809056
1.2588174281154396,0.17817864487712456,0.6138617527622675,0.5230782640432383,1.136940016805506,1.3101377829244716,0.7898913819413762,1.2150860596489597,-0.3430683577296403
1.358191425522081,0.16711792404050285,0.6286515244093015,0.5574891793013643,1.1861407037106657,1.4446466006766334,0.7897962052027209,1.281521903012059,-0.3850740438078116
1.4568224546345379,0.15070181385053863,0.6617753866941232,0.5771147883893631,1.2388901750834864,1.5829581418472576,0.8003451397190734,1.346823532908672,-0.4158330184385681
1.5539784299222736,0.12723259826238362,0.7036566299995856,0.585619334636042,1.2892759646356275,1.7579707654976515,0.8006713705118556,1.384210562477911,-0.4332394137801036
1.6477376826159837,0.09263022661267731,0.7663601660551909,0.5875993790497024,1.3539595451048934,1.955208375653108,0.7946057796338706,1.4120000853853945,-0.44560839659411594
1.7367996904499847,0.04727939740462447,0.8361197150799697,0.58391232919534,1.4200320442753096,2.158814316660949,0.7690825791719467,1.442107152957059,-0.45681376514800104
1.8194630353926837,-0.008853209819435548,0.9393023902018001,0.577831506227284,1.5171338964290841,2.3994441274405585,0.7300046338188175,1.4626832899881834,-0.4633831459710511
1.8935611174664242,-0.0758825430589797,1.1070034141761602,0.5664233570208066,1.6734267711969668,2.6915095664952644,0.6914080353336809,1.485284801291216,-0.46849669082892653
1.9576667156111038,-0.15252265666335338,1.1011546348118741,0.5504656338738547,1.6516202686857289,2.8511010537484798,0.4911516501135297,1.511041218945928,-0.4742959927319743
2.0096471280552506,-0.23783136663604693,1.0623340648569641,0.5340581751337518,1.596392239990716,2.957125438836282,0.24262520367498924,1.5333255198327267,-0.4793595429788941
2.0477565293054467,-0.33017467718538207,1.0149349449788982,0.5148815832260605,1.5298165282049587,3.0129043491444807,-0.016195970265185135,1.5581353570801941,-0.489467340086547
2.0743898802658807,-0.4265470761802568,1.011425079698016,0.4789907704203648,1.4904158501183808,3.0543469280780076,-0.17621754079643753,1.610302530480902,-0.5451012406682642
2.097780467347672,-0.5237695578996671,1.0127781736109795,0.4492672615670669,1.4620454351780465,3.0856995997564445,-0.3007551710016706,1.6595409144179247,-0.6226996673906945
2.118410578506088,-0.6216148931020383,1.0084035591187244,0.4220991435500466,1.4305027026687709,3.107993924478564,-0.427701150893733,1.7041894630163392,-0.7027848042028347
2.1360863219161614,-0.720035862548118,0.9982113539903552,0.40402710618920956,1.4022384601795648,3.121303600540043,-0.5594967049067165,1.737318626543533,-0.7850145333780868
2.150567045097642,-0.8189773550152226,0.9837081135826858,0.39505839953429656,1.3787665131169824,3.1260850193329515,-0.6923032271427763,1.7587978305596088,-0.869849956510057
2.1619151889537362,-0.9183278403972532,0.9669216070396364,0.3921100307133449,1.3590316377529812,3.1237193328876445,-0.8189790463850716,1.7718803973446617,-0.9586160213004172
2.171843652591951,-1.0178335418103226,0.9538134529834281,0.3997541686532149,1.353567621636643,3.1212676136888358,-0.9264319817182133,1.7739291382295912,-1.0561406510120133
2.181081766699691,-1.117405710271651,0.9376116976349311,0.41508179885168767,1.3526934964866189,3.114977703540771,-1.0340146154618384,1.7676449175884401,-1.154322800283102
2.1896211247748645,-1.2170401720420267,0.924005108307895,0.4310922730947111,1.3550973814026062,3.1107857175934788,-1.1446438108323553,1.7598539030653544,-1.2508141718947798
2.1935320267794127,-1.316935853961165,0.916982844558023,0.43994172056800745,1.3569245651260304,3.1105136522048418,-1.3184311284715868,1.753590892905973,-1.3162173677115627
2.189246959562269,-1.4168151643084337,0.9253432900657472,0.44615473251610693,1.371498022581854,3.111311474757201,-1.4946434001103388,1.7446730687790315,-1.379290492685981
2.1767359826101362,-1.5160005085211272,0.9307232626772194,0.4524862429702401,1.3832095056474594,3.094580254695244,-1.6702978963444044,1.7305114140247055,-1.440984280489658
2.156208878838688,-1.6138438028651363,0.9334328883884704,0.46989797980023174,1.4033308681887022,3.0623735947318163,-1.8378135883174795,1.700038334166197,-1.5010938778383673
2.1314042626776444,-1.71071753074365,0.9524868744208617,0.5042419364816921,1.4567288109025538,3.0522216315297768,-1.9542880937521099,1.6439282851441281,-1.5817714108541798
2.105065426606751,-1.8071854160605085,0.9776892891877078,0.5709314177919601,1.5486207069796678,3.0461517431662783,-2.07220030427773,1.5555093655609376,-1.652424892703459
2.0771929262967586,-1.9032214002380308,1.0181541010706912,0.6999361988962998,1.718090299966991,3.0526995150078435,-2.1948112987398978,1.406575367773845,-1.7027649892002015
2.047788930160263,-1.9987995940831138,1.0514173970268204,0.8142388545204504,1.8656562515472708,3.050217058933795,-2.316000460119525,1.27148861915606,-1.7531520023066982
2.01685722345994,-2.09389436515567,1.093897649792865,0.9493502179070116,2.0432478676998764,3.0543591848793823,-2.4405956029284286,1.116450737001712,-1.7930056890908508
1.9844032042303288,-2.1884804249020404,1.1357236404582518,1.1009554683066893,2.236679108764941,3.055655240435426,-2.565690263615425,0.9459458743253957,-1.8228175786062781
1.9502921160218327,-2.282480647080362,1.1772453561535474,1.2312024072018632,2.4084477633554107,3.0521168668082814,-2.697075445816999,0.7979671265483704,-1.8488834997942576
1.9138945061168737,-2.3756186326078295,1.2190040180000088,1.3636455789516129,2.5826495969516214,3.0435670870293676,-2.83366956409326,0.6501801052164394,-1.863217248972758
1.8751457818254886,-2.4678032462352557,1.261753958062745,1.4779313018061409,2.739685259868886,3.032011828824551,-2.971473773452966,0.5200729510858524,-1.8778383691030118
1.8340651630157752,-2.5589725787685755,1.3097480615873902,1.5549017020611402,2.86464976364853,3.021242290322933,-3.1121908478366267,0.4246764687896994,-1.9022056401515746
1.7906779971909863,-2.6490670740374735,1.3680099483216235,1.5790654299022002,2.9470753782238237,3.015565679397381,-3.258247986973833,0.3768154424290419,-1.9459025782370611
1.7450155535356469,-2.7380300306536096,1.4226544933923189,1.6092027401361326,3.0318572335284513,3.0023439714400495,-3.4036658598420386,0.3228176860754442,-1.985111253723927
1.6971147431389453,-2.8258080669576278,1.481069696461265,1.6567816504775328,3.137851346938798,2.988141578699133,-3.5516297775996497,0.2529223714111291,-2.0138759079675785
1.6483462164208547,-2.913107117432315,1.5260743427175856,1.7250202424504708,3.2510945851680564,2.9913080146909263,-3.6379219268064933,0.13030988206248095,-2.0938022142176007
1.6023449929230198,-3.0018930728661464,1.5560219588861082,1.7809751064819273,3.3369970653680356,2.995837891856877,-3.6942671604493516,0.0073956883596183985,-2.209422855267381
1.559372211369735,-3.092183686657333,1.5716563721072898,2.0395245326686586,3.6111809047759484,2.9897234019345107,-3.7434894701687167,-0.29678185206592067,-2.2469899738620858
1.519477804322484,-3.1838760742336443,1.596746508124966,2.007193516340328,3.603940024465294,2.9941901384930634,-3.7961039261437266,-0.33431234247987407,-2.4142736420278057
1.4825217121768381,-3.276793655063646,1.6318706850338052,1.9669887027345434,3.5988593877683486,3.0000075673069677,-3.876992465586193,-0.34659260966625965,-2.5533398871463135
1.4438211761552968,-3.368993640482934,1.670043429741647,1.9392914061874817,3.609334835929129,2.9699217582963024,-4.047272396166854,-0.32832081114752915,-2.5813617880601085
1.4013108375260777,-3.459500145747067,1.706657399647328,1.921573902519393,3.628231302166721,2.930560749797913,-4.217176980279814,-0.32051501165222823,-2.606410462334464
1.3550575193945622,-3.5481522224299833,1.7134220443402568,1.8971778931574867,3.6105999374977436,2.857288022878132,-4.3722387569848475,-0.30827966340308405,-2.635686675349837
1.305153879081577,-3.6348021140476816,1.6759311994909425,1.8708667616511523,3.5467979611420946,2.739995774624299,-4.500812576006727,-0.2965811706643203,-2.6680615747784433
1.252884438694636,-3.7200535573450706,1.630256176384628,1.836833806436476,3.467089982821104,2.638144700014841,-4.579582037994377,-0.30790884996313816,-2.751610093559619
1.1997113217394704,-3.804744325496664,1.5765264301891049,1.7994572841798155,3.37598371436892,2.530423968780171,-4.650107818966032,-0.3191724053468887,-2.8398408374834596
1.1456418259639667,-3.888865640530437,1.5204739631627096,1.7580922792268172,3.2785662423895268,2.4203011478226406,-4.717771356432133,-0.32822020503626564,-2.9304194105035175
1.0906801912548998,-3.972406793852848,1.4750452533042493,1.7197460282191623,3.1947912815234116,2.31861954335886,-4.789672629948976,-0.3409665182234352,-3.0195615279174812
1.0348593168150124,-4.055376377422872,1.415999843241966,1.6815323051584647,3.097532148400431,2.2059032775424527,-4.851436424219005,-0.355782011042361,-3.1100364435648866
0.9782464942248295,-4.137807636691247,1.35476108457841,1.6340727744225514,2.9888338590009615,2.0913261698103423,-4.910097240458201,-0.3643171961051332,-3.2062945828285505
0.9208501346953406,-4.219695256437262,1.287978312929705,1.5957475125712728,2.883725825500978,1.9720161974144055,-4.963965397693076,-0.3814973638377009,-3.2975775215779146
0.862047937696198,-4.30057203079796,1.1804912528803304,1.5787569637119356,2.7592482165922663,1.8007915508303904,-5.016337374277744,-0.3933967909383963,-3.3433196691855476
0.799356499505354,-4.378466102410866,1.1120338059389017,1.5628039189261036,2.6748377248650055,1.6470809255448953,-5.098176101679244,-0.3919943025259736,-3.367012022627656
0.7326720077176271,-4.452970468805904,1.0632142819254915,1.5209391493301057,2.584153431255597,1.5061490134645994,-5.182462025214226,-0.37379465295501835,-3.409424866167998
0.6635016461069303,-4.525180455394612,1.0251645253051116,1.4285941231567583,2.4537586484618696,1.4212545097853893,-5.215667893029178,-0.392444846351303,-3.5629652124353344
0.5991990805495528,-4.60172920260895,1.0017516280528191,1.2889226972583578,2.290674325311177,1.3916894344298099,-5.214481488049991,-0.42046750650590126,-3.8133119458530853
0.5413044030604496,-4.68323206584835,0.9922017101194119,1.145838686738455,2.1380403968578667,1.3727837199361754,-5.224625064668765,-0.4189237643757949,-4.058005576895316
0.49015071851238684,-4.769127301040902,0.9720300988468427,1.0410043759853924,2.013034474832235,1.3443608663237758,-5.232988849824855,-0.4246726150467055,-4.272349303141874
0.4453554742673241,-4.8585177498177945,0.9340829014729592,0.9567861459966631,1.8908690474696224,1.290861986403745,-5.255543699547842,-0.42069945356723315,-4.451837788245273
0.40499809435895623,-4.950002172634601,0.8918624136879543,0.8833180216004991,1.7751804352884535,1.229275895631068,-5.290567395872848,-0.411381906250016,-4.612697530078478
0.3690326712680255,-5.043300376680399,0.8499496572454642,0.8341723791033839,1.6841220363488483,1.1691854630588803,-5.32995335440954,-0.41626797087535333,-4.761970571099482
0.33758242669791266,-5.138215738896833,0.8091669553555727,0.7912826295122452,1.600449584867818,1.1115779675512407,-5.374186212428103,-0.41930734676668496,-4.9074646379405795
0.3107308214677264,-5.234533130740385,0.7526414767393962,0.75364210693766,1.5062835836770563,1.0403657411926992,-5.419200606020661,-0.4198752120845469,-5.049624371925531
0.288460742572239,-5.332013140234859,0.6969311318390294,0.7261499799874338,1.4230811118264632,0.9703809829770409,-5.475880399375665,-0.42204885380157026,-5.182113484142935
0.2674550648245773,-5.42978181588529,0.6414690849865825,0.7001986106135587,1.3416676956001412,0.8941032497060051,-5.566875358323784,-0.4165655515431344,-5.280135931581398
0.24571664856270312,-5.527390183590382,0.612113621268252,0.680428376551982,1.292541997820234,0.842688285980462,-5.6626970550378175,-0.41787990453214074,-5.376982769086283
0.22324524928158473,-5.624832413587011,0.599966952961816,0.658308508755012,1.2582754617168281,0.8073564599700643,-5.761852259574097,-0.4176658180212899,-5.474489151323823
0.20004079202202113,-5.722102681132124,0.6032758225385837,0.6350297956991128,1.2383056182376966,0.7863183725905498,-5.864300840692355,-0.41709619387036934,-5.572420410741431
0.17610337211160407,-5.819195170800387,0.6119178619185421,0.6136011474453916,1.2255190093639339,0.7696748071322934,-5.967911078700112,-0.419101045707819,-5.67007082954604
0.15424636855336754,-5.916758773486031,0.619693147370302,0.5893609533707506,1.2090541007410525,0.763184716004691,-6.031709571225595,-0.42488510933439133,-5.807428701330104
0.1390952654182311,-6.015584008586165,0.6287445640671542,0.5735947322886026,1.2023392963557566,0.7634804334528611,-6.089495366186758,-0.43052221025218484,-5.948153686622699
0.13070995466372287,-6.115212428821183,0.6446343719213421,0.5642836791463145,1.2089180510676565,0.7745254284007936,-6.147694873912869,-0.4328567421588432,-6.086775678243757
0.12900305973895687,-6.2151780489645985,0.6539652345290744,0.5668990071855142,1.2208642417145885,0.7828035178971454,-6.20049850929845,-0.4377531645952528,-6.227900726605436
0.13784433226749546,-6.314709432930325,0.6579718928063675,0.5829387274187908,1.2409106202251583,0.7877179771151753,-6.2117955978274315,-0.43791890532514155,-6.405891965037544
0.16052476944361668,-6.412011988756843,0.6615373354476533,0.6156634993248051,1.2772008347724584,0.7921244057319026,-6.215254407882088,-0.4272728735573196,-6.595138926380471
0.19717708472700254,-6.504954681662585,0.6600696030366752,0.6625505778818114,1.3226201809184865,0.7918422762509933,-6.218484454862784,-0.39971735228241434,-6.79251389177197
0.2468013647044965,-6.591678550170972,0.6538186479028187,0.7387177699281705,1.3925364178309891,0.7905208388613222,-6.228569809201968,-0.3675152333616825,-7.001945610691368
0.3075422544144289,-6.671033203986376,0.6388292095094569,0.8019635654735244,1.4407927749829814,0.7904106738283609,-6.252773896313291,-0.29862221925051297,-7.196114332207065
0.3736443640292417,-6.7460697234248865,0.6152612449371256,0.7986235722572231,1.4138848171943488,0.834973190501114,-6.3389799134472025,-0.22517135423514795,-7.274481821814383
0.43984705417194153,-6.821017725244132,0.5888658348883135,0.7414478200212813,1.3303136549095949,0.880993886405685,-6.430950495258269,-0.11560606406421609,-7.312155896491327
0.5061258947004347,-6.895898393026634,0.5580315070374545,0.6718372700624669,1.2298687770999215,0.9237927299571794,-6.525825997983302,0.003279366218255324,-7.341443773698916
0.5724827599266199,-6.970709926141887,0.5419414520099491,0.6283485147695574,1.1702899667795066,0.9777264575422282,-6.610879295220225,0.10262703147752875,-7.387911856214942
0.6389198001462896,-7.045450267872048,0.5441766614707594,0.6069437055772877,1.1511203670480472,1.045441709519368,-6.683693200091572,0.18550831439906518,-7.448933460003249
0.7055834395444633,-7.1199875324201605,0.5584034020386208,0.5933179084232628,1.1517213104618835,1.117426016457917,-6.742893311767561,0.26798876589858095,-7.520658272620277
0.7748028234452528,-7.192145988398652,0.5846023222000254,0.5810154810429558,1.1656178032429811,1.1871617184858356,-6.777754848528876,0.36497017583047686,-7.603990850161719
0.8472977665862608,-7.261012930722996,0.6027604890119962,0.5493776397981149,1.1521381288101111,1.2522013096352436,-6.814500525586967,0.47824701066801123,-7.667974023047945
0.9228932733922027,-7.326461701047386,0.6231641811637973,0.5137720351345108,1.136936216298308,1.3205897173151138,-6.8467001611375915,0.595008583071804,-7.722003524297157
1.000177664878774,-7.3899209288476015,0.6437221600608722,0.48879388182987754,1.1325160418907498,1.4067959394146743,-6.8908820544431295,0.6914218527552165,-7.768852726661196
1.0779377339392984,-7.452796392682902,0.6680190177395446,0.4772075366597315,1.1452265543992761,1.496011834302084,-6.931774843543566,0.7792809600025877,-7.824994141771429
1.156164870108304,-7.515089797084769,0.6996841961524721,0.4846024899955644,1.1842866861480366,1.590185735304899,-6.9662875896187915,0.855561319384928,-7.895191202768042
1.2318491601999368,-7.580377121826975,0.7839217484931404,0.5080537490213901,1.2919754975145306,1.7754438691376637,-7.015542544118199,0.8795584911940661,-7.946450743419798
1.2998592673031428,-7.653615683063151,0.9567054084110196,0.5335446925306682,1.4902501009416877,2.0364587837011934,-7.043118843656874,0.8890727506907123,-7.994092373450424
1.3592413442195614,-7.734010060402695,0.9848647860327742,0.5571140609487152,1.5419788469814892,2.1825865586227455,-7.193583095229086,0.89349393648694,-8.039714867524062
1.410053928678309,-7.820103649784648,1.0516758535936424,0.5799596296244439,1.6316354832180862,2.3344058322732373,-7.318510528467829,0.9003106538726872,-8.09671703663453
1.4550038513105825,-7.909413496713986,1.1115094445361775,0.5927923578485071,1.7043018023846845,2.462922672272468,-7.440848777978224,0.9174596828590393,-8.159311568910095
1.49428514720036,-8.001357144068159,1.1334071820683562,0.6015028304883594,1.7349100125567156,2.5500607525966315,-7.589107569884912,0.933981576282638,-8.220139144018697
1.5277010410815994,-8.095591153314926,1.126152325785995,0.6166716509238456,1.7428239767098406,2.6000129754429655,-7.751547295210482,0.9405106146985464,-8.283982576201504
1.5560927037989907,-8.19146723039373,1.1197718417727147,0.6481823408050279,1.7679541825777427,2.6365999702948097,-7.89754032676497,0.9306377474126116,-8.36160377691798
1.5802106679197931,-8.28850692997587,1.1241056097398658,0.690316889814068,1.8144224995539338,2.676792551707541,-8.04127911196756,0.9067953276009821,-8.440326519574407
1.600104963361616,-8.386500266064381,1.148110833111826,0.740855503610934,1.8889663367227598,2.7298758087757937,-8.182107697802065,0.8710839377956296,-8.518391211596393
1.6120137822539753,-8.485667050922329,1.1936601824878923,0.7487460190913846,1.942406201579277,2.8053395880082674,-8.457415456668237,0.8634775638050893,-8.503390785727323
1.6034155328468267,-8.585091453533725,1.2197966549137385,0.7430651594785667,1.9628618143923051,2.7995157377292803,-8.824357370912065,0.8747843516295586,-8.439343613107747
1.5733956861011058,-8.680282275445869,1.29679106052852,0.7389915748757856,2.0357826354043054,2.7630581049541942,-9.19639310059421,0.8954518542435201,-8.386172247422941
1.529611697640524,-8.770167290132669,1.2917326098945552,0.7408642406224415,2.0325968505169967,2.6723273304349804,-9.372474618688585,0.8742154095682676,-8.424717541812925
1.480204181904156,-8.857089569597592,1.2763434336078388,0.746485622425898,2.0228290560337365,2.56903620948694,-9.523045556299275,0.8433880845316103,-8.46759497064174
1.4252696727335503,-8.9406268644998,1.2263386520079784,0.7564390046167888,1.9827776566247672,2.42519653054933,-9.650593602049812,0.8084920001162698,-8.502693912706436
1.3637566841894866,-9.019425592685009,1.0910533237742313,0.7652563690251534,1.8563096927993845,2.192601326706151,-9.728942268944433,0.7824233131035004,-8.521762230566232
1.2954405333022467,-9.092407390971063,0.9221290021981011,0.7784808434279764,1.7006098456260776,1.9404612883192918,-9.751399137726747,0.7509218262602679,-8.536051568438698
1.2200113937812231,-9.157900981841715,0.7314915342624477,0.778683604701412,1.5101751389638598,1.6448749131789644,-9.753359506495276,0.7678674854598394,-8.523934072296234
1.132372835629812,-9.205525979897022,0.6058165081216681,0.7856175476459862,1.3914340557676543,1.3536997526881998,-9.769465726056273,0.8453959057624517,-8.47419898539101
1.035819837551857,-9.230687610480013,0.5612752320264565,0.7839166256661042,1.3451918576925608,1.1272410588827924,-9.784467391960623,0.9081341139986214,-8.457239724713675
0.937527496307034,-9.249042687501701,0.5414719881043611,0.7467656033450938,1.2882375914494548,1.048869006671326,-9.778943604628184,0.7839704093829675,-8.518235539620157
0.8401678127043394,-9.271831088165989,0.5155507235064648,0.7296290549311555,1.2451797784376204,0.9691513206657519,-9.770986177473919,0.6576237293674022,-8.565406134304357
0.7435610621488606,-9.29763668310412,0.4836389226528227,0.7373815324906978,1.2210204551435204,0.8561777359427563,-9.767981335766805,0.5718733256893715,-8.580521039983886
0.6453627364788201,-9.316334205610529,0.4527030655706503,0.7421856794735882,1.1948887450442385,0.709040060453252,-9.764536463512606,0.5409767687932296,-8.581525963573183
0.545842382359494,-9.32572652258913,0.4414160721332539,0.7456563490898505,1.1870724212231043,0.5667104333446291,-9.766649047740241,0.5105923051243869,-8.580903843696413
0.4458775396283464,-9.32586723764834,0.4484296040867496,0.7463934566693512,1.1948230607561008,0.4275297685743601,-9.773921329381414,0.4764136432743394,-8.58009868204081
0.3460232630730163,-9.320511729886487,0.46232950396285366,0.7467321634403604,1.2090616674032142,0.31600024435692825,-9.781865377950217,0.39451321803391076,-8.575355606524267
0.24631750307469066,-9.31287536668496,0.48242465774978105,0.7480675291586406,1.2304921869084215,0.20395041028927685,-9.793436059890205,0.31201235188412746,-8.56769806226579
0.14681418056867915,-9.302943846990123,0.4916978734292778,0.7535099097626687,1.2452077831919466,0.09231871849231248,-9.79161249070277,0.23032664991834978,-8.554076133990247
0.047568057090094526,-9.290706689077416,0.48617534043558175,0.7619473963949733,1.2481227368305552,-0.01750750629040051,-9.772507096609793,0.1495575986646435,-8.535615987053816
-0.051460692919657436,-9.276805176935373,0.4798802815273745,0.7707419233268438,1.2506222048542184,-0.1199904761580574,-9.751767021095606,0.05860601651751587,-8.513962839458463
-0.15038135081625387,-9.262154038603173,0.484321411349646,0.777314339232344,1.26163575058199,-0.22313499604453155,-9.740979828006491,-0.033615277176407096,-8.493659883763366
-0.2491893748333777,-9.24676161710759,0.49645328225754864,0.7809163594181118,1.2773696416756604,-0.32744627676806654,-9.73700820686001,-0.12609247231622742,-8.475608251688284
-0.347879035463598,-9.230627709291253,0.5136708528455665,0.7822964349810856,1.295967287826652,-0.4326590750079163,-9.737253892939469,-0.21876365213990853,-8.459059870424642
-0.4464446068776283,-9.213752280713823,0.5317371602902671,0.7818259551171164,1.3135631154073835,-0.538149168802345,-9.737521963833945,-0.3116098553205833,-8.443640981051663
-0.544953327570671,-9.196547706359473,0.5470946857664062,0.7763256791297398,1.323420364896146,-0.6370409211494987,-9.735836562449327,-0.4142804675108809,-8.43129862029661
-0.6436004097455813,-9.18015607434743,0.5585532095048317,0.7585270305217127,1.3170802400265442,-0.732702372512464,-9.731556589471634,-0.5225970818591916,-8.431342712639383
-0.7423890721899807,-9.164640469813696,0.5675675861266247,0.7316306397344527,1.2991982258610775,-0.8279784526292268,-9.725717490175098,-0.6320578667798145,-8.441376743285824
-0.8413102112467103,-9.149993164758914,0.5761781455058458,0.6925447336699461,1.2687228791757919,-0.9232172535094524,-9.720319818341162,-0.742859891799193,-8.464481864535017
-0.9403549382232501,-9.136206249258068,0.5872259039557205,0.6586901407648482,1.2459160447205688,-1.0188023220855227,-9.718168679524643,-0.8523599713877155,-8.483420229683178
-1.0394042531517431,-9.12249453801443,0.6120831350523245,0.6321845531742173,1.2442676882265418,-1.1428194730475572,-9.725778100287913,-0.9325961405525696,-8.499397967364995
-1.1367093098997634,-9.099703508785026,0.6529071496559595,0.6051973693656697,1.2581045190216291,-1.3242893301955483,-9.725084578260033,-0.9628424842207283,-8.520018954207778
-1.2304466949054969,-9.065060101591438,0.7183161622162969,0.5901027227086015,1.3084188849248983,-1.521161548443312,-9.721918520760772,-0.9916383153724312,-8.525438214328796
-1.3191514859411673,-9.019031189218083,0.7951744834676682,0.5547818813202621,1.3499563647879302,-1.7278638537854412,-9.701128440003629,-1.0340268435706619,-8.543124818012211
-1.4026594669967356,-8.964047195993349,0.8678018944701171,0.5186848275694028,1.3864867220395198,-1.8917399560673536,-9.680901716280673,-1.110338361098809,-8.535582119940102
-1.4849149928381913,-8.907179804398089,0.9277930093799305,0.48890541647066704,1.4166984258505975,-2.017246529259612,-9.667063350466483,-1.204400712668551,-8.506754724170507
-1.5664601175212198,-8.849298328697898,1.0000493642868518,0.46295136298867706,1.4630007272755288,-2.1503538608637665,-9.661189224998605,-1.2961591097458436,-8.473450846747188
-1.6472808336768687,-8.790409583434686,1.0949901641486912,0.44975562476408876,1.54474578891278,-2.2975845258314638,-9.67137982558392,-1.3801757045014458,-8.428560205965114
-1.7261288074198744,-8.728945891485356,1.1864793777351537,0.44654808051900546,1.633027458254159,-2.49641387413562,-9.631383828290717,-1.4362228271312196,-8.389299441764352
-1.798853805951994,-8.66036870649516,1.2590948349989108,0.4473013869559537,1.7063962219548645,-2.7072477275962927,-9.532228951397189,-1.4761425489104731,-8.350633375363238
-1.8643828508132414,-8.584885764227884,1.252645404640095,0.4499736118709951,1.7026190165110902,-2.8500445744015246,-9.357926174826789,-1.5103144585819055,-8.307195604152044
-1.9221451254520268,-8.503303429401749,1.1430434562140301,0.4526909849444923,1.5957344411585224,-2.885856008702708,-9.117965675109021,-1.5404760663766106,-8.259874061423066
-1.9721379836528166,-8.416729982641716,1.0495624376263664,0.4587254536015111,1.5082878912278774,-2.901296908741036,-8.904833457742134,-1.5660355676229412,-8.203399559409092
-2.0151101934697153,-8.326462930060206,0.9776422659739794,0.4703212708464942,1.4479635368204735,-2.913780633772869,-8.711399080537234,-1.5827780158059743,-8.141284675485894
-2.0507734101721273,-8.233067234587285,0.8947892968762607,0.4834777921444306,1.3782670890206914,-2.8987667287474905,-8.518645975840649,-1.59257785388615,-8.0787700936655
-2.0788569690659395,-8.137120372222611,0.8300766691914109,0.5104790449441234,1.3405557141355344,-2.884390971268215,-8.337475676699162,-1.5834680957511071,-8.013918426122213
-2.0988818769554904,-8.039176567174222,0.7839413144057427,0.5390667395384642,1.3230080539442068,-2.872878655499142,-8.163647331758733,-1.5666525701255374,-7.953590852081468
-2.1105763204103636,-7.93989293910594,0.7638752472834931,0.5628290258820215,1.3267042731655145,-2.872291348855112,-7.997300332826905,-1.549338550868749,-7.8976001688578386
-2.113954237464251,-7.839978788872124,0.7601131850847749,0.5907820260294996,1.3508952111142745,-2.874047938202651,-7.83453634112091,-1.5231874064629294,-7.8442159657832535
-2.1094355566436853,-7.740103243663763,0.7740562842944171,0.613231684918502,1.387287969212919,-2.881016694878909,-7.678251175183266,-1.498164805600349,-7.789104961051018
-2.098054270404814,-7.640773124235526,0.7955166147478149,0.6298904287168674,1.4254070434646824,-2.8848103610527134,-7.5230380905019025,-1.4751000923508828,-7.733993530983566
-2.079808818720444,-7.542472943846382,0.8301867979896447,0.6371287988238814,1.467315596813526,-2.8902204199778048,-7.362353105672515,-1.4578555701687461,-7.680701967234206
-2.0546792774863745,-7.445703864735512,0.8724096207803398,0.6388370470073943,1.511246667787734,-2.8907927470390873,-7.1966801460607215,-1.4424194055832997,-7.628051395254459
-2.022782979516607,-7.35094930914049,0.9093215142167362,0.6380183888610556,1.5473399030777917,-2.8738803080418207,-7.030794731483599,-1.4256155361105163,-7.5755790245850205
-1.9863659620191683,-7.257818682561983,0.9464444156869319,0.6436154964522689,1.5900599121392007,-2.87161919466568,-6.923029575699351,-1.3843629338952996,-7.485487875478357
-1.9527049974021364,-7.163660247769695,0.9756033225739612,0.6696988441586761,1.6453021667326373,-2.877212303436695,-6.852070639300356,-1.3180805625921357,-7.377548930522088
-1.922504832422384,-7.068335440253649,0.9929613105765819,0.7313262995859855,1.7242876101625675,-2.874418806011131,-6.785789955086313,-1.2214086867476999,-7.276427609703229
-1.8958043264549007,-6.971971761257198,1.0087700392638392,0.8311068902025402,1.8398769294663795,-2.8726922143366744,-6.720362845226277,-1.0909628185212086,-7.179260955498378
-1.87303675052413,-6.874610043058877,1.017522937462929,0.8906034243716797,1.9081263618346087,-2.87015650462073,-6.671866056086329,-1.0002913807962188,-7.052064203678046
-1.8562785089509866,-6.776042052754364,1.0239298927155345,0.8953685748840516,1.919298467599586,-2.8707420477305834,-6.637131456746632,-0.9691881001609882,-6.8975142369065034
-1.8459365203122433,-6.676596175372675,1.0281328314523355,0.8848100075517378,1.9129428390040732,-2.8714664440931448,-6.603483286357572,-0.9633666835539516,-6.739518609433578
-1.8420528240550627,-6.576689234096133,1.031146590434408,0.8822373061624748,1.9133838965968826,-2.8731764463135625,-6.569806895466325,-0.9598351686457387,-6.582577601348235
-1.8438766262293838,-6.476712288140027,1.0324155077455668,0.8871102818441524,1.919525789589719,-2.876028984029067,-6.5000208900305525,-0.9569924523040875,-6.456684452648984
-1.8449902620048853,-6.376720703409376,1.0332041236551754,0.8953019407492793,1.9285060644044547,-2.878194329015858,-6.376378577636065,-0.9496883704485005,-6.3770174945572125
-1.843807086629839,-6.2767299345912795,1.0358862214210842,0.9045745045846846,1.9404607260057687,-2.879410872683325,-6.252541878825328,-0.9394792178128873,-6.2978519616156365
-1.8403184182498284,-6.17679305183428,1.0459274518057498,0.9102126254801711,1.9561400772859208,-2.885117791102563,-6.128228610857354,-0.9310874881833753,-6.219055794220438
-1.8345204611289805,-6.076963528146174,1.0620820339694241,0.9150576055809971,1.9771396395504213,-2.8940323602303684,-6.00312056948931,-0.9216772157668619,-6.1405845225456845
-1.8264247305079524,-5.977293919640108,1.081236580681269,0.9166551339153433,1.9978917145966122,-2.90326695898829,-5.879911383398631,-0.9134950815950855,-6.059853538517532
-1.8179980338320316,-5.877650208530534,1.0971644993143816,0.9155112236844585,2.01267572299884,-2.9117966667487387,-5.791775362473494,-0.9052954053244416,-5.9493071175313474
-1.8107714213497506,-5.777912280424437,1.0998362844113658,0.9117495710535153,2.0115858554648813,-2.908190723465223,-5.705037539586559,-0.901025495304873,-5.838324451060967
-1.8047465569562506,-5.678094550636781,1.0938888146467574,0.906674134888278,2.0005629495350354,-2.8970253221732674,-5.6187663291458465,-0.8994069228472793,-5.727269074394934
-1.7999244083893504,-5.578211493527472,1.0875284499536517,0.9024428045257307,1.9899712544793824,-2.886483771815546,-5.532310739618048,-0.8982857628125566,-5.616300445241988
-1.7963052452967745,-5.478277615222833,1.0814836952307219,0.8977234054023363,1.979207100633058,-2.877296388157497,-5.445641253499048,-0.8989907027840665,-5.505368654375603
-1.7938886392772944,-5.378307426264488,1.0803669204551305,0.8939222430570309,1.9742891635121613,-2.8740774769256583,-5.3586921813366635,-0.9001137475666214,-5.394537632045328
-1.7926734658929746,-5.278315414314483,1.0822912891942207,0.8917682320593129,1.9740595212535337,-2.874944291132443,-5.2716599277682015,-0.9009220956076242,-5.283799327551613
-1.7926579086373893,-5.178316017044965,1.0853275479402618,0.8921635722400256,1.9774911201802874,-2.8779669759572233,-5.184649634603123,-0.9005095278455525,-5.173109647620185
-1.7938394648324743,-5.078323595338556,1.0903968553876868,0.8958719479242593,1.9862688033119462,-2.884063711404593,-5.097724482576311,-0.8981093328585961,-5.062383778787996
-1.7962314601800518,-4.97835288123832,1.0939834589565465,0.9037494953084297,1.9977329542649762,-2.889698831162095,-5.01195224236541,-0.8929083120098389,-4.950596075764758
-1.8000506195094548,-4.878426770325137,1.096104318307583,0.9149743796099934,2.0110786979175765,-2.8950108307094453,-4.928494848992121,-0.8860312872264582,-4.836632326248951
-1.8053673324627717,-4.778569141586129,1.0949323490945817,0.9285320195918386,2.02346436868642,-2.8982832786192194,-4.844988895656251,-0.8785452789683392,-4.722243369832322
-1.8121826669873584,-4.678802590698284,1.0897201336702722,0.9434191242086151,2.0331392578788874,-2.898780305964653,-4.761237660270187,-0.8714668272593852,-4.607434861244108
-1.8204964776538255,-4.579149723123321,1.0766902144776451,0.9580648460087026,2.0347550604863476,-2.8927561788345457,-4.6767250846432775,-0.8663740130928568,-4.4923247740719
-1.8303071053152768,-4.4796330667317426,1.0622692551578738,0.9724074316989263,2.0346766868568,-2.886639180811291,-4.591787053428369,-0.8633346086647942,-4.3769665973036265
-1.841611466361359,-4.380275003949825,1.0497492276988192,0.9870810966092468,2.036830324308066,-2.8837118609471504,-4.506766935148637,-0.8617226184353298,-4.261334106889509
-1.854405254191965,-4.281097726775611,1.0347889978596894,1.0018885681843983,2.0366775660440877,-2.8796697967742486,-4.421172306250264,-0.861738355792893,-4.145476445697195
-1.8686828354979093,-4.1821231631544995,1.0246128196626263,1.0173585958081472,2.0419714154707735,-2.881676675779992,-4.335989695472466,-0.8628609995235379,-4.029345721292587
-1.8835260957041802,-4.083234280882925,1.0210886235226109,1.0262058002088394,2.0472944237314503,-2.8961187407679425,-4.214680514187929,-0.8658587227290239,-3.951130297732877
-1.893491337998106,-3.983746516315153,1.0240303101419648,1.0332132983443705,2.0572436084863353,-2.914983529335486,-4.055800517773824,-0.8628389289046569,-3.9110462308582
-1.8975738117809768,-3.883844515656707,1.0274205411820998,1.034351200982196,2.0617717421642956,-2.924929984226654,-3.8953450974109773,-0.8632874143474488,-3.872266300885626
-1.8957333097527185,-3.7838759706172373,1.0271221239396113,1.0333874132734724,2.0605095372130835,-2.9216735391685664,-3.7346164217726194,-0.8635350001610522,-3.8334359906751927
-1.8880116377968748,-3.684188714159159,1.0335266998032717,1.029353743331306,2.0628804431345777,-2.9156850504851874,-3.5743488486284734,-0.8644875471362868,-3.7935850794899526
-1.8747735787953417,-3.5850779173573084,1.045387867275991,1.0233672545589183,2.0687551218349096,-2.9091808136881867,-3.433957219075493,-0.8621556873072899,-3.7330155513175334
-1.8610432905574676,-3.4860259101338746,1.069014156539208,1.0152621023113964,2.084276258850604,-2.920980629148689,-3.347014741009257,-0.8544016276763606,-3.618047495269472
-1.8487701346592789,-3.3867828354586407,1.092263515626415,1.0077440241559257,2.100007539782341,-2.933734373781444,-3.260718616131199,-0.8477606483112541,-3.5030928800087238
-1.8379633566664848,-3.2873694077118536,1.105986895092667,0.9993112085630482,2.1052981036557155,-2.9383272985121405,-3.1759862509842374,-0.8437327847997356,-3.388009665686766
-1.8286309847940152,-3.187806758058936,1.1117092896126752,0.9917431002605529,2.1034523898732282,-2.9362283796381057,-3.0922789843713696,-0.8405560826227448,-3.273026266468969
-1.8207797966581896,-3.0881163778058824,1.1139753020076337,0.9854200593360593,2.099395361343693,-2.9319368772728476,-3.00892726439432,-0.8378527382130688,-3.1581670103391053
-1.814420661272865,-2.988319754123295,1.1129258049610447,0.977745513224979,2.0906713181860237,-2.9256269830869606,-2.9264783625754176,-0.8381857888107612,-3.042649878552358
-1.8098092265224703,-2.888427652249607,1.1109590232516422,0.965078812758924,2.076037836010566,-2.9200217708583343,-2.847708397055902,-0.8453788972974281,-2.923800733922698
-1.807091595231989,-2.7884661050395625,1.108422749046962,0.9496777121517309,2.058100461198693,-2.9153407985692956,-2.7688524896907807,-0.8575625829705029,-2.805271218293345
-1.8062706949543033,-2.688470993324957,1.1075711309516472,0.9319614240968327,2.03953255504848,-2.913840921689072,-2.6898862559166328,-0.8743100311284483,-2.687280579166707
-1.8073467283224243,-2.5884782993401694,1.1073574448649321,0.9151104067928245,2.0224678516577566,-2.9144773545378757,-2.610890063964444,-0.8924237536893512,-2.5699578482361076
-1.8103171723228595,-2.4885239387805744,1.107679053964258,0.9019440329196992,2.0096230868839573,-2.9171465407975155,-2.5319017634511125,-0.9090649972983881,-2.4532031866211
-1.8144572956109455,-2.3886099386098114,1.1081121354642454,0.8961574059061144,2.00426954137036,-2.9218144390661647,-2.429508124410986,-0.9189104731702611,-2.3555344948974515
-1.8175349762314712,-2.2886579459199026,1.1078290911670468,0.8949147493898998,2.0027438405569464,-2.925027557631088,-2.315961377587328,-0.9228920625189493,-2.266601980297058
-1.819386490592851,-2.1886757229552862,1.1052608062808493,0.896149990198241,2.0014107964790906,-2.924562512110546,-2.2023655499415145,-0.9233052427035071,-2.177576078213956
-1.820012420740689,-2.088678316088425,1.1017190801983632,0.8975731315911888,1.999292211789552,-2.921731490799599,-2.088827787349092,-0.9224392973961427,-2.088556644688015
-1.8194140849115579,-1.9886807390674768,1.0958592087793426,0.8971258633257605,1.9929850721051032,-2.9151930973708042,-1.9754232385366255,-0.9223538751732515,-1.9995340681538405
-1.817593533131596,-1.8886979438325293,1.0910961047392884,0.8929616603358632,1.9840577650751516,-2.9083672558035296,-1.8621763355543726,-0.9248957095385151,-1.9104033022022522
-1.8143893236544204,-1.7887507779731404,1.0887839645114297,0.8848578343399635,1.9736417988513932,-2.9021831928181223,-1.7423285894520344,-0.9303361232617954,-1.8264777692177037
-1.8089334434467816,-1.6889021470911805,1.0894515256971018,0.8736355536456543,1.9630870793427562,-2.8959735475264576,-1.616456036317793,-0.937231579678819,-1.7469963920489129
-1.8010872771121498,-1.5892128860949362,1.0954646738546832,0.8631846055082122,1.9586492793628953,-2.8920631389286187,-1.4901446237837372,-0.9414395805631611,-1.6672737662103039
-1.7908459465514373,-1.4897411641866203,1.1035913519418217,0.8480371728256091,1.9516285247674308,-2.887192840300252,-1.3634979043740534,-0.9483755088047985,-1.5867494525801322
-1.7782101188797599,-1.3905451802030557,1.1190965279982106,0.83601008756756,1.9551066155657706,-2.8865499916483213,-1.2357557574086697,-0.9502354768094308,-1.5061776090594534
-1.7632839127678013,-1.2916670949657827,1.1352860072072923,0.8210308299135037,1.956316837120796,-2.884721256534502,-1.1148830397849967,-0.9522683291052159,-1.4195160164508411
-1.7476047845546,-1.1929039390809852,1.1515608802523296,0.8068348905961191,1.9583957708484487,-2.8847270670922738,-1.0111200688288873,-0.9508862032281471,-1.320269722760966
-1.731713322447289,-1.094174725704345,1.1678541940144218,0.7965882294499532,1.9644424234643751,-2.8845288427996514,-0.9073598587590537,-0.9453829011614792,-1.221600295582185
-1.71561305686601,-0.9954793473670694,1.1861933016567587,0.7900789497817409,1.9762722514384996,-2.8861307729289365,-0.8032741828209725,-0.9359750096120114,-1.1234999010379176
-1.6993069138866612,-0.8968177745104959,1.2116778324650068,0.7853630329440704,1.9970408654090772,-2.894338873750167,-0.6966633726306349,-0.9247325314757108,-1.0265467983556005
-1.6780731988801418,-0.7991498386344896,1.256900610812936,0.7809461631658889,2.037846773978825,-2.8894313722943417,-0.46387305571544385,-0.9254209470264776,-1.0074560976454265
-1.6458273097873077,-0.7045533525508797,1.325492394360955,0.7728226272257566,2.0983150215867115,-2.8728821465203835,-0.20328843740251032,-0.9303934943025169,-0.9968019946572119
-1.6025401782104112,-0.6144758493262347,1.442347882750534,0.77002294624786,2.2123708289983943,-2.862670753414193,0.08726366667064488,-0.9297859764541827,-0.9890918150398901
-1.5488331440628498,-0.5301918862721663,1.5666159704959284,0.7577310222816103,2.3243469927775386,-2.818595013980835,0.3874084584941603,-0.9346752930203552,-0.9740008948905124
-1.4858450591545767,-0.4525897792829496,1.6171253114528532,0.7330699439084185,2.350195255361272,-2.6839553886050096,0.6335160679555517,-0.9427143977881441,-0.9449317613904613
-1.4156914018254616,-0.3813552047884266,1.573334662552537,0.7064222693421778,2.279756931894715,-2.5017540188666367,0.7569988492101434,-0.9280523357518288,-0.8924721814790737
-1.3413673664124288,-0.3144742145568771,1.4346414301630437,0.6761819135961552,2.110823343759199,-2.2690794265280303,0.7798504021160415,-0.9041141417148012,-0.8302567246966492
-1.2631912400136227,-0.25214064463737323,1.321416482111019,0.650082914062311,1.97149939617333,-2.055415964228123,0.8054611261336102,-0.8734487915944418,-0.7724373091048365
-1.1813727472618205,-0.1946724863309571,1.235941066090048,0.6347729908708746,1.8707140569609226,-1.860428480256827,0.8380102482658884,-0.8326180236937482,-0.7250562084870135
-1.0961776293736802,-0.14234111194321797,1.1474356103489909,0.6239059173409441,1.771341527689935,-1.6655192515624508,0.8538810505990637,-0.7866080163508,-0.6840285203125738
-1.0076581184595752,-0.09586579986299677,1.061308571243718,0.6087522278626737,1.6700607991063916,-1.466904834502355,0.8609352960808282,-0.7442433389686162,-0.6446753559692093
-0.9160167901514782,-0.055897889267433734,0.98405517864074,0.5956382048135146,1.5796933834542546,-1.2764457880518936,0.8597742857396268,-0.6978577205140759,-0.6101464719164194
-0.8217231709568452,-0.022666447123222796,0.9273412863719963,0.5769227605859409,1.5042640469579371,-1.0982820994303195,0.8624759258833307,-0.6496683888887352,-0.5733360610021784
-0.7256585188528425,0.005099117308366152,0.884331289497142,0.5633735570528552,1.447704846549997,-0.9643682852777188,0.8566033609836746,-0.5735858817754762,-0.5373616442575947
-0.6292431399689238,0.031632071898757795,0.8411128088399397,0.5579155987325525,1.3990284075724921,-0.8485398055950624,0.8436540726104814,-0.4837827094667041,-0.5069875327084375
-0.5325784302764814,0.05724176578578985,0.7973661380699926,0.5500190235592576,1.34738516162925,-0.7330901288040941,0.8289851278526276,-0.39426678409991944,-0.4751028733428564
-0.4356727457381283,0.08192395488128788,0.766128509650763,0.5350985516839404,1.3012270613347034,-0.6212078602725504,0.8252473128987782,-0.3060872751316452,-0.4372466007379102
-0.3385345808376596,0.10567471856462757,0.7371277258495996,0.5275853206552473,1.264713046504847,-0.510167044607801,0.8225426154580466,-0.21569237573991157,-0.40741013135556153
-0.24117255895843892,0.12849046563004515,0.706456336256376,0.5258535048864561,1.2323098411428322,-0.3990452754660588,0.8170808812032555,-0.12365936734539987,-0.38406446644873926
-0.14359542245811924,0.15036793967507164,0.6844589004401779,0.5233359945220857,1.2077948949622637,-0.2901198588220414,0.8189594262646126,-0.03156300116597158,-0.36083583548884407
-0.045812022467831046,0.1713042239108355,0.6682403684152378,0.5093999384855441,1.177640306900782,-0.18256611475210058,0.8254016999977244,0.05843595802615521,-0.32731452412417533
0.0521686915547187,0.19129674537717045,0.6604600278519638,0.46022910226962505,1.1206891301215889,-0.07675236694613277,0.8390519530484302,0.1420053557043885,-0.26007915157609446
0.15033768248736276,0.2103432785477199,0.6567627378377489,0.4663142663638114,1.1230770042015603,0.028357938288681512,0.8556790328782543,0.23694513388195873,-0.2478577083317852
