2.36160350,0.17754260
2.36919808,0.17294264
2.37667394,0.16819371
2.38403273,0.16329750
2.39127517,0.15825568
2.39840245,0.15306990
2.40541553,0.14774182
2.41231561,0.14227313
2.41910386,0.13666549
2.42578101,0.13092056
2.43234849,0.12504001
2.43880749,0.11902550
2.44515872,0.11287871
2.45140338,0.10660131
2.45754266,0.10019494
2.46357751,0.09366129
2.46950912,0.08700203
2.47533870,0.08021881
2.48106694,0.07331331
2.48669529,0.06628720
2.49222445,0.05914213
2.49765611,0.05187977
2.50299072,0.04450181
2.50822973,0.03700989
2.51337409,0.02940569
2.51842499,0.02169087
2.52338338,0.01386710
2.52825046,0.00593605
2.53302717,-0.00210061
2.53771472,-0.01024122
2.54231405,-0.01848412
2.54682636,-0.02682762
2.55125284,-0.03527008
2.55559444,-0.04380982
2.55985212,-0.05244517
2.56402731,-0.06117447
2.56812072,-0.06999604
2.57213378,-0.07890823
2.57606721,-0.08790937
2.57992220,-0.09699778
2.58369994,-0.10617182
2.58740163,-0.11542979
2.59102798,-0.12477004
2.59458041,-0.13419090
2.59805989,-0.14369071
2.60146737,-0.15326780
2.60480428,-0.16292049
2.60807133,-0.17264713
2.61126971,-0.18244605
2.61440063,-0.19231558
2.61746502,-0.20225406
2.62046409,-0.21225980
2.62339878,-0.22233115
2.62627029,-0.23246646
2.62907982,-0.24266402
2.63182807,-0.25292221
2.63451648,-0.26323932
2.63714600,-0.27361372
2.63971782,-0.28404373
2.64223266,-0.29452768
2.64469218,-0.30506390
2.64709687,-0.31565073
2.64944816,-0.32628649
2.65174723,-0.33696955
2.65399480,-0.34769821
2.65619206,-0.35847080
2.65834045,-0.36928564
2.66044068,-0.38014111
2.66249394,-0.39103553
2.66450119,-0.40196720
2.66646385,-0.41293448
2.66838264,-0.42393571
2.67025876,-0.43496919
2.67209339,-0.44603327
2.67388749,-0.45712632
2.67564225,-0.46824661
2.67735863,-0.47939253
2.67903805,-0.49056235
2.68068099,-0.50175446
2.68228889,-0.51296717
2.68386292,-0.52419883
2.68540406,-0.53544778
2.68691349,-0.54671228
2.68839192,-0.55799073
2.68984103,-0.56928146
2.69126129,-0.58058280
2.69265413,-0.59189302
2.69402075,-0.60321057
2.69536185,-0.61453366
2.69667864,-0.62586075
2.69797254,-0.63719010
2.69924426,-0.64851999
2.70049500,-0.65984887
2.70172572,-0.67117500
2.70293760,-0.68249673
2.70413184,-0.69381237
2.70530963,-0.70512027
2.70647144,-0.71641880
2.70761919,-0.72770625
2.70875311,-0.73898095
2.70987511,-0.75024128
2.71098566,-0.76148552
2.71208596,-0.77271205
2.71317720,-0.78391916
2.71426058,-0.79510516
2.71533704,-0.80626845
2.71640754,-0.81740737
2.71747351,-0.82852018
2.71853566,-0.83960527
2.71959519,-0.85066092
2.72065330,-0.86168551
2.72171092,-0.87267739
2.72276878,-0.88363570
2.72382617,-0.89456064
2.72488284,-0.90545273
2.72593832,-0.91631234
2.72699189,-0.92713988
2.72804332,-0.93793577
2.72909212,-0.94870049
2.73013759,-0.95943433
2.73117948,-0.97013777
2.73221731,-0.98081124
2.73325062,-0.99145508
2.73427892,-1.00206983
2.73530173,-1.01265574
2.73631835,-1.02321339
2.73732853,-1.03374302
2.73833203,-1.04424524
2.73932791,-1.05472028
2.74031591,-1.06516862
2.74129558,-1.07559073
2.74226642,-1.08598709
2.74322796,-1.09635782
2.74417973,-1.10670364
2.74512124,-1.11702478
2.74605203,-1.12732172
2.74697185,-1.13759482
2.74787974,-1.14784455
2.74877548,-1.15807140
2.74965882,-1.16827559
2.75052905,-1.17845774
2.75138569,-1.18861806
2.75222826,-1.19875705
2.75305629,-1.20887530
2.75386953,-1.21897292
2.75466704,-1.22905052
2.75544882,-1.23910844
2.75621438,-1.24914706
2.75696278,-1.25916684
2.75769401,-1.26916826
2.75840735,-1.27915168
2.75910258,-1.28911746
2.75977898,-1.29906607
2.76043606,-1.30899799
2.76107359,-1.31891346
2.76169086,-1.32881296
2.76228762,-1.33869696
2.76286316,-1.34856594
2.76341724,-1.35842013
2.76394916,-1.36826003
2.76445842,-1.37808609
2.76494503,-1.38789856
2.76540780,-1.39769816
2.76584697,-1.40748501
2.76626134,-1.41725957
2.76665115,-1.42702246
2.76701546,-1.43677390
2.76735401,-1.44651437
2.76766610,-1.45624423
2.76795149,-1.46596396
2.76820970,-1.47567391
2.76844025,-1.48537457
2.76864243,-1.49506629
2.76881599,-1.50474954
2.76896048,-1.51442468
2.76907539,-1.52409208
2.76916003,-1.53375232
2.76921415,-1.54340565
2.76923728,-1.55305254
2.76922917,-1.56269336
2.76918864,-1.57232857
2.76911592,-1.58195865
2.76901031,-1.59158397
2.76887131,-1.60120475
2.76869822,-1.61082172
2.76849103,-1.62043512
2.76824880,-1.63004541
2.76797152,-1.63965285
2.76765847,-1.64925814
2.76730919,-1.65886140
2.76692295,-1.66846323
2.76649976,-1.67806399
2.76603889,-1.68766415
2.76553988,-1.69726408
2.76500249,-1.70686412
2.76442575,-1.71646476
2.76380968,-1.72606635
2.76315355,-1.73566937
2.76245689,-1.74527431
2.76171923,-1.75488138
2.76094031,-1.76449120
2.76011944,-1.77410400
2.75925612,-1.78372025
2.75834990,-1.79334044
2.75740051,-1.80296493
2.75640726,-1.81259418
2.75536990,-1.82222855
2.75428772,-1.83186841
2.75316024,-1.84151423
2.75198770,-1.85116589
2.75077009,-1.86082304
2.74950767,-1.87048542
2.74820042,-1.88015294
2.74684882,-1.88982522
2.74545240,-1.89950192
2.74401188,-1.90918279
2.74252725,-1.91886771
2.74099851,-1.92855632
2.73942590,-1.93824828
2.73780942,-1.94794333
2.73614955,-1.95764136
2.73444605,-1.96734190
2.73269939,-1.97704494
2.73090959,-1.98674989
2.72907686,-1.99645674
2.72720122,-2.00616503
2.72528291,-2.01587462
2.72332191,-2.02558517
2.72131848,-2.03529644
2.71927285,-2.04500818
2.71718502,-2.05472016
2.71505547,-2.06443214
2.71288371,-2.07414365
2.71067047,-2.08385468
2.70841575,-2.09356475
2.70611954,-2.10327363
2.70378184,-2.11298108
2.70140338,-2.12268686
2.69898391,-2.13239050
2.69652343,-2.14209223
2.69402242,-2.15179133
2.69148088,-2.16148758
2.68889880,-2.17118096
2.68627667,-2.18087101
2.68361425,-2.19055748
2.68091202,-2.20023990
2.67816997,-2.20991850
2.67538834,-2.21959257
2.67256713,-2.22926211
2.66970658,-2.23892665
2.66680670,-2.24858618
2.66386771,-2.25823998
2.66088986,-2.26788831
2.65787339,-2.27753043
2.65481806,-2.28716660
2.65172434,-2.29679608
2.64859223,-2.30641866
2.64542198,-2.31603432
2.64221358,-2.32564259
2.63896751,-2.33524346
2.63568330,-2.34483624
2.63236165,-2.35442090
2.62900257,-2.36399722
2.62560606,-2.37356496
2.62217259,-2.38312364
2.61870193,-2.39267325
2.61519432,-2.40221310
2.61164999,-2.41174340
2.60806894,-2.42126369
2.60445166,-2.43077374
2.60079789,-2.44027328
2.59710813,-2.44976187
2.59338212,-2.45923948
2.58962035,-2.46870565
2.58582282,-2.47816038
2.58198977,-2.48760295
2.57812119,-2.49703360
2.57421732,-2.50645185
2.57027841,-2.51585722
2.56630445,-2.52524972
2.56229568,-2.53462887
2.55825210,-2.54399467
2.55417395,-2.55334663
2.55006123,-2.56268454
2.54591441,-2.57200813
2.54173350,-2.58131719
2.53751850,-2.59061146
2.53326988,-2.59989071
2.52898717,-2.60915446
2.52467132,-2.61840248
2.52032185,-2.62763453
2.51593900,-2.63685060
2.51152325,-2.64605021
2.50707436,-2.65523291
2.50259280,-2.66439891
2.49807858,-2.67354751
2.49353170,-2.68267846
2.48895240,-2.69179177
2.48434091,-2.70088696
2.47969747,-2.70996380
2.47502184,-2.71902204
2.47031450,-2.72806144
2.46557546,-2.73708177
2.46080518,-2.74608278
2.45600319,-2.75506401
2.45116997,-2.76402521
2.44630599,-2.77296615
2.44141078,-2.78188682
2.43648481,-2.79078650
2.43152833,-2.79966545
2.42654133,-2.80852294
2.42152381,-2.81735897
2.41647625,-2.82617307
2.41139865,-2.83496523
2.40629101,-2.84373498
2.40115356,-2.85248208
2.39598656,-2.86120629
2.39079022,-2.86990738
2.38556457,-2.87858534
2.38031006,-2.88724041
2.37502718,-2.89587307
2.36971617,-2.90448356
2.36437750,-2.91307211
2.35901165,-2.92163873
2.35361862,-2.93018389
2.34819913,-2.93870783
2.34275341,-2.94721103
2.33728194,-2.95569348
2.33178496,-2.96415544
2.32626271,-2.97259736
2.32071590,-2.98101950
2.31514478,-2.98942208
2.30954957,-2.99780512
2.30393100,-3.00616932
2.29828882,-3.01451468
2.29262400,-3.02284145
2.28693676,-3.03114986
2.28122735,-3.03944063
2.27549601,-3.04771328
2.26974344,-3.05596876
2.26396990,-3.06420708
2.25817561,-3.07242823
2.25236130,-3.08063293
2.24652696,-3.08882117
2.24067307,-3.09699345
2.23480010,-3.10514975
2.22890830,-3.11329055
2.22299814,-3.12141585
2.21706986,-3.12952638
2.21112418,-3.13762212
2.20516086,-3.14570308
2.19918084,-3.15376997
2.19318438,-3.16182303
2.18717170,-3.16986203
2.18114305,-3.17788792
2.17509913,-3.18590045
2.16903996,-3.19390035
2.16296649,-3.20188737
2.15687847,-3.20986199
2.15077639,-3.21782470
2.14466095,-3.22577548
2.13853216,-3.23371458
2.13239074,-3.24164248
2.12623668,-3.24955940
2.12007070,-3.25746560
2.11389303,-3.26536131
2.10770392,-3.27324677
2.10150385,-3.28112221
2.09529328,-3.28898787
2.08907247,-3.29684424
2.08284187,-3.30469155
2.07660151,-3.31252980
2.07035232,-3.32035947
2.06409431,-3.32818079
2.05782795,-3.33599401
2.05155373,-3.34379959
2.04527187,-3.35159731
2.03898263,-3.35938787
2.03268647,-3.36717153
2.02638388,-3.37494850
2.02007532,-3.38271880
2.01376081,-3.39048290
2.00744104,-3.39824104
2.00111628,-3.40599370
1.99478674,-3.41374063
1.98845303,-3.42148280
1.98211551,-3.42921972
1.97577429,-3.43695235
1.96942997,-3.44468045
1.96308291,-3.45240450
1.95673347,-3.46012473
1.95038199,-3.46784163
1.94402874,-3.47555494
1.93767428,-3.48326540
1.93131888,-3.49097323
1.92496300,-3.49867845
1.91860688,-3.50638151
1.91225100,-3.51408267
1.90589559,-3.52178216
1.89954126,-3.52948022
1.89318812,-3.53717732
1.88683665,-3.54487324
1.88048732,-3.55256891
1.87414038,-3.56026387
1.86779630,-3.56795907
1.86145532,-3.57565451
1.85511792,-3.58335018
1.84878445,-3.59104681
1.84245515,-3.59874439
1.83613062,-3.60644317
1.82981110,-3.61414361
1.82349706,-3.62184572
1.81718862,-3.62954998
1.81088650,-3.63725662
1.80459082,-3.64496589
1.79830194,-3.65267801
1.79202044,-3.66039324
1.78574657,-3.66811204
1.77948070,-3.67583442
1.77322316,-3.68356061
1.76697445,-3.69129109
1.76073480,-3.69902635
1.75450456,-3.70676613
1.74828434,-3.71451092
1.74207425,-3.72226095
1.73587489,-3.73001671
1.72968638,-3.73777819
1.72350931,-3.74554586
1.71734393,-3.75331974
1.71119058,-3.76110029
1.70504975,-3.76888776
1.69892180,-3.77668238
1.69280708,-3.78448462
1.68670595,-3.79229426
1.68061864,-3.80011201
1.67454576,-3.80793810
1.66848755,-3.81577253
1.66244447,-3.82361579
1.65641677,-3.83146811
1.65040505,-3.83932996
1.64440989,-3.84720159
1.63843191,-3.85508394
1.63247192,-3.86297774
1.62653053,-3.87088323
1.62060845,-3.87880111
1.61470616,-3.88673210
1.60882449,-3.89467692
1.60296416,-3.90263581
1.59712565,-3.91060972
1.59130979,-3.91859913
1.58551717,-3.92660451
1.57974851,-3.93462658
1.57400441,-3.94266629
1.56828570,-3.95072365
1.56259274,-3.95879960
1.55692649,-3.96689463
1.55128753,-3.97500944
1.54567647,-3.98314476
1.54009402,-3.99130082
1.53454077,-3.99947858
1.52901757,-4.00767851
1.52352488,-4.01590109
1.51806355,-4.02414751
1.51263404,-4.03241730
1.50723732,-4.04071236
1.50187373,-4.04903221
1.49654412,-4.05737782
1.49124920,-4.06575012
1.48598945,-4.07414961
1.48076582,-4.08257627
1.47557867,-4.09103155
1.47042882,-4.09951544
1.46531701,-4.10802889
1.46024370,-4.11657286
1.45520973,-4.12514687
1.45021582,-4.13375235
1.44526243,-4.14238977
1.44035029,-4.15106010
1.43548024,-4.15976286
1.43065274,-4.16849995
1.42586851,-4.17727089
1.42112827,-4.18607712
1.41643274,-4.19491863
1.41178250,-4.20379686
1.40717816,-4.21271133
1.40262043,-4.22166348
1.39811003,-4.23065329
1.39364767,-4.23968172
1.38923395,-4.24874926
1.38486946,-4.25785685
1.38055503,-4.26700497
1.37629116,-4.27619410
1.37207866,-4.28542471
1.36791813,-4.29469728
1.36381030,-4.30401278
1.35975575,-4.31337214
1.35575509,-4.32277536
1.35180914,-4.33222294
1.34791863,-4.34171629
1.34408391,-4.35125542
1.34030604,-4.36084080
1.33658540,-4.37047338
1.33292270,-4.38015366
1.32931876,-4.38988209
1.32577407,-4.39965963
1.32228935,-4.40948677
1.31886542,-4.41936398
1.31550264,-4.42929220
1.31220198,-4.43927145
1.30896401,-4.44930267
1.30578935,-4.45938635
1.30267870,-4.46952343
1.29963267,-4.47971392
1.29665208,-4.48995924
1.29373801,-4.50025654
1.29089212,-4.51060390
1.28811598,-4.52099848
1.28541100,-4.53143692
1.28277886,-4.54191637
1.28022099,-4.55243492
1.27773893,-4.56298876
1.27533424,-4.57357502
1.27300847,-4.58419180
1.27076316,-4.59483528
1.26859987,-4.60550356
1.26652014,-4.61619282
1.26452541,-4.62690067
1.26261735,-4.63762426
1.26079750,-4.64836121
1.25906730,-4.65910769
1.25742829,-4.66986179
1.25588214,-4.68062019
1.25443017,-4.69138050
1.25307417,-4.70213890
1.25181556,-4.71289396
1.25065577,-4.72364140
1.24959660,-4.73437929
1.24863935,-4.74510479
1.24778569,-4.75581455
1.24703705,-4.76650620
1.24639511,-4.77717686
1.24586141,-4.78782368
1.24543726,-4.79844332
1.24512446,-4.80903387
1.24492443,-4.81959152
1.24483871,-4.83011389
1.24486887,-4.84059811
1.24501646,-4.85104179
1.24528289,-4.86144114
1.24566984,-4.87179422
1.24617887,-4.88209772
1.24681151,-4.89234924
1.24756908,-4.90254498
1.24845350,-4.91268301
1.24946594,-4.92276049
1.25060821,-4.93277407
1.25188160,-4.94272137
1.25328791,-4.95259905
1.25482857,-4.96240473
1.25650501,-4.97213554
1.25831890,-4.98178816
1.26027179,-4.99136019
1.26236522,-5.00084925
1.26460063,-5.01025152
1.26697958,-5.01956463
1.26950371,-5.02878571
1.27217448,-5.03791189
1.27499342,-5.04694033
1.27796209,-5.05586863
1.28108203,-5.06469345
1.28435481,-5.07341194
1.28778183,-5.08202124
1.29136491,-5.09051895
1.29510534,-5.09890223
1.29900467,-5.10716724
1.30306458,-5.11531258
1.30728662,-5.12333441
1.31167221,-5.13123035
1.31622279,-5.13899708
1.32093894,-5.14663363
1.32581878,-5.15414143
1.33086014,-5.16152143
1.33606100,-5.16877556
1.34141934,-5.17590523
1.34693289,-5.18291187
1.35259962,-5.18979692
1.35841763,-5.19656277
1.36438453,-5.20320988
1.37049854,-5.20974064
1.37675726,-5.21615601
1.38315892,-5.22245741
1.38970125,-5.22864723
1.39638209,-5.23472643
1.40319955,-5.24069643
1.41015148,-5.24655867
1.41723573,-5.25231552
1.42445028,-5.25796747
1.43179297,-5.26351690
1.43926179,-5.26896477
1.44685459,-5.27431297
1.45456934,-5.27956247
1.46240401,-5.28471565
1.47035635,-5.28977394
1.47842431,-5.29473829
1.48660588,-5.29961061
1.49489903,-5.30439234
1.50330150,-5.30908489
1.51181138,-5.31369019
1.52042639,-5.31820965
1.52914464,-5.32264471
1.53796387,-5.32699680
1.54688215,-5.33126783
1.55589724,-5.33545876
1.56500721,-5.33957148
1.57420993,-5.34360743
1.58350313,-5.34756851
1.59288502,-5.35145617
1.60235333,-5.35527134
1.61190605,-5.35901594
1.62154090,-5.36269188
1.63125610,-5.36630011
1.64104939,-5.36984253
1.65091872,-5.37332106
1.66086197,-5.37673616
1.67087710,-5.38009024
1.68096197,-5.38338423
1.69111443,-5.38662052
1.70133257,-5.38980007
1.71161425,-5.39292431
1.72195733,-5.39599466
1.73235977,-5.39901352
1.74281943,-5.40198183
1.75333428,-5.40490103
1.76390219,-5.40777254
1.77452111,-5.41059875
1.78518891,-5.41338015
1.79590356,-5.41611910
1.80666292,-5.41881657
1.81746495,-5.42147398
1.82830751,-5.42409372
1.83918846,-5.42667675
1.85010588,-5.42922449
1.86105764,-5.43173885
1.87204158,-5.43422127
1.88305569,-5.43667316
1.89409781,-5.43909597
1.90516591,-5.44149160
1.91625786,-5.44386148
1.92737150,-5.44620657
1.93850493,-5.44852924
1.94965601,-5.45083046
1.96082258,-5.45311213
1.97200251,-5.45537567
1.98319387,-5.45762253
1.99439454,-5.45985460
2.00560236,-5.46207285
2.01681519,-5.46427917
2.02803111,-5.46647501
2.03924799,-5.46866179
2.05046344,-5.47084141
2.06167603,-5.47301531
2.07288289,-5.47518492
2.08408260,-5.47735167
2.09527278,-5.47951698
2.10645127,-5.48168278
2.11761689,-5.48385000
2.12876916,-5.48601961
2.13990712,-5.48819208
2.15103030,-5.49036837
2.16213799,-5.49254942
2.17322946,-5.49473619
2.18430424,-5.49692917
2.19536114,-5.49912882
2.20640016,-5.50133657
2.21742034,-5.50355291
2.22842097,-5.50577879
2.23940134,-5.50801516
2.25036097,-5.51026249
2.26129913,-5.51252174
2.27221513,-5.51479387
2.28310823,-5.51707935
2.29397798,-5.51937866
2.30482340,-5.52169371
2.31564426,-5.52402449
2.32643938,-5.52637196
2.33720851,-5.52873707
2.34795094,-5.53112030
2.35866570,-5.53352308
2.36935234,-5.53594542
2.38001037,-5.53838825
2.39063883,-5.54085302
2.40123725,-5.54334021
2.41180468,-5.54585075
2.42234087,-5.54838467
2.43284488,-5.55094385
2.44331598,-5.55352831
2.45375371,-5.55613899
2.46415734,-5.55877733
2.47452617,-5.56144333
2.48485970,-5.56413794
2.49515700,-5.56686258
2.50541759,-5.56961727
2.51564074,-5.57240343
2.52582598,-5.57522154
2.53597212,-5.57807207
2.54607916,-5.58095646
2.55614591,-5.58387518
2.56617188,-5.58682966
2.57615662,-5.58981943
2.58609915,-5.59284639
2.59599900,-5.59591103
2.60585546,-5.59901381
2.61566782,-5.60215616
2.62543535,-5.60533857
2.63515782,-5.60856152
2.64483380,-5.61182642
2.65446329,-5.61513329
2.66404533,-5.61848402
2.67357945,-5.62187815
2.68306470,-5.62531757
2.69250059,-5.62880278
2.70188665,-5.63233423
2.71122169,-5.63591290
2.72050548,-5.63954020
2.72973728,-5.64321566
2.73891640,-5.64694118
2.74804211,-5.65071726
2.75711370,-5.65454435
2.76613069,-5.65842390
2.77509236,-5.66235590
2.78399801,-5.66634178
2.79284692,-5.67038250
2.80163860,-5.67447805
2.81037211,-5.67863035
2.81904697,-5.68283892
2.82766247,-5.68710566
2.83621812,-5.69143057
2.84471297,-5.69581509
2.85314655,-5.70025969
2.86151814,-5.70476532
2.86982703,-5.70933247
2.87807250,-5.71396255
2.88625407,-5.71865559
2.89437103,-5.72341299
2.90242267,-5.72823524
2.91040826,-5.73312330
2.91832733,-5.73807812
2.92617893,-5.74310017
2.93396282,-5.74819040
2.94167781,-5.75334978
2.94932365,-5.75857878
2.95689940,-5.76387835
2.96440458,-5.76924944
2.97183847,-5.77469254
2.97920060,-5.78020906
2.98648977,-5.78579903
2.99370575,-5.79146338
3.00084805,-5.79720354
3.00791550,-5.80302000
3.01490760,-5.80891323
3.02182388,-5.81488466
3.02866364,-5.82093430
3.03542590,-5.82706356
3.04211044,-5.83327293
3.04871631,-5.83956337
3.05524302,-5.84593582
3.06168962,-5.85239077
3.06805563,-5.85892963
3.07434058,-5.86555243
3.08054352,-5.87226009
3.08666396,-5.87905359
3.09270263,-5.88593197
3.09866047,-5.89289474
3.10453820,-5.89994001
3.11033702,-5.90706778
3.11605740,-5.91427660
3.12170053,-5.92156506
3.12726712,-5.92893267
3.13275838,-5.93637848
3.13817477,-5.94390106
3.14351773,-5.95149946
3.14878774,-5.95917320
3.15398574,-5.96692038
3.15911293,-5.97474098
3.16416979,-5.98263359
3.16915751,-5.99059677
3.17407703,-5.99863052
3.17892885,-6.00673246
3.18371439,-6.01490307
3.18843436,-6.02313995
3.19308949,-6.03144312
3.19768071,-6.03981113
3.20220923,-6.04824305
3.20667553,-6.05673790
3.21108079,-6.06529474
3.21542597,-6.07391214
3.21971178,-6.08258963
3.22393894,-6.09132624
3.22810888,-6.10012054
3.23222208,-6.10897160
3.23627949,-6.11787891
3.24028230,-6.12684059
3.24423099,-6.13585663
3.24812675,-6.14492512
3.25197053,-6.15404558
3.25576305,-6.16321659
3.25950503,-6.17243814
3.26319790,-6.18170786
3.26684213,-6.19102573
3.27043867,-6.20039034
3.27398872,-6.20980072
3.27749276,-6.21925592
3.28095198,-6.22875500
3.28436708,-6.23829651
3.28773928,-6.24788046
3.29106927,-6.25750446
3.29435778,-6.26716900
3.29760599,-6.27687168
3.30081463,-6.28661251
3.30398464,-6.29639006
3.30711722,-6.30620337
3.31021261,-6.31605101
3.31327248,-6.32593298
3.31629705,-6.33584738
3.31928754,-6.34579325
3.32224488,-6.35577011
3.32517004,-6.36577702
3.32806373,-6.37581205
3.33092690,-6.38587523
3.33376050,-6.39596510
3.33656549,-6.40608025
3.33934236,-6.41622066
3.34209275,-6.42638445
3.34481692,-6.43657064
3.34751582,-6.44677877
3.35019088,-6.45700788
3.35284233,-6.46725607
3.35547161,-6.47752333
3.35807943,-6.48780823
3.36066651,-6.49810934
3.36323380,-6.50842667
3.36578250,-6.51875830
3.36831331,-6.52910376
3.37082696,-6.53946161
3.37332463,-6.54983139
3.37580705,-6.56021118
3.37827539,-6.57060099
3.38073015,-6.58099937
3.38317227,-6.59140539
3.38560319,-6.60181808
3.38802314,-6.61223602
3.39043331,-6.62265873
3.39283466,-6.63308525
3.39522791,-6.64351416
3.39761424,-6.65394449
3.39999437,-6.66437531
3.40236926,-6.67480612
3.40473962,-6.68523502
3.40710640,-6.69566154
3.40947080,-6.70608473
3.41183352,-6.71650314
3.41419530,-6.72691631
3.41655731,-6.73732328
3.41892028,-6.74772215
3.42128515,-6.75811291
3.42365289,-6.76849413
3.42602444,-6.77886486
3.42839932,-6.78922462
3.43077707,-6.79957390
3.43315721,-6.80991268
3.43553853,-6.82024050
3.43792057,-6.83055830
3.44030261,-6.84086561
3.44268394,-6.85116291
3.44506383,-6.86145020
3.44744134,-6.87172747
3.44981623,-6.88199472
3.45218730,-6.89225245
3.45455408,-6.90250015
3.45691562,-6.91273880
3.45927167,-6.92296743
3.46162081,-6.93318701
3.46396303,-6.94339752
3.46629715,-6.95359898
3.46862245,-6.96379089
3.47093844,-6.97397423
3.47324443,-6.98414898
3.47553945,-6.99431467
3.47782278,-7.00447178
3.48009396,-7.01462030
3.48235202,-7.02476072
3.48459649,-7.03489256
3.48682642,-7.04501629
3.48904109,-7.05513191
3.49123979,-7.06523991
3.49342203,-7.07533979
3.49558687,-7.08543205
3.49773359,-7.09551620
3.49986148,-7.10559320
3.50196981,-7.11566257
3.50405788,-7.12572479
3.50612497,-7.13577986
3.50817060,-7.14582729
3.51019359,-7.15586805
3.51219344,-7.16590214
3.51416945,-7.17592907
3.51612091,-7.18594933
3.51804709,-7.19596291
3.51994729,-7.20596981
3.52182055,-7.21597052
3.52366662,-7.22596502
3.52548432,-7.23595333
3.52727318,-7.24593592
3.52903223,-7.25591183
3.53076100,-7.26588202
3.53245878,-7.27584696
3.53412461,-7.28580570
3.53575802,-7.29575920
3.53735828,-7.30570698
3.53892446,-7.31564951
3.54045582,-7.32558680
3.54195189,-7.33551931
3.54341173,-7.34544611
3.54483485,-7.35536861
3.54622030,-7.36528587
3.54756737,-7.37519836
3.54887557,-7.38510656
3.55014396,-7.39501047
3.55137181,-7.40490961
3.55255866,-7.41480446
3.55370355,-7.42469501
3.55480552,-7.43458176
3.55586433,-7.44446421
3.55687904,-7.45434284
3.55784893,-7.46421814
3.55877328,-7.47408915
3.55965161,-7.48395681
3.56048274,-7.49382114
3.56126618,-7.50368214
3.56200123,-7.51353979
3.56268716,-7.52339458
3.56332302,-7.53324604
3.56390858,-7.54309464
3.56444263,-7.55294037
3.56492472,-7.56278372
3.56535411,-7.57262373
3.56573009,-7.58246183
3.56605172,-7.59229755
3.56631851,-7.60213041
3.56652975,-7.61196184
3.56668448,-7.62179041
3.56678200,-7.63161755
3.56682205,-7.64144278
3.56680322,-7.65126610
3.56672549,-7.66108751
3.56658745,-7.67090750
3.56638885,-7.68072605
3.56612897,-7.69054365
3.56580687,-7.70035934
3.56542182,-7.71017456
3.56497312,-7.71998835
3.56446028,-7.72980118
3.56388235,-7.73961306
3.56323862,-7.74942446
3.56252861,-7.75923538
3.56175113,-7.76904535
3.56090593,-7.77885532
3.55999207,-7.78866482
3.55900860,-7.79847431
3.55795527,-7.80828333
3.55683112,-7.81809235
3.55563545,-7.82790184
3.55436754,-7.83771133
3.55302644,-7.84752131
3.55161190,-7.85733175
3.55012274,-7.86714268
3.54855847,-7.87695408
3.54691863,-7.88676643
3.54520178,-7.89657927
3.54340792,-7.90639353
3.54153585,-7.91620874
3.53958511,-7.92602491
3.53755498,-7.93584251
3.53544450,-7.94566154
3.53325319,-7.95548201
3.53098011,-7.96530390
3.52862477,-7.97512770
3.52618623,-7.98495293
3.52366400,-7.99478054
3.52105737,-8.00461006
3.51836610,-8.01444054
3.51559043,-8.02427101
3.51273131,-8.03410053
3.50978899,-8.04392719
3.50676370,-8.05375004
3.50365591,-8.06356812
3.50046611,-8.07337856
3.49719477,-8.08318233
3.49384236,-8.09297657
3.49040914,-8.10276031
3.48689556,-8.11253262
3.48330212,-8.12229252
3.47962928,-8.13203716
3.47587729,-8.14176750
3.47204685,-8.15147972
3.46813822,-8.16117477
3.46415186,-8.17085075
3.46008801,-8.18050480
3.45594740,-8.19013786
3.45173049,-8.19974709
3.44743729,-8.20933247
3.44306850,-8.21889114
3.43862462,-8.22842312
3.43410587,-8.23792648
3.42951274,-8.24740028
3.42484593,-8.25684357
3.42010546,-8.26625347
3.41529179,-8.27563095
3.41040564,-8.28497314
3.40544748,-8.29427814
3.40041733,-8.30354691
3.39531565,-8.31277657
3.39014339,-8.32196617
3.38490033,-8.33111382
3.37958741,-8.34021950
3.37420487,-8.34928131
3.36875296,-8.35829830
3.36323214,-8.36726761
3.35764313,-8.37619019
3.35198617,-8.38506317
3.34626174,-8.39388561
3.34047008,-8.40265656
3.33461189,-8.41137409
3.32868719,-8.42003822
3.32269692,-8.42864609
3.31664133,-8.43719769
3.31052065,-8.44569111
3.30433536,-8.45412445
3.29808593,-8.46249771
3.29177284,-8.47080898
3.28539658,-8.47905636
3.27895761,-8.48723984
3.27245593,-8.49535656
3.26589251,-8.50340652
3.25926757,-8.51138878
3.25258136,-8.51930046
3.24583435,-8.52714062
3.23902726,-8.53490925
3.23216033,-8.54260445
3.22523379,-8.55022430
3.21824837,-8.55776787
3.21120429,-8.56523418
3.20410228,-8.57262135
3.19694233,-8.57992840
3.18972516,-8.58715439
3.18245125,-8.59429741
3.17512059,-8.60135746
3.16773415,-8.60833073
3.16029215,-8.61521816
3.15279484,-8.62201786
3.14524293,-8.62872887
3.13763666,-8.63534832
3.12997651,-8.64187717
3.12226295,-8.64831257
3.11449623,-8.65465355
3.10667706,-8.66089916
3.09880543,-8.66704750
3.09088230,-8.67309761
3.08290792,-8.67904854
3.07488251,-8.68489933
3.06680655,-8.69064713
3.05868053,-8.69629192
3.05050492,-8.70183182
3.04228020,-8.70726681
3.03400660,-8.71259308
3.02568483,-8.71781158
3.01731491,-8.72292042
3.00889778,-8.72791862
3.00043344,-8.73280334
2.99192238,-8.73757553
2.98336530,-8.74223232
2.97476220,-8.74677277
2.96611381,-8.75119495
2.95742059,-8.75549984
2.94868302,-8.75968742
2.93990159,-8.76375866
2.93107700,-8.76771545
2.92220974,-8.77155972
2.91330051,-8.77529240
2.90434957,-8.77891541
2.89535785,-8.78242970
2.88632584,-8.78583622
2.87725401,-8.78913689
2.86814308,-8.79233360
2.85899329,-8.79542732
2.84980559,-8.79841995
2.84058046,-8.80131245
2.83131838,-8.80410576
2.82201982,-8.80680275
2.81268573,-8.80940342
2.80331612,-8.81190968
2.79391217,-8.81432343
2.78447413,-8.81664658
2.77500248,-8.81887817
2.76549816,-8.82102203
2.75596118,-8.82307911
2.74639273,-8.82504940
2.73679304,-8.82693672
2.72716260,-8.82874012
2.71750212,-8.83046246
2.70781231,-8.83210564
2.69809365,-8.83366966
2.68834639,-8.83515644
2.67857170,-8.83656693
2.66876960,-8.83790398
2.65894103,-8.83916855
2.64908624,-8.84036160
2.63920617,-8.84148502
2.62930107,-8.84253883
2.61937189,-8.84352684
2.60941863,-8.84444809
2.59944248,-8.84530640
2.58944368,-8.84610081
2.57942271,-8.84683418
2.56938028,-8.84750843
2.55931711,-8.84812355
2.54923368,-8.84868240
2.53913045,-8.84918499
2.52900791,-8.84963322
2.51886678,-8.85002899
2.50870776,-8.85037422
2.49853134,-8.85066891
2.48833799,-8.85091496
2.47812819,-8.85111427
2.46790290,-8.85126781
2.45766234,-8.85137749
2.44740725,-8.85144520
2.43713808,-8.85147095
2.42685533,-8.85145664
2.41655993,-8.85140419
2.40625215,-8.85131550
2.39593267,-8.85119057
2.38560200,-8.85103130
2.37526083,-8.85083961
2.36490965,-8.85061741
2.35454893,-8.85036469
2.34417939,-8.85008430
2.33380151,-8.84977627
2.32341599,-8.84944344
2.31302333,-8.84908581
2.30262423,-8.84870625
2.29221892,-8.84830570
2.28180814,-8.84788513
2.27139282,-8.84744644
2.26097298,-8.84699059
2.25054932,-8.84651947
2.24012280,-8.84603405
2.22969365,-8.84553623
2.21926236,-8.84502697
2.20882964,-8.84450912
2.19839621,-8.84398174
2.18796253,-8.84344864
2.17752910,-8.84290886
2.16709638,-8.84236622
2.15666533,-8.84182072
2.14623618,-8.84127426
2.13580966,-8.84072781
2.12538624,-8.84018326
2.11496663,-8.83964252
2.10455132,-8.83910561
2.09414101,-8.83857536
2.08373594,-8.83805180
2.07333684,-8.83753777
2.06294465,-8.83703423
2.05255938,-8.83654308
2.04218197,-8.83606434
2.03181267,-8.83559990
2.02145243,-8.83515263
2.01110172,-8.83472252
2.00076079,-8.83431149
1.99043059,-8.83392048
1.98011160,-8.83355141
1.96980441,-8.83320618
1.95950937,-8.83288479
1.94922733,-8.83259010
1.93895853,-8.83232212
1.92870259,-8.83208179
1.91845953,-8.83186722
1.90822923,-8.83168030
1.89801121,-8.83152008
1.88780558,-8.83138561
1.87761211,-8.83127785
1.86743045,-8.83119678
1.85726058,-8.83114147
1.84710217,-8.83111191
1.83695519,-8.83110905
1.82681942,-8.83113098
1.81669462,-8.83117962
1.80658054,-8.83125401
1.79647720,-8.83135319
1.78638422,-8.83147812
1.77630150,-8.83162785
1.76622891,-8.83180332
1.75616622,-8.83200359
1.74611318,-8.83222961
1.73606968,-8.83247948
1.72603559,-8.83275509
1.71601057,-8.83305454
1.70599449,-8.83337879
1.69598722,-8.83372688
1.68598866,-8.83409977
1.67599845,-8.83449745
1.66601646,-8.83491802
1.65604246,-8.83536339
1.64607632,-8.83583260
1.63611794,-8.83632565
1.62616706,-8.83684158
1.61622345,-8.83738136
1.60628700,-8.83794498
1.59635746,-8.83853149
1.58643472,-8.83914185
1.57651854,-8.83977413
1.56660879,-8.84043026
1.55670512,-8.84110928
1.54680765,-8.84181118
1.53691590,-8.84253502
1.52702987,-8.84328175
1.51714921,-8.84405136
1.50727391,-8.84484291
1.49740374,-8.84565639
1.48753846,-8.84649277
1.47767794,-8.84735012
1.46782196,-8.84823036
1.45797026,-8.84913158
1.44812286,-8.85005474
1.43827939,-8.85099983
1.42843986,-8.85196590
1.41860378,-8.85295296
1.40877128,-8.85396194
1.39894199,-8.85499191
1.38911581,-8.85604286
1.37929249,-8.85711384
1.36947191,-8.85820675
1.35965383,-8.85931969
1.34983814,-8.86045361
1.34002459,-8.86160755
1.33021295,-8.86278248
1.32040310,-8.86397743
1.31059492,-8.86519146
1.30078816,-8.86642647
1.29098272,-8.86768150
1.28117824,-8.86895657
1.27137458,-8.87025070
1.26157165,-8.87156391
1.25176930,-8.87289715
1.24196720,-8.87425041
1.23216522,-8.87562180
1.22236323,-8.87701321
1.21256089,-8.87842274
1.20275831,-8.87985134
1.19295502,-8.88129902
1.18315101,-8.88276577
1.17334592,-8.88425064
1.16353977,-8.88575459
1.15373230,-8.88727570
1.14392328,-8.88881588
1.13411248,-8.89037418
1.12429988,-8.89195061
1.11448514,-8.89354420
1.10466826,-8.89515686
1.09484875,-8.89678574
1.08502674,-8.89843369
1.07520199,-8.90009785
1.06537414,-8.90178013
1.05554307,-8.90347958
1.04570866,-8.90519619
1.03587079,-8.90692902
1.02602911,-8.90867996
1.01618361,-8.91044712
1.00633395,-8.91223049
0.99647999,-8.91403103
0.98662156,-8.91584778
0.97675848,-8.91768169
0.96689057,-8.91953087
0.95701766,-8.92139721
0.94713956,-8.92327881
0.93725604,-8.92517662
0.92736697,-8.92709064
0.91747212,-8.92901993
0.90757132,-8.93096447
0.89766443,-8.93292522
0.88775122,-8.93490028
0.87783152,-8.93689156
0.86790514,-8.93889809
0.85797191,-8.94091892
0.84803164,-8.94295502
0.83808416,-8.94500637
0.82812923,-8.94707203
0.81816673,-8.94915295
0.80819643,-8.95124722
0.79821819,-8.95335674
0.78823179,-8.95548058
0.77823704,-8.95761776
0.76823378,-8.95976925
0.75822186,-8.96193504
0.74820101,-8.96411514
0.73817110,-8.96630859
0.72813195,-8.96851540
0.71808338,-8.97073555
0.70802516,-8.97296906
0.69795716,-8.97521687
0.68787915,-8.97747707
0.67779094,-8.97975063
0.66769248,-8.98203659
0.65758401,-8.98433399
0.64746588,-8.98664284
0.63733840,-8.98896027
0.62720203,-8.99128532
0.61705703,-8.99361801
0.60690379,-8.99595547
0.59674269,-8.99829674
0.58657408,-9.00064087
0.57639831,-9.00298691
0.56621569,-9.00533295
0.55602670,-9.00767899
0.54583162,-9.01002121
0.53563076,-9.01236057
0.52542460,-9.01469517
0.51521337,-9.01702404
0.50499755,-9.01934528
0.49477738,-9.02165699
0.48455334,-9.02396011
0.47432569,-9.02625084
0.46409482,-9.02853012
0.45386112,-9.03079510
0.44362488,-9.03304482
0.43338653,-9.03527927
0.42314640,-9.03749466
0.41290483,-9.03969193
0.40266222,-9.04186916
0.39241889,-9.04402542
0.38217521,-9.04615879
0.37193152,-9.04826736
0.36168823,-9.05035114
0.35144565,-9.05240917
0.34120414,-9.05443859
0.33096409,-9.05643940
0.32072586,-9.05840969
0.31048977,-9.06034851
0.30025619,-9.06225395
0.29002550,-9.06412601
0.27979806,-9.06596184
0.26957420,-9.06776142
0.25935429,-9.06952286
0.24913868,-9.07124615
0.23892775,-9.07292747
0.22872186,-9.07456779
0.21852133,-9.07616425
0.20832656,-9.07771683
0.19813789,-9.07922459
0.18795568,-9.08068466
0.17778029,-9.08209610
0.16761208,-9.08345890
0.15745139,-9.08477116
0.14729862,-9.08603096
0.13715409,-9.08723736
0.12701817,-9.08838940
0.11689121,-9.08948517
0.10677359,-9.09052467
0.09666566,-9.09150505
0.08656777,-9.09242630
0.07648028,-9.09328651
0.06640355,-9.09408474
0.05633794,-9.09481907
0.04628382,-9.09548950
0.03624152,-9.09609318
0.02621142,-9.09663010
0.01619388,-9.09709740
0.00618925,-9.09749603
-0.00380211,-9.09782314
-0.01377985,-9.09807777
-0.02374360,-9.09825897
-0.03369300,-9.09836483
-0.04362769,-9.09839439
-0.05354733,-9.09834671
-0.06345155,-9.09822083
-0.07333998,-9.09801388
-0.08321229,-9.09772682
-0.09306809,-9.09735584
-0.10290704,-9.09690189
-0.11272878,-9.09636307
-0.12253295,-9.09573746
-0.13231918,-9.09502411
-0.14208713,-9.09422112
-0.15183644,-9.09332848
-0.16156675,-9.09234524
-0.17127769,-9.09126759
-0.18096890,-9.09009743
-0.19064003,-9.08883095
-0.20029074,-9.08746815
-0.20992064,-9.08600712
-0.21952939,-9.08444786
-0.22911663,-9.08278751
-0.23868200,-9.08102512
-0.24822514,-9.07916069
-0.25774568,-9.07719135
-0.26724330,-9.07511711
-0.27671757,-9.07293510
-0.28616822,-9.07064533
-0.29559481,-9.06824684
-0.30499706,-9.06573772
-0.31437457,-9.06311607
-0.32372695,-9.06038094
-0.33305389,-9.05753231
-0.34235501,-9.05456734
-0.35162997,-9.05148602
-0.36087841,-9.04828548
-0.37009993,-9.04496574
-0.37929413,-9.04152584
-0.38846019,-9.03796673
-0.39759725,-9.03428936
-0.40670449,-9.03049564
-0.41578105,-9.02658558
-0.42482612,-9.02256203
-0.43383881,-9.01842403
-0.44281831,-9.01417542
-0.45176375,-9.00981522
-0.46067432,-9.00534630
-0.46954912,-9.00076866
-0.47838736,-8.99608421
-0.48718813,-8.99129391
-0.49595067,-8.98639965
-0.50467408,-8.98140240
-0.51335752,-8.97630215
-0.52200013,-8.97110176
-0.53060114,-8.96580219
-0.53915960,-8.96040440
-0.54767472,-8.95490932
-0.55614567,-8.94931889
-0.56457162,-8.94363308
-0.57295167,-8.93785477
-0.58128500,-8.93198395
-0.58957076,-8.92602253
-0.59780806,-8.91997242
-0.60599619,-8.91383266
-0.61413413,-8.90760708
-0.62222117,-8.90129471
-0.63025641,-8.89489841
-0.63823903,-8.88841820
-0.64616817,-8.88185596
-0.65404296,-8.87521362
-0.66186261,-8.86849117
-0.66962624,-8.86169052
-0.67733300,-8.85481262
-0.68498206,-8.84785843
-0.69257259,-8.84083080
-0.70010370,-8.83372879
-0.70757455,-8.82655430
-0.71498436,-8.81931019
-0.72233224,-8.81199551
-0.72961730,-8.80461311
-0.73683876,-8.79716301
-0.74399579,-8.78964710
-0.75108749,-8.78206635
-0.75811303,-8.77442169
-0.76507157,-8.76671600
-0.77196229,-8.75894833
-0.77878428,-8.75112152
-0.78553677,-8.74323559
-0.79221892,-8.73529339
-0.79882979,-8.72729492
-0.80536860,-8.71924114
-0.81183451,-8.71113396
-0.81822670,-8.70297527
-0.82454425,-8.69476509
-0.83078635,-8.68650532
-0.83695215,-8.67819595
-0.84304082,-8.66984081
-0.84905154,-8.66143894
-0.85498339,-8.65299225
-0.86083561,-8.64450169
-0.86660731,-8.63596916
-0.87229764,-8.62739563
-0.87790579,-8.61878204
-0.88343084,-8.61012936
-0.88887203,-8.60144043
-0.89422846,-8.59271431
-0.89949936,-8.58395386
-0.90468377,-8.57516003
-0.90978092,-8.56633377
-0.91478997,-8.55747604
-0.91971004,-8.54858875
-0.92454034,-8.53967285
-0.92928010,-8.53072834
-0.93392992,-8.52175808
-0.93849063,-8.51276016
-0.94296312,-8.50373650
-0.94734836,-8.49468708
-0.95164722,-8.48561096
-0.95586067,-8.47651005
-0.95998955,-8.46738243
-0.96403480,-8.45823097
-0.96799725,-8.44905472
-0.97187793,-8.43985367
-0.97567773,-8.43062878
-0.97939748,-8.42138004
-0.98303819,-8.41210747
-0.98660070,-8.40281200
-0.99008590,-8.39349270
-0.99349475,-8.38415146
-0.99682820,-8.37478733
-1.00008702,-8.36540127
-1.00327229,-8.35599327
-1.00638473,-8.34656334
-1.00942540,-8.33711243
-1.01239526,-8.32763958
-1.01529503,-8.31814671
-1.01812577,-8.30863380
-1.02088821,-8.29909992
-1.02358353,-8.28954697
-1.02621233,-8.27997398
-1.02877581,-8.27038097
-1.03127468,-8.26076984
-1.03371000,-8.25113964
-1.03608251,-8.24149132
-1.03839326,-8.23182392
-1.04064310,-8.22213936
-1.04283285,-8.21243668
-1.04496360,-8.20271683
-1.04703617,-8.19297981
-1.04905152,-8.18322659
-1.05101049,-8.17345619
-1.05291390,-8.16366959
-1.05476284,-8.15386772
-1.05655825,-8.14404964
-1.05830085,-8.13421535
-1.05999160,-8.12436771
-1.06163156,-8.11450386
-1.06322145,-8.10462570
-1.06476223,-8.09473419
-1.06625497,-8.08482838
-1.06770039,-8.07490826
-1.06909943,-8.06497478
-1.07045293,-8.05502892
-1.07176208,-8.04506969
-1.07302749,-8.03509808
-1.07425022,-8.02511406
-1.07543111,-8.01511860
-1.07657111,-8.00511074
-1.07767117,-7.99509239
-1.07873213,-7.98506212
-1.07975495,-7.97502136
-1.08074045,-7.96496964
-1.08168960,-7.95490789
-1.08260334,-7.94483662
-1.08348250,-7.93475485
-1.08432806,-7.92466402
-1.08514094,-7.91456413
-1.08592200,-7.90445518
-1.08667219,-7.89433813
-1.08739233,-7.88421202
-1.08808351,-7.87407827
-1.08874643,-7.86393690
-1.08938205,-7.85378838
-1.08999145,-7.84363222
-1.09057534,-7.83346939
-1.09113467,-7.82329988
-1.09167051,-7.81312370
-1.09218347,-7.80294228
-1.09267473,-7.79275465
-1.09314513,-7.78256130
-1.09359550,-7.77236319
-1.09402680,-7.76216030
-1.09443986,-7.75195265
-1.09483576,-7.74174070
-1.09521532,-7.73152447
-1.09557939,-7.72130442
-1.09592903,-7.71108150
-1.09626496,-7.70085478
-1.09658825,-7.69062567
-1.09689975,-7.68039322
-1.09720027,-7.67015886
-1.09749091,-7.65992260
-1.09777236,-7.64968443
-1.09804571,-7.63944483
-1.09831190,-7.62920380
-1.09857166,-7.61896229
-1.09882605,-7.60871983
-1.09907579,-7.59847689
-1.09932208,-7.58823395
-1.09956551,-7.57799149
-1.09980726,-7.56774902
-1.10004807,-7.55750751
-1.10028899,-7.54726744
-1.10053074,-7.53702831
-1.10077441,-7.52679110
-1.10102069,-7.51655579
-1.10127079,-7.50632238
-1.10152543,-7.49609137
-1.10178554,-7.48586369
-1.10205197,-7.47563839
-1.10232580,-7.46541691
-1.10260785,-7.45519876
-1.10289896,-7.44498444
-1.10320008,-7.43477488
-1.10351217,-7.42456913
-1.10383606,-7.41436863
-1.10417283,-7.40417242
-1.10452318,-7.39398241
-1.10488808,-7.38379717
-1.10526848,-7.37361860
-1.10566485,-7.36344528
-1.10607708,-7.35327864
-1.10650516,-7.34311724
-1.10694873,-7.33296251
-1.10740781,-7.32281303
-1.10788214,-7.31266928
-1.10837173,-7.30253124
-1.10887635,-7.29239893
-1.10939598,-7.28227234
-1.10993028,-7.27215147
-1.11047924,-7.26203537
-1.11104274,-7.25192547
-1.11162055,-7.24182034
-1.11221266,-7.23172092
-1.11281884,-7.22162628
-1.11343896,-7.21153736
-1.11407292,-7.20145321
-1.11472058,-7.19137383
-1.11538184,-7.18130016
-1.11605644,-7.17123127
-1.11674428,-7.16116667
-1.11744535,-7.15110779
-1.11815929,-7.14105320
-1.11888623,-7.13100338
-1.11962581,-7.12095833
-1.12037802,-7.11091757
-1.12114263,-7.10088205
-1.12191963,-7.09085035
-1.12270880,-7.08082342
-1.12351000,-7.07080078
-1.12432301,-7.06078243
-1.12514794,-7.05076885
-1.12598431,-7.04075909
-1.12683237,-7.03075314
-1.12769163,-7.02075195
-1.12856221,-7.01075459
-1.12944388,-7.00076103
-1.13033640,-6.99077129
-1.13123977,-6.98078585
-1.13215387,-6.97080374
-1.13307846,-6.96082592
-1.13401341,-6.95085144
-1.13495862,-6.94088078
-1.13591397,-6.93091393
-1.13687932,-6.92095041
-1.13785458,-6.91099024
-1.13883948,-6.90103340
-1.13983393,-6.89108038
-1.14083791,-6.88113022
-1.14185107,-6.87118340
-1.14287353,-6.86123991
-1.14390492,-6.85129976
-1.14494514,-6.84136248
-1.14599431,-6.83142805
-1.14705193,-6.82149649
-1.14811802,-6.81156826
-1.14919257,-6.80164289
-1.15027523,-6.79171991
-1.15136600,-6.78179979
-1.15246475,-6.77188253
-1.15357125,-6.76196814
-1.15468538,-6.75205612
-1.15580702,-6.74214649
-1.15693605,-6.73223925
-1.15807235,-6.72233438
-1.15921569,-6.71243191
-1.16036606,-6.70253181
-1.16152334,-6.69263411
-1.16268718,-6.68273830
-1.16385770,-6.67284489
-1.16503453,-6.66295338
-1.16621780,-6.65306377
-1.16740704,-6.64317608
-1.16860235,-6.63329029
-1.16980362,-6.62340641
-1.17101061,-6.61352444
-1.17222309,-6.60364389
-1.17344117,-6.59376526
-1.17466450,-6.58388853
-1.17589307,-6.57401276
-1.17712665,-6.56413889
-1.17836511,-6.55426598
-1.17960835,-6.54439497
-1.18085635,-6.53452492
-1.18210876,-6.52465630
-1.18336558,-6.51478910
-1.18462658,-6.50492239
-1.18589175,-6.49505758
-1.18716073,-6.48519325
-1.18843365,-6.47532988
-1.18971026,-6.46546793
-1.19099045,-6.45560646
-1.19227397,-6.44574594
-1.19356072,-6.43588591
-1.19485068,-6.42602682
-1.19614363,-6.41616821
-1.19743943,-6.40631056
-1.19873798,-6.39645338
-1.20003915,-6.38659620
-1.20134270,-6.37673998
-1.20264864,-6.36688375
-1.20395660,-6.35702801
-1.20526671,-6.34717226
-1.20657873,-6.33731699
-1.20789254,-6.32746172
-1.20920789,-6.31760645
-1.21052480,-6.30775118
-1.21184301,-6.29789591
-1.21316254,-6.28804064
-1.21448302,-6.27818489
-1.21580458,-6.26832914
-1.21712685,-6.25847340
-1.21844983,-6.24861717
-1.21977329,-6.23876047
-1.22109723,-6.22890329
-1.22242129,-6.21904564
-1.22374558,-6.20918751
-1.22506988,-6.19932890
-1.22639394,-6.18946934
-1.22771776,-6.17960930
-1.22904110,-6.16974831
-1.23036397,-6.15988636
-1.23168612,-6.15002394
-1.23300743,-6.14016008
-1.23432767,-6.13029528
-1.23564684,-6.12042999
-1.23696482,-6.11056280
-1.23828149,-6.10069513
-1.23959684,-6.09082603
-1.24091101,-6.08095598
-1.24222374,-6.07108450
-1.24353516,-6.06121206
-1.24484539,-6.05133867
-1.24615419,-6.04146385
-1.24746168,-6.03158855
-1.24876785,-6.02171183
-1.25007260,-6.01183367
-1.25137603,-6.00195503
-1.25267816,-5.99207497
-1.25397885,-5.98219395
-1.25527823,-5.97231197
-1.25657618,-5.96242905
-1.25787270,-5.95254517
-1.25916791,-5.94265985
-1.26046169,-5.93277407
-1.26175404,-5.92288685
-1.26304495,-5.91299868
-1.26433456,-5.90310955
-1.26562262,-5.89321947
-1.26690924,-5.88332844
-1.26819444,-5.87343645
-1.26947820,-5.86354351
-1.27076054,-5.85364962
-1.27204144,-5.84375477
-1.27332079,-5.83385897
-1.27459872,-5.82396221
-1.27587509,-5.81406450
-1.27715003,-5.80416584
-1.27842355,-5.79426622
-1.27969539,-5.78436565
-1.28096581,-5.77446461
-1.28223479,-5.76456213
-1.28350210,-5.75465918
-1.28476799,-5.74475479
-1.28603220,-5.73484993
-1.28729498,-5.72494411
-1.28855622,-5.71503782
-1.28981590,-5.70513010
-1.29107392,-5.69522190
-1.29233038,-5.68531275
-1.29358542,-5.67540264
-1.29483867,-5.66549158
-1.29609048,-5.65558004
-1.29734063,-5.64566755
-1.29858911,-5.63575411
-1.29983604,-5.62584019
-1.30108142,-5.61592531
-1.30232501,-5.60600948
-1.30356705,-5.59609318
-1.30480742,-5.58617592
-1.30604625,-5.57625818
-1.30728328,-5.56633902
-1.30851877,-5.55641985
-1.30975258,-5.54649925
-1.31098461,-5.53657866
-1.31221509,-5.52665663
-1.31344378,-5.51673412
-1.31467080,-5.50681114
-1.31589603,-5.49688721
-1.31711972,-5.48696280
-1.31834161,-5.47703743
-1.31956172,-5.46711159
-1.32078016,-5.45718479
-1.32199693,-5.44725752
-1.32321191,-5.43732929
-1.32442510,-5.42740059
-1.32563651,-5.41747141
-1.32684624,-5.40754128
-1.32805407,-5.39761066
-1.32926023,-5.38767958
-1.33046460,-5.37774754
-1.33166718,-5.36781502
-1.33286786,-5.35788202
-1.33406687,-5.34794807
-1.33526397,-5.33801365
-1.33645928,-5.32807875
-1.33765280,-5.31814337
-1.33884442,-5.30820704
-1.34003425,-5.29827070
-1.34122229,-5.28833342
-1.34240842,-5.27839565
-1.34359264,-5.26845694
-1.34477508,-5.25851822
-1.34595561,-5.24857855
-1.34713423,-5.23863888
-1.34831095,-5.22869825
-1.34948575,-5.21875715
-1.35065877,-5.20881557
-1.35182977,-5.19887352
-1.35299897,-5.18893099
-1.35416615,-5.17898798
-1.35533142,-5.16904449
-1.35649478,-5.15910006
-1.35765612,-5.14915562
-1.35881555,-5.13921070
-1.35997307,-5.12926531
-1.36112857,-5.11931944
-1.36228216,-5.10937309
-1.36343372,-5.09942627
-1.36458337,-5.08947897
-1.36573100,-5.07953167
-1.36687660,-5.06958342
-1.36802018,-5.05963516
-1.36916173,-5.04968596
-1.37030137,-5.03973675
-1.37143886,-5.02978706
-1.37257445,-5.01983738
-1.37370789,-5.00988674
-1.37483931,-4.99993610
-1.37596869,-4.98998499
-1.37709606,-4.98003340
-1.37822127,-4.97008133
-1.37934446,-4.96012926
-1.38046563,-4.95017672
-1.38158464,-4.94022369
-1.38270152,-4.93027067
-1.38381636,-4.92031717
-1.38492906,-4.91036320
-1.38603961,-4.90040922
-1.38714814,-4.89045477
-1.38825452,-4.88050032
-1.38935876,-4.87054539
-1.39046085,-4.86058998
-1.39156079,-4.85063457
-1.39265847,-4.84067869
-1.39375412,-4.83072281
-1.39484763,-4.82076645
-1.39593887,-4.81080961
-1.39702797,-4.80085278
-1.39811480,-4.79089594
-1.39919949,-4.78093863
-1.40028203,-4.77098131
-1.40136230,-4.76102352
-1.40244043,-4.75106573
-1.40351629,-4.74110794
-1.40458989,-4.73114967
-1.40566123,-4.72119141
-1.40673041,-4.71123266
-1.40779722,-4.70127392
-1.40886188,-4.69131517
-1.40992427,-4.68135595
-1.41098440,-4.67139673
-1.41204214,-4.66143751
-1.41309774,-4.65147829
-1.41415095,-4.64151859
-1.41520190,-4.63155890
-1.41625047,-4.62159920
-1.41729677,-4.61163902
-1.41834080,-4.60167885
-1.41938245,-4.59171915
-1.42042184,-4.58175898
-1.42145884,-4.57179832
-1.42249346,-4.56183815
-1.42352581,-4.55187798
-1.42455578,-4.54191732
-1.42558336,-4.53195667
-1.42660844,-4.52199650
-1.42763138,-4.51203585
-1.42865169,-4.50207520
-1.42966974,-4.49211454
-1.43068540,-4.48215389
-1.43169868,-4.47219324
-1.43270946,-4.46223259
-1.43371785,-4.45227194
-1.43472385,-4.44231129
-1.43572736,-4.43235064
-1.43672836,-4.42238998
-1.43772697,-4.41242933
-1.43872321,-4.40246868
-1.43971694,-4.39250851
-1.44070816,-4.38254786
-1.44169688,-4.37258768
-1.44268322,-4.36262703
-1.44366693,-4.35266685
-1.44464827,-4.34270668
-1.44562709,-4.33274698
-1.44660330,-4.32278681
-1.44757712,-4.31282711
-1.44854832,-4.30286741
-1.44951701,-4.29290771
-1.45048332,-4.28294802
-1.45144713,-4.27298880
-1.45240855,-4.26302910
-1.45336759,-4.25306988
-1.45432448,-4.24311113
-1.45527911,-4.23315191
-1.45623159,-4.22319317
-1.45718193,-4.21323442
-1.45813024,-4.20327568
-1.45907652,-4.19331741
-1.46002078,-4.18335867
-1.46096325,-4.17340040
-1.46190381,-4.16344213
-1.46284258,-4.15348387
-1.46377957,-4.14352608
-1.46471488,-4.13356829
-1.46564865,-4.12361050
-1.46658075,-4.11365271
-1.46751130,-4.10369492
-1.46844029,-4.09373760
-1.46936798,-4.08378029
-1.47029424,-4.07382298
-1.47121918,-4.06386566
-1.47214282,-4.05390835
-1.47306526,-4.04395151
-1.47398651,-4.03399467
-1.47490668,-4.02403784
-1.47582579,-4.01408100
-1.47674382,-4.00412464
-1.47766089,-3.99416804
-1.47857714,-3.98421144
-1.47949243,-3.97425532
-1.48040700,-3.96429896
-1.48132074,-3.95434284
-1.48223376,-3.94438672
-1.48314619,-3.93443084
-1.48405802,-3.92447495
-1.48496938,-3.91451907
-1.48588014,-3.90456343
-1.48679054,-3.89460778
-1.48770046,-3.88465238
-1.48861003,-3.87469697
-1.48951948,-3.86474156
-1.49042857,-3.85478640
-1.49133754,-3.84483123
-1.49224627,-3.83487606
-1.49315500,-3.82492113
-1.49406374,-3.81496620
-1.49497247,-3.80501127
-1.49588132,-3.79505658
-1.49679029,-3.78510189
-1.49769950,-3.77514744
-1.49860883,-3.76519299
-1.49951851,-3.75523853
-1.50042856,-3.74528408
-1.50133896,-3.73532987
-1.50224984,-3.72537565
-1.50316119,-3.71542168
-1.50407314,-3.70546746
-1.50498569,-3.69551373
-1.50589895,-3.68555975
-1.50681281,-3.67560601
-1.50772750,-3.66565228
-1.50864291,-3.65569854
-1.50955927,-3.64574504
-1.51047659,-3.63579154
-1.51139486,-3.62583804
-1.51231408,-3.61588478
-1.51323450,-3.60593128
-1.51415586,-3.59597826
-1.51507854,-3.58602500
-1.51600242,-3.57607198
-1.51692760,-3.56611896
-1.51785409,-3.55616593
-1.51878202,-3.54621315
-1.51971138,-3.53626037
-1.52064216,-3.52630758
-1.52157462,-3.51635480
-1.52250862,-3.50640225
-1.52344418,-3.49644971
-1.52438152,-3.48649716
-1.52532065,-3.47654486
-1.52626157,-3.46659231
-1.52720428,-3.45664001
-1.52814901,-3.44668794
-1.52909565,-3.43673563
-1.53004432,-3.42678356
-1.53099501,-3.41683149
-1.53194785,-3.40687943
-1.53290284,-3.39692760
-1.53386009,-3.38697577
-1.53481972,-3.37702394
-1.53578150,-3.36707211
-1.53674579,-3.35712028
-1.53771245,-3.34716868
-1.53868163,-3.33721709
-1.53965330,-3.32726550
-1.54062760,-3.31731391
-1.54160452,-3.30736256
-1.54258418,-3.29741120
-1.54356658,-3.28745985
-1.54455185,-3.27750850
-1.54553986,-3.26755714
-1.54653084,-3.25760603
-1.54752469,-3.24765491
-1.54852164,-3.23770380
-1.54952157,-3.22775269
-1.55052471,-3.21780157
-1.55153096,-3.20785069
-1.55254042,-3.19789982
-1.55355322,-3.18794894
-1.55456936,-3.17799807
-1.55558872,-3.16804719
-1.55661166,-3.15809655
-1.55763805,-3.14814591
-1.55866790,-3.13819528
-1.55970144,-3.12824464
-1.56073856,-3.11829400
-1.56177938,-3.10834336
-1.56282389,-3.09839296
-1.56387234,-3.08844256
-1.56492448,-3.07849193
-1.56598055,-3.06854177
-1.56704068,-3.05859137
-1.56810474,-3.04864097
-1.56917286,-3.03869081
-1.57024503,-3.02874041
-1.57132137,-3.01879025
-1.57240200,-3.00884008
-1.57348692,-2.99888992
-1.57457602,-2.98893976
-1.57566965,-2.97898960
-1.57676756,-2.96903968
-1.57787001,-2.95908952
-1.57897699,-2.94913960
-1.58008850,-2.93918967
-1.58120465,-2.92923975
-1.58232534,-2.91928983
-1.58345056,-2.90934014
-1.58458030,-2.89939022
-1.58571446,-2.88944054
-1.58685303,-2.87949109
-1.58799613,-2.86954165
-1.58914351,-2.85959220
-1.59029531,-2.84964299
-1.59145141,-2.83969378
-1.59261191,-2.82974505
-1.59377670,-2.81979609
-1.59494567,-2.80984759
-1.59611893,-2.79989910
-1.59729636,-2.78995085
-1.59847796,-2.78000283
-1.59966373,-2.77005506
-1.60085356,-2.76010752
-1.60204756,-2.75015998
-1.60324574,-2.74021292
-1.60444784,-2.73026609
-1.60565400,-2.72031951
-1.60686409,-2.71037340
-1.60807824,-2.70042729
-1.60929620,-2.69048166
-1.61051822,-2.68053627
-1.61174405,-2.67059135
-1.61297369,-2.66064644
-1.61420727,-2.65070224
-1.61544466,-2.64075828
-1.61668575,-2.63081455
-1.61793065,-2.62087131
-1.61917925,-2.61092854
-1.62043154,-2.60098624
-1.62168753,-2.59104419
-1.62294722,-2.58110261
-1.62421048,-2.57116151
-1.62547731,-2.56122088
-1.62674773,-2.55128050
-1.62802172,-2.54134083
-1.62929928,-2.53140163
-1.63058019,-2.52146292
-1.63186467,-2.51152468
-1.63315248,-2.50158691
-1.63444376,-2.49164963
-1.63573849,-2.48171306
-1.63703644,-2.47177696
-1.63833785,-2.46184158
-1.63964248,-2.45190644
-1.64095044,-2.44197226
-1.64226162,-2.43203831
-1.64357603,-2.42210531
-1.64489365,-2.41217279
-1.64621437,-2.40224075
-1.64753830,-2.39230967
-1.64886534,-2.38237906
-1.65019536,-2.37244916
-1.65152860,-2.36251974
-1.65286481,-2.35259128
-1.65420401,-2.34266329
-1.65554631,-2.33273625
-1.65689147,-2.32280993
-1.65823948,-2.31288409
-1.65959060,-2.30295920
-1.66094446,-2.29303503
-1.66230118,-2.28311157
-1.66366076,-2.27318883
-1.66502309,-2.26326704
-1.66638815,-2.25334597
-1.66775608,-2.24342585
-1.66912663,-2.23350644
-1.67049992,-2.22358775
-1.67187595,-2.21367002
-1.67325449,-2.20375323
-1.67463565,-2.19383717
-1.67601943,-2.18392205
-1.67740583,-2.17400789
-1.67879462,-2.16409445
-1.68018603,-2.15418220
-1.68157995,-2.14427066
-1.68297625,-2.13436007
-1.68437493,-2.12445045
-1.68577611,-2.11454177
-1.68717957,-2.10463405
-1.68858540,-2.09472752
-1.68999362,-2.08482170
-1.69140410,-2.07491708
-1.69281685,-2.06501341
-1.69423175,-2.05511069
-1.69564903,-2.04520917
-1.69706833,-2.03530860
-1.69848990,-2.02540898
-1.69991350,-2.01551056
-1.70133936,-2.00561333
-1.70276713,-1.99571705
-1.70419705,-1.98582184
-1.70562899,-1.97592783
-1.70706296,-1.96603489
-1.70849884,-1.95614314
-1.70993674,-1.94625258
-1.71137643,-1.93636310
-1.71281815,-1.92647481
-1.71426165,-1.91658771
-1.71570706,-1.90670180
-1.71715426,-1.89681709
-1.71860313,-1.88693368
-1.72005391,-1.87705147
-1.72150636,-1.86717045
-1.72296059,-1.85729063
-1.72441638,-1.84741223
-1.72587395,-1.83753502
-1.72733307,-1.82765901
-1.72879386,-1.81778443
-1.73025620,-1.80791116
-1.73171997,-1.79803908
-1.73318541,-1.78816843
-1.73465228,-1.77829909
-1.73612070,-1.76843119
-1.73759043,-1.75856459
-1.73906171,-1.74869931
-1.74053431,-1.73883545
-1.74200821,-1.72897303
-1.74348354,-1.71911192
-1.74496007,-1.70925236
-1.74643803,-1.69939423
-1.74791718,-1.68953741
-1.74939752,-1.67968214
-1.75087917,-1.66982830
-1.75236189,-1.65997601
-1.75384581,-1.65012515
-1.75533080,-1.64027572
-1.75681686,-1.63042796
-1.75830412,-1.62058163
-1.75979233,-1.61073685
-1.76128161,-1.60089362
-1.76277184,-1.59105194
-1.76426303,-1.58121181
-1.76575518,-1.57137322
-1.76724827,-1.56153631
-1.76874220,-1.55170095
-1.77023697,-1.54186714
-1.77173257,-1.53203511
-1.77322900,-1.52220464
-1.77472627,-1.51237571
-1.77622414,-1.50254858
-1.77772236,-1.49272299
-1.77921951,-1.48289859
-1.78071475,-1.47307539
-1.78220665,-1.46325302
-1.78369427,-1.45343125
-1.78517628,-1.44360983
-1.78665161,-1.43378854
-1.78811908,-1.42396712
-1.78957760,-1.41414535
-1.79102588,-1.40432310
-1.79246294,-1.39449990
-1.79388750,-1.38467562
-1.79529834,-1.37485003
-1.79669452,-1.36502290
-1.79807472,-1.35519409
-1.79943788,-1.34536314
-1.80078280,-1.33552992
-1.80210829,-1.32569420
-1.80341327,-1.31585574
-1.80469656,-1.30601430
-1.80595684,-1.29616964
-1.80719328,-1.28632152
-1.80840445,-1.27646971
-1.80958927,-1.26661384
-1.81074667,-1.25675392
-1.81187546,-1.24688959
-1.81297445,-1.23702049
-1.81404245,-1.22714651
-1.81507838,-1.21726751
-1.81608105,-1.20738304
-1.81704926,-1.19749284
-1.81798196,-1.18759692
-1.81887794,-1.17769492
-1.81973600,-1.16778648
-1.82055497,-1.15787160
-1.82133389,-1.14794981
-1.82207143,-1.13802099
-1.82276642,-1.12808478
-1.82341778,-1.11814117
-1.82402432,-1.10818970
-1.82458496,-1.09823024
-1.82509840,-1.08826256
-1.82556355,-1.07828641
-1.82597935,-1.06830144
-1.82634461,-1.05830765
-1.82665801,-1.04830456
-1.82691860,-1.03829193
-1.82712507,-1.02826977
-1.82727647,-1.01823759
-1.82737136,-1.00819528
-1.82740879,-0.99814248
-1.82738757,-0.98807913
-1.82730651,-0.97800487
-1.82716453,-0.96791947
-1.82696033,-0.95782274
-1.82669294,-0.94771433
-1.82636106,-0.93759418
-1.82596362,-0.92746186
-1.82549930,-0.91731727
-1.82496715,-0.90716010
-1.82436597,-0.89699018
-1.82369447,-0.88680714
-1.82295167,-0.87661088
-1.82213640,-0.86640108
-1.82124734,-0.85617757
-1.82028353,-0.84593999
-1.81924367,-0.83568823
-1.81812668,-0.82542199
-1.81693137,-0.81514102
-1.81565654,-0.80484509
-1.81430113,-0.79453397
-1.81286407,-0.78420740
-1.81134391,-0.77386516
-1.80973983,-0.76350707
-1.80805039,-0.75313276
-1.80627489,-0.74274296
-1.80441260,-0.73234046
-1.80246317,-0.72192848
-1.80042636,-0.71151036
-1.79830170,-0.70108920
-1.79608881,-0.69066834
-1.79378724,-0.68025100
-1.79139662,-0.66984034
-1.78891659,-0.65943968
-1.78634679,-0.64905220
-1.78368664,-0.63868117
-1.78093588,-0.62832981
-1.77809417,-0.61800134
-1.77516115,-0.60769904
-1.77213621,-0.59742612
-1.76901913,-0.58718580
-1.76580942,-0.57698131
-1.76250672,-0.56681597
-1.75911069,-0.55669290
-1.75562096,-0.54661536
-1.75203693,-0.53658664
-1.74835849,-0.52660996
-1.74458504,-0.51668853
-1.74071622,-0.50682563
-1.73675168,-0.49702442
-1.73269105,-0.48728818
-1.72853398,-0.47762015
-1.72427988,-0.46802354
-1.71992850,-0.45850164
-1.71547937,-0.44905761
-1.71093225,-0.43969473
-1.70628655,-0.43041626
-1.70154202,-0.42122537
-1.69669831,-0.41212532
-1.69175482,-0.40311939
-1.68671131,-0.39421076
-1.68156731,-0.38540268
-1.67632246,-0.37669840
-1.67097640,-0.36810115
-1.66552866,-0.35961416
-1.65997887,-0.35124066
-1.65432680,-0.34298390
-1.64857173,-0.33484709
-1.64271355,-0.32683349
-1.63675177,-0.31894633
-1.63068604,-0.31118885
-1.62451589,-0.30356425
-1.61824095,-0.29607582
-1.61186075,-0.28872675
-1.60537505,-0.28152031
-1.59878337,-0.27445969
-1.59208536,-0.26754817
-1.58528066,-0.26078898
-1.57836866,-0.25418535
-1.57134926,-0.24774049
-1.56422186,-0.24145766
-1.55698609,-0.23534009
-1.54964173,-0.22939102
-1.54218817,-0.22361368
-1.53462505,-0.21801130
-1.52695215,-0.21258706
-1.51917005,-0.20734186
-1.51128066,-0.20227394
-1.50328588,-0.19738133
-1.49518764,-0.19266216
-1.48698807,-0.18811446
-1.47868896,-0.18373632
-1.47029245,-0.17952582
-1.46180034,-0.17548102
-1.45321453,-0.17159998
-1.44453716,-0.16788080
-1.43577015,-0.16432153
-1.42691541,-0.16092025
-1.41797495,-0.15767503
-1.40895069,-0.15458393
-1.39984465,-0.15164505
-1.39065862,-0.14885645
-1.38139474,-0.14621618
-1.37205493,-0.14372234
-1.36264122,-0.14137299
-1.35315537,-0.13916622
-1.34359944,-0.13710007
-1.33397543,-0.13517264
-1.32428539,-0.13338199
-1.31453097,-0.13172618
-1.30471444,-0.13020331
-1.29483771,-0.12881142
-1.28490257,-0.12754861
-1.27491117,-0.12641294
-1.26486528,-0.12540248
-1.25476706,-0.12451530
-1.24461830,-0.12374948
-1.23442113,-0.12310309
-1.22417736,-0.12257420
-1.21388900,-0.12216087
-1.20355797,-0.12186120
-1.19318640,-0.12167324
-1.18277609,-0.12159507
-1.17232907,-0.12162476
-1.16184723,-0.12176038
-1.15133250,-0.12200000
-1.14078701,-0.12234171
-1.13021266,-0.12278356
-1.11961126,-0.12332362
-1.10898495,-0.12395998
-1.09833562,-0.12469070
-1.08766520,-0.12551387
-1.07697570,-0.12642753
-1.06626904,-0.12742978
-1.05554724,-0.12851867
-1.04481232,-0.12969230
-1.03406596,-0.13094871
-1.02331042,-0.13228600
-1.01254749,-0.13370222
-1.00177920,-0.13519546
-0.99100757,-0.13676378
-0.98023444,-0.13840525
-0.96946180,-0.14011796
-0.95869166,-0.14189996
-0.94792593,-0.14374933
-0.93716657,-0.14566414
-0.92641556,-0.14764246
-0.91567487,-0.14968239
-0.90494645,-0.15178196
-0.89423227,-0.15393928
-0.88353431,-0.15615238
-0.87285447,-0.15841937
-0.86219472,-0.16073830
-0.85155708,-0.16310725
-0.84094346,-0.16552429
-0.83035582,-0.16798750
-0.81979614,-0.17049494
-0.80926633,-0.17304468
-0.79876846,-0.17563482
-0.78830439,-0.17826338
-0.77787614,-0.18092848
-0.76748562,-0.18362819
-0.75713480,-0.18636054
-0.74682570,-0.18912365
-0.73656023,-0.19191554
-0.72634029,-0.19473433
-0.71616799,-0.19757809
-0.70604503,-0.20044497
-0.69597161,-0.20333453
-0.68594676,-0.20624715
-0.67596960,-0.20918332
-0.66603905,-0.21214345
-0.65615416,-0.21512799
-0.64631397,-0.21813738
-0.63651752,-0.22117205
-0.62676388,-0.22423245
-0.61705202,-0.22731902
-0.60738099,-0.23043218
-0.59774983,-0.23357239
-0.58815753,-0.23674010
-0.57860321,-0.23993573
-0.56908584,-0.24315971
-0.55960441,-0.24641250
-0.55015796,-0.24969453
-0.54074562,-0.25300625
-0.53136635,-0.25634807
-0.52201915,-0.25972047
-0.51270312,-0.26312387
-0.50341719,-0.26655871
-0.49416050,-0.27002543
-0.48493204,-0.27352446
-0.47573081,-0.27705628
-0.46655589,-0.28062129
-0.45740628,-0.28421992
-0.44828099,-0.28785264
-0.43917912,-0.29151988
-0.43009961,-0.29522204
-0.42104158,-0.29895964
-0.41200399,-0.30273306
-0.40298590,-0.30654278
-0.39398631,-0.31038919
-0.38500431,-0.31427276
-0.37603891,-0.31819394
-0.36708909,-0.32215315
-0.35815397,-0.32615083
-0.34923249,-0.33018741
-0.34032372,-0.33426335
-0.33142668,-0.33837909
-0.32254043,-0.34253508
-0.31366399,-0.34673172
-0.30479637,-0.35096946
-0.29593658,-0.35524878
-0.28708372,-0.35957009
-0.27823675,-0.36393380
-0.26939476,-0.36834040
-0.26055673,-0.37279031
-0.25172171,-0.37728399
-0.24288875,-0.38182184
-0.23405685,-0.38640431
-0.22522505,-0.39103186
-0.21639238,-0.39570490
-0.20755789,-0.40042391
-0.19872057,-0.40518931
-0.18987949,-0.41000152
-0.18103366,-0.41486099
-0.17218210,-0.41976818
-0.16332386,-0.42472351
-0.15445799,-0.42972744
-0.14558347,-0.43478039
-0.13669935,-0.43988279
-0.12780468,-0.44503510
-0.11889847,-0.45023775
-0.10997976,-0.45549119
-0.10104757,-0.46079585
-0.09210093,-0.46615219
-0.08313889,-0.47156060
-0.07416046,-0.47702157
-0.06516504,-0.48253414
-0.05615308,-0.48809296
-0.04712528,-0.49369189
-0.03808234,-0.49932483
-0.02902492,-0.50498557
-0.01995373,-0.51066798
-0.01086945,-0.51636595
-0.00177276,-0.52207327
0.00733565,-0.52778387
0.01645509,-0.53349149
0.02558487,-0.53919005
0.03472431,-0.54487342
0.04387272,-0.55053538
0.05302942,-0.55616981
0.06219371,-0.56177062
0.07136492,-0.56733161
0.08054234,-0.57284659
0.08972531,-0.57830948
0.09891312,-0.58371413
0.10810509,-0.58905429
0.11730055,-0.59432393
0.12649879,-0.59951687
0.13569914,-0.60462695
0.14490089,-0.60964799
0.15410338,-0.61457384
0.16330591,-0.61939842
0.17250781,-0.62411553
0.18170835,-0.62871903
0.19090690,-0.63320273
0.20010273,-0.63756055
0.20929517,-0.64178634
0.21848352,-0.64587384
0.22766712,-0.64981705
0.23684525,-0.65360975
0.24601726,-0.65724576
0.25518245,-0.66071898
0.26434010,-0.66402322
0.27348956,-0.66715240
0.28263015,-0.67010027
0.29176113,-0.67286074
0.30088189,-0.67542768
0.30999169,-0.67779493
0.31908983,-0.67995632
0.32817569,-0.68190569
0.33724850,-0.68363690
0.34630767,-0.68514377
0.35535240,-0.68642026
0.36438209,-0.68746012
0.37339604,-0.68825722
0.38239351,-0.68880540
0.39137387,-0.68909860
0.40033641,-0.68913054
0.40928060,-0.68889761
0.41820630,-0.68840313
0.42711341,-0.68765163
0.43600187,-0.68664765
0.44487160,-0.68539578
0.45372254,-0.68390048
0.46255460,-0.68216640
0.47136775,-0.68019807
0.48016188,-0.67799997
0.48893693,-0.67557675
0.49769279,-0.67293286
0.50642949,-0.67007285
0.51514685,-0.66700137
0.52384484,-0.66372287
0.53252333,-0.66024202
0.54118240,-0.65656322
0.54982179,-0.65269107
0.55844158,-0.64863014
0.56704164,-0.64438498
0.57562184,-0.63996017
0.58418220,-0.63536018
0.59272259,-0.63058960
0.60124296,-0.62565297
0.60974324,-0.62055486
0.61822331,-0.61529976
0.62668318,-0.60989231
0.63512278,-0.60433698
0.64354193,-0.59863842
0.65194064,-0.59280103
0.66031879,-0.58682948
0.66867638,-0.58072823
0.67701322,-0.57450187
0.68532938,-0.56815499
0.69362473,-0.56169212
0.70189911,-0.55511779
0.71015263,-0.54843646
0.71838504,-0.54165286
0.72659636,-0.53477138
0.73478645,-0.52779669
0.74295533,-0.52073324
0.75110286,-0.51358569
0.75922900,-0.50635844
0.76733369,-0.49905616
0.77541685,-0.49168333
0.78347832,-0.48424456
0.79151815,-0.47674435
0.79953623,-0.46918726
0.80753243,-0.46157783
0.81550676,-0.45392063
0.82345909,-0.44622022
0.83138937,-0.43848112
0.83929753,-0.43070787
0.84718347,-0.42290503
0.85504717,-0.41507718
0.86288851,-0.40722883
0.87070745,-0.39936453
0.87850392,-0.39148885
0.88627779,-0.38360631
0.89402902,-0.37572151
0.90175760,-0.36783895
0.90946335,-0.35996318
0.91714633,-0.35209879
0.92480630,-0.34425029
0.93244332,-0.33642223
0.94005728,-0.32861918
0.94764805,-0.32084566
0.95521569,-0.31310627
0.96276021,-0.30540478
0.97028285,-0.29774225
0.97778493,-0.29011890
0.98526788,-0.28253496
0.99273306,-0.27499071
1.00018191,-0.26748636
1.00761569,-0.26002216
1.01503587,-0.25259840
1.02244377,-0.24521527
1.02984083,-0.23787305
1.03722847,-0.23057196
1.04460788,-0.22331227
1.05198073,-0.21609421
1.05934823,-0.20891805
1.06671166,-0.20178400
1.07407260,-0.19469233
1.08143246,-0.18764329
1.08879232,-0.18063711
1.09615386,-0.17367403
1.10351837,-0.16675432
1.11088729,-0.15987821
1.11826181,-0.15304595
1.12564349,-0.14625780
1.13303375,-0.13951398
1.14043379,-0.13281475
1.14784503,-0.12616035
1.15526903,-0.11955103
1.16270697,-0.11298704
1.17016041,-0.10646863
1.17763054,-0.09999602
1.18511879,-0.09356949
1.19262671,-0.08718926
1.20015550,-0.08085559
1.20770657,-0.07456871
1.21528149,-0.06832889
1.22288132,-0.06213636
1.23050761,-0.05599137
1.23816180,-0.04989416
1.24584520,-0.04384499
1.25355923,-0.03784409
1.26130521,-0.03189171
1.26908469,-0.02598811
1.27689874,-0.02013352
1.28474903,-0.01432819
1.29263675,-0.00857236
1.30056345,-0.00286629
1.30853045,0.00278978
1.31653905,0.00839561
1.32459068,0.01395094
1.33268678,0.01945555
1.34082866,0.02490916
1.34901774,0.03031155
1.35725546,0.03566247
1.36554301,0.04096167
1.37388194,0.04620890
1.38227367,0.05140391
1.39071941,0.05654647
1.39922071,0.06163633
1.40777874,0.06667323
1.41639519,0.07165694
1.42507112,0.07658722
1.43380821,0.08146379
1.44260752,0.08628644
1.45147073,0.09105491
1.46039915,0.09576895
1.46939397,0.10042832
1.47845674,0.10503277
1.48758888,0.10958207
1.49679172,0.11407594
1.50606656,0.11851417
1.51541483,0.12289649
1.52483797,0.12722267
1.53433716,0.13149241
1.54391134,0.13570486
1.55355811,0.13985889
1.56327522,0.14395334
1.57306027,0.14798707
1.58291113,0.15195894
1.59282529,0.15586780
1.60280061,0.15971248
1.61283457,0.16349186
1.62292492,0.16720477
1.63306940,0.17085007
1.64326560,0.17442662
1.65351129,0.17793325
1.66380405,0.18136884
1.67414165,0.18473223
1.68452168,0.18802226
1.69494188,0.19123779
1.70539987,0.19437768
1.71589339,0.19744077
1.72642004,0.20042592
1.73697758,0.20333198
1.74756372,0.20615780
1.75817597,0.20890224
1.76881218,0.21156412
1.77946997,0.21414234
1.79014695,0.21663572
1.80084097,0.21904312
1.81154943,0.22136340
1.82227027,0.22359540
1.83300114,0.22573796
1.84373951,0.22778995
1.85448325,0.22975023
1.86522996,0.23161764
1.87597740,0.23339103
1.88672304,0.23506925
1.89746487,0.23665115
1.90820026,0.23813561
1.91892719,0.23952144
1.92964303,0.24080752
1.94034564,0.24199268
1.95103276,0.24307580
1.96170187,0.24405572
1.97235084,0.24493128
1.98297715,0.24570134
1.99357855,0.24636476
2.00415277,0.24692038
2.01469755,0.24736705
2.02521062,0.24770363
2.03568935,0.24792898
2.04613161,0.24804193
2.05653501,0.24804135
2.06689739,0.24792607
2.07721615,0.24769497
2.08748913,0.24734689
2.09771419,0.24688068
2.10788870,0.24629518
2.11801052,0.24558927
2.12807727,0.24476178
2.13808656,0.24381156
2.14803624,0.24273749
2.15792394,0.24153838
2.16774726,0.24021311
2.17750382,0.23876053
2.18719125,0.23717947
2.19680762,0.23546882
2.20635009,0.23362739
2.21581674,0.23165408
2.22520518,0.22954769
2.23451281,0.22730711
2.24373770,0.22493117
2.25287724,0.22241873
2.26192904,0.21976864
2.27089119,0.21697976
2.27976108,0.21405092
2.28853631,0.21098100
2.29721475,0.20776884
2.30579400,0.20441328
2.31427169,0.20091319
2.32264543,0.19726741
2.33091331,0.19347480
2.33907247,0.18953420
2.34712100,0.18544447
2.35505629,0.18120447
