2.75999975,-1.35919154
2.75999975,-1.36920381
2.75999975,-1.37920594
2.75999999,-1.38919771
2.75999999,-1.39917898
2.75999999,-1.40914965
2.76000094,-1.41910934
2.76000118,-1.42905819
2.76000047,-1.43899596
2.75999951,-1.44892251
2.75999928,-1.45883799
2.75999975,-1.46874225
2.76000047,-1.47863507
2.75999951,-1.48851681
2.76000047,-1.49838746
2.76000047,-1.50824690
2.78500128,-1.51785171
2.78500032,-1.52778721
2.78499985,-1.53771269
2.78500032,-1.54762828
2.78500009,-1.55753422
2.78500104,-1.56743050
2.78499985,-1.57731748
2.78500009,-1.58719552
2.78499985,-1.59706450
2.78499961,-1.60692501
2.78500032,-1.61677742
2.78500032,-1.62662172
2.78500080,-1.63645828
2.78500009,-1.64628768
2.78500080,-1.65611029
2.78500104,-1.66592634
2.78500080,-1.67573631
2.78499913,-1.68554068
2.78500104,-1.69534016
2.78500032,-1.70513475
2.78499985,-1.71492541
2.78499961,-1.72471237
2.78500056,-1.73449647
2.78499985,-1.74427807
2.78500009,-1.75405788
2.78499937,-1.76383650
2.78500056,-1.77361465
2.78500032,-1.78339279
2.77286339,-1.79184043
2.75999951,-1.80009580
2.75999904,-1.80976439
2.76000023,-1.81943572
2.75999975,-1.82911015
2.76000118,-1.83878922
2.76000047,-1.84847283
2.75999999,-1.85816240
2.75999999,-1.86785865
2.78500009,-1.88134098
2.78499937,-1.89116931
2.78499961,-1.90100718
2.78499985,-1.91085541
2.78500032,-1.92071474
2.78499985,-1.93058574
2.78500009,-1.94046974
2.78499961,-1.95036745
2.78500009,-1.96027982
2.78499985,-1.97020757
2.78499913,-1.98015130
2.78499889,-1.99011242
2.78499913,-2.00009155
2.78499961,-2.01008916
2.78499985,-2.02010655
2.78500009,-2.03014421
2.78500032,-2.04020286
2.78499985,-2.05028319
2.77612376,-2.05829477
2.76376414,-2.06540847
2.76000071,-2.07453656
2.76000047,-2.08459330
2.75999999,-2.09467530
2.76000071,-2.10478258
2.75999928,-2.11491585
2.76000023,-2.12507534
2.76000071,-2.13526082
2.75999951,-2.14547253
2.75688171,-2.15483165
2.74625945,-2.16203666
2.73591447,-2.16925168
2.76000047,-2.18658876
2.76000047,-2.19693470
2.75999975,-2.20730662
2.75999975,-2.21770501
2.75999951,-2.22812915
2.75999951,-2.23857856
2.76000047,-2.24905396
2.76000023,-2.25955391
2.76000071,-2.27007914
2.75999999,-2.28062916
2.76000047,-2.29120421
2.75999999,-2.30180383
2.75999999,-2.31242871
2.75999904,-2.32307911
2.76000023,-2.33375525
2.75999951,-2.34445691
2.75301409,-2.35261083
2.74425364,-2.36006331
2.73566437,-2.36753011
2.73500013,-2.37797213
2.73499966,-2.38869190
2.73500037,-2.39943957
2.73499990,-2.41021442
2.73500013,-2.42101836
2.73499990,-2.43185163
2.73500037,-2.44271493
2.72827935,-2.45083833
2.71012044,-2.45416903
2.69230151,-2.45751619
2.67481470,-2.46088147
2.65764642,-2.46426439
2.64078712,-2.46766615
2.63500094,-2.47581029
2.63499951,-2.48650169
2.62831807,-2.49424219
2.61729050,-2.50000024
2.59375930,-2.50000024
2.58500004,-2.50663257
2.58500099,-2.51729774
2.58499980,-2.52800202
2.58209658,-2.53737402
2.56687689,-2.54088187
2.55999947,-2.54832006
2.56000090,-2.55908537
2.55683684,-2.56834173
2.54838562,-2.57500029
2.52664232,-2.57500005
2.51025510,-2.57755470
2.50999951,-2.58820128
2.51000047,-2.59902358
2.51000047,-2.60989261
2.49759388,-2.61435652
2.48499990,-2.61866593
2.48500037,-2.62957454
2.48499942,-2.64053154
2.48500037,-2.65153933
2.47670650,-2.65810919
2.46344161,-2.66194987
2.46000051,-2.67112875
2.45999956,-2.68223429
2.46000004,-2.69339252
2.45180678,-2.69999981
2.43196201,-2.70000005
2.41630387,-2.70227718
2.41000009,-2.70984817
2.40999985,-2.72106457
2.41000056,-2.73233485
2.39942503,-2.73746133
2.38715816,-2.74155951
2.38499951,-2.75161695
2.38499999,-2.76300168
2.38500071,-2.77444053
2.38500047,-2.78593183
2.38500071,-2.79747677
2.38499928,-2.80907393
2.38500047,-2.82072520
2.37303638,-2.82500029
2.35428905,-2.82500029
2.34487581,-2.83077717
2.33785248,-2.83804750
2.33500004,-2.84797025
2.33088946,-2.85711837
2.31954265,-2.86163592
2.30999994,-2.86728907
2.31000018,-2.87912822
2.30999970,-2.89101720
2.30999994,-2.90295506
2.30224276,-2.90981746
2.29132295,-2.91457510
2.28499985,-2.92237306
2.28500032,-2.93441343
2.27890801,-2.94239426
2.27165127,-2.94959116
2.25441337,-2.95000005
2.23952937,-2.95195246
2.23499990,-2.96095514
2.23499990,-2.97308874
2.23500013,-2.98525906
2.23500109,-2.99746442
2.23163438,-3.00735712
2.22418356,-3.01440763
2.21671486,-3.02143860
2.20510244,-3.02554464
2.19522476,-3.03084970
2.18544030,-3.03620315
2.18499970,-3.04817724
2.18500090,-3.06048703
2.18141961,-3.07025933
2.17080116,-3.07500052
2.15359950,-3.07500052
2.13832474,-3.07634950
2.13499999,-3.08627939
2.13500023,-3.09861565
2.13500047,-3.11096549
2.13499999,-3.12332702
2.12710810,-3.12997603
2.11812139,-3.13582373
2.10999942,-3.14229202
2.11000013,-3.15466571
2.10507274,-3.16345525
2.09685469,-3.16984510
2.08860278,-3.17620492
2.08500051,-3.18595386
2.08500051,-3.19833183
2.08499980,-3.21070957
2.08318782,-3.22176313
2.07067990,-3.22500014
2.05374360,-3.22500014
2.03894854,-3.22656393
2.03500032,-3.23604941
2.03499985,-3.24841285
2.03500009,-3.26077175
2.03500080,-3.27312422
2.03500032,-3.28546786
2.03500056,-3.29780269
2.03499961,-3.31012678
2.03500009,-3.32244039
2.02157378,-3.32500052
2.00459838,-3.32500029
1.98759651,-3.32500029
1.98500073,-3.33543134
1.98499990,-3.34772658
1.98500001,-3.36000800
1.98427033,-3.37174940
1.97172856,-3.37500024
1.95462334,-3.37500048
1.94099140,-3.37751532
1.93500006,-3.38550377
1.93500042,-3.39775825
1.93500078,-3.40999436
1.92888236,-3.41787791
1.91933525,-3.42334104
1.90999961,-3.42896724
1.91000080,-3.44117069
1.90999997,-3.45335221
1.91000009,-3.46551275
1.90619648,-3.47499967
1.88875270,-3.47500062
1.87123418,-3.47500038
1.86193728,-3.48073077
1.86000013,-3.49154472
1.86000025,-3.50367308
1.85783195,-3.51429415
1.84766042,-3.51944661
1.83740997,-3.52456880
1.83499956,-3.53501868
1.83499944,-3.54707909
1.83499968,-3.55911207
1.83298302,-3.56976843
1.82247078,-3.57474566
1.81187534,-3.57969451
1.80999911,-3.59043384
1.81000006,-3.60238957
1.80999982,-3.61431432
1.80693400,-3.62420702
1.78988969,-3.62500000
1.77152002,-3.62500024
1.76397419,-3.63204646
1.76000059,-3.64139557
1.75999987,-3.65327144
1.75999928,-3.66511440
1.75999951,-3.67692375
1.75999999,-3.68869901
1.76000071,-3.70043945
1.74928987,-3.70546532
1.73786461,-3.71007800
1.73500061,-3.72000957
1.73500001,-3.73168135
1.73500013,-3.74331665
1.73228371,-3.75326324
1.72056639,-3.75774503
1.71000099,-3.76295638
1.71000016,-3.77452016
1.71000028,-3.78604627
1.71000004,-3.79753375
1.70281208,-3.80474997
1.69065976,-3.80906677
1.68500018,-3.81720567
1.68499923,-3.82861829
1.68500018,-3.83999205
1.68448377,-3.85102987
1.67194533,-3.85519195
1.65999997,-3.85973430
1.66000080,-3.87103200
1.66000104,-3.88228893
1.66000009,-3.89350295
1.66000044,-3.90467572
1.66000056,-3.91580606
1.65999925,-3.92689300
1.65865564,-3.93721080
1.64529324,-3.94104242
1.63500023,-3.94656634
1.63500082,-3.95757174
1.63500047,-3.96853232
1.63500059,-3.97944760
1.62388361,-3.98456240
1.60999954,-3.98829818
1.60999990,-3.99917483
1.61000001,-4.01000452
1.60999978,-4.02078629
1.60075188,-4.02692270
1.58572948,-4.03024244
1.58500016,-4.04062605
1.58500028,-4.05132055
1.58499980,-4.06196451
1.57535136,-4.06797314
1.55999994,-4.07133389
1.56000078,-4.08194113
1.55999935,-4.09249496
1.55999959,-4.10299826
1.54696286,-4.10755873
1.53500009,-4.11267424
1.53499937,-4.12313843
1.53499973,-4.13355017
1.53302693,-4.14305496
1.51458788,-4.14550829
1.51000059,-4.15393114
1.53499997,-4.17463732
1.53500044,-4.18476534
1.52232826,-4.18971157
1.51000082,-4.19487953
1.51000035,-4.20497322
1.50999987,-4.21500778
1.50236833,-4.22207546
1.48499978,-4.22552347
1.48500001,-4.23553276
1.48500001,-4.24548340
1.47915018,-4.25329065
1.46000063,-4.25645304
1.45999980,-4.26638794
1.45999980,-4.27626705
1.45194387,-4.28342199
1.43499947,-4.28774071
1.43500018,-4.29761505
1.43500042,-4.30743361
1.41962349,-4.31251478
1.41000104,-4.31946230
1.40999997,-4.32928658
1.40999937,-4.33905840
1.38051045,-4.34060764
1.36000025,-4.34494209
1.35999966,-4.35490799
1.36000097,-4.36482525
1.33500075,-4.36847687
1.33499968,-4.37847567
1.33500051,-4.38842726
1.31456161,-4.39369726
1.26985383,-4.39390135
1.26000059,-4.40211153
1.26000023,-4.41243935
1.24185538,-4.41915607
1.18676233,-4.41912270
1.18499899,-4.42957020
1.18500054,-4.44031572
1.18500066,-4.45102644
1.18499982,-4.46170139
1.20999992,-4.47609234
1.21000004,-4.48649979
1.21000004,-4.49687195
1.20999992,-4.50720978
1.21000004,-4.51751423
1.20999932,-4.52778578
1.21000004,-4.53802538
1.21000028,-4.54823399
1.20999897,-4.55841160
1.23500061,-4.57045507
1.23500049,-4.58036089
1.23500037,-4.59023809
1.23500037,-4.60008717
1.23499978,-4.60990953
1.23499966,-4.61970520
1.23500013,-4.62947655
1.23499918,-4.63922358
1.23500001,-4.64894915
1.23499882,-4.65865278
1.23500037,-4.66833687
1.23500073,-4.67800283
1.23499966,-4.68765306
1.23500001,-4.69728756
1.23500049,-4.70690870
1.23500049,-4.71651840
1.23499990,-4.72611809
1.23500025,-4.73571110
1.23500025,-4.74529791
1.23500049,-4.75488138
1.23500085,-4.76446342
1.23500013,-4.77404547
1.25999916,-4.78041935
1.25999928,-4.78975677
1.25454712,-4.79991055
1.24084187,-4.81149626
1.23500001,-4.82204437
1.23499918,-4.83168030
1.23499966,-4.84133387
1.23499906,-4.85100842
1.23499990,-4.86070681
1.23499942,-4.87043285
1.23500037,-4.88018894
1.23499990,-4.88997841
1.23499978,-4.89980555
1.23500061,-4.90967131
1.23499978,-4.91958237
1.23499978,-4.92953968
1.23500073,-4.93954849
1.23499942,-4.94961166
1.23500037,-4.95973301
1.23500061,-4.96991682
1.23500013,-4.98016739
1.23500061,-4.99048758
1.23500025,-5.00088120
1.23500013,-5.01135349
1.23500001,-5.02190924
1.23499930,-5.03255033
1.23500013,-5.04328203
1.26000059,-5.04337025
1.25999963,-5.05398273
1.26000023,-5.06469297
1.26000023,-5.07550669
1.25999963,-5.08642673
1.25999999,-5.09745693
1.26000011,-5.10860062
1.25999999,-5.11986113
1.25999975,-5.13124371
1.25999999,-5.14274883
1.26000011,-5.15438461
1.26000011,-5.16615105
1.25999975,-5.17805624
1.25999999,-5.19010210
1.26000023,-5.20229435
1.26000071,-5.21463680
1.25999987,-5.22713709
1.25999999,-5.23979712
1.25999963,-5.25262308
1.26000011,-5.26561928
1.25999999,-5.27879333
1.25999999,-5.29214716
1.26000082,-5.30568790
1.26000082,-5.31942320
1.27362609,-5.32300997
1.28500021,-5.32812738
1.28500056,-5.34209156
1.28499985,-5.35627031
1.28500068,-5.37066889
1.28499961,-5.38529491
1.28500032,-5.40015268
1.28499973,-5.41525030
1.28500080,-5.43059301
1.28500092,-5.44618893
1.28500032,-5.46204376
1.29684770,-5.46706867
1.31659913,-5.46442556
1.36165488,-5.43682003
1.38006675,-5.43425751
1.39807165,-5.43173981
1.41568577,-5.42926979
1.43292594,-5.42684889
1.44980407,-5.42448187
1.46633530,-5.42217207
1.48253250,-5.41991997
1.49840820,-5.41773129
1.51397204,-5.41560841
1.52923870,-5.41355419
1.54421508,-5.41157341
1.55891287,-5.40966892
1.57334006,-5.40784502
1.58750772,-5.40610456
1.60142243,-5.40445042
1.61509240,-5.40289021
1.64795482,-5.37642574
1.66086257,-5.37506247
1.67355573,-5.37380171
1.68604028,-5.37265158
1.69832361,-5.37161303
1.71041000,-5.37069321
1.72230721,-5.36989498
1.73401797,-5.36922503
1.74555051,-5.36868572
1.75690639,-5.36828518
1.76809311,-5.36802435
1.79562771,-5.34291077
1.80625606,-5.34295130
1.81673157,-5.34315014
1.82705867,-5.34351301
1.83724082,-5.34404516
1.84728158,-5.34475231
1.85718441,-5.34563828
1.86695206,-5.34671068
1.87658775,-5.34797335
1.88609421,-5.34943295
1.89547300,-5.35109520
1.90472925,-5.35296392
1.91386259,-5.35504913
1.92287767,-5.35735321
1.93177521,-5.35988235
1.94055808,-5.36264324
1.94922757,-5.36564064
1.95778644,-5.36888027
1.96623576,-5.37236738
1.97457623,-5.37610769
1.98280990,-5.38010883
1.99093723,-5.38437557
1.99896145,-5.38891029
2.00688291,-5.39371920
2.01470327,-5.39880562
2.02242351,-5.40417242
2.04219723,-5.38482714
2.04961371,-5.39076805
2.05693626,-5.39700174
2.06416512,-5.40353155
2.07130241,-5.41035891
2.07834744,-5.41748762
2.08530021,-5.42492151
2.09216189,-5.43265772
2.09893322,-5.44069719
2.10561442,-5.44903755
2.11220765,-5.45767498
2.11871195,-5.46660805
2.12512851,-5.47583389
2.13145781,-5.48534584
2.13770080,-5.49514008
2.14385819,-5.50520849
2.14993167,-5.51554298
2.15641785,-5.52500057
2.16705155,-5.52500010
2.17768383,-5.52499914
2.18831396,-5.52500057
2.19894600,-5.52499962
2.20957947,-5.52499962
2.21520805,-5.53658533
2.22066259,-5.54859829
2.22604823,-5.56078768
2.23136401,-5.57314014
2.24121094,-5.57500029
2.25186086,-5.57499981
2.26251292,-5.57500076
2.27316761,-5.57500076
2.28196645,-5.57928610
2.28690100,-5.59244585
2.29177785,-5.60568905
2.29659796,-5.61899948
2.30459404,-5.62500048
2.31521678,-5.62499952
2.32584333,-5.62500000
2.33647442,-5.62500000
2.34489322,-5.62998533
2.34940004,-5.64368820
2.35717797,-5.65000057
2.36778665,-5.65000010
2.37840199,-5.65000010
2.38902736,-5.65000057
2.39624810,-5.65743923
2.40048766,-5.67127466
2.40935659,-5.67500067
2.41995692,-5.67500067
2.43056941,-5.67499971
2.44119573,-5.67500067
2.45183730,-5.67500019
2.46249604,-5.67499971
2.47317171,-5.67500067
2.48302436,-5.67672873
2.48693323,-5.69057131
2.49294376,-5.70000029
2.50360584,-5.70000029
2.51429152,-5.69999981
2.52499962,-5.70000029
2.53573465,-5.70000029
2.54649544,-5.70000029
2.55728555,-5.70000029
2.56810546,-5.69999981
2.57895827,-5.69999933
2.58984351,-5.69999933
2.60076523,-5.69999981
2.61172414,-5.69999981
2.62272191,-5.69999981
2.63376045,-5.70000076
2.64217162,-5.70476389
2.64566374,-5.71820259
2.65284777,-5.72499943
2.66392684,-5.72500038
2.67505360,-5.72500038
2.68623257,-5.72500038
2.69746280,-5.72500086
2.70874929,-5.72500038
2.72009277,-5.72499990
2.73149562,-5.72500038
2.74295998,-5.72500086
2.75449085,-5.72499990
2.76608729,-5.72499990
2.77652192,-5.72692013
2.78497052,-5.73196983
2.79350448,-5.73689270
2.80212712,-5.74168825
2.82761598,-5.72136068
2.83723187,-5.72499943
2.84937644,-5.72500038
2.86161137,-5.72499943
2.87393975,-5.72500038
2.88636589,-5.72499943
2.89889026,-5.72499990
2.91151977,-5.72500086
2.92425632,-5.72500086
2.93710542,-5.72499990
2.95006704,-5.72500038
2.96314812,-5.72500038
2.97635102,-5.72500086
2.98968148,-5.72499990
3.00314069,-5.72499990
3.01673579,-5.72500038
3.03046942,-5.72499990
3.04434729,-5.72500086
3.05671430,-5.72699356
3.06789470,-5.73052645
3.07922339,-5.73397970
3.09070873,-5.73735380
3.10235286,-5.74064922
3.11415815,-5.74387121
3.12612939,-5.74702120
3.16111875,-5.72500086
3.17651200,-5.72499990
3.19065905,-5.72654295
3.19346285,-5.74024248
3.19628072,-5.75378513
3.19911575,-5.76717234
3.20196962,-5.78040457
3.20484352,-5.79348516
3.21423006,-5.80000019
3.22968507,-5.80064487
3.23499990,-5.81125212
3.23499966,-5.82684660
3.23500013,-5.84224796
3.23499942,-5.85746288
3.23499966,-5.87249279
3.23499942,-5.88734341
3.23500061,-5.90201616
3.23500061,-5.91651821
3.23500037,-5.93085146
3.23727989,-5.94308376
3.24020314,-5.95466900
3.24317098,-5.96612978
3.24618888,-5.97746468
3.24925804,-5.98867798
3.25238013,-5.99977112
3.26931953,-6.00000000
3.28380322,-6.00235415
3.28500080,-6.01497173
3.28500009,-6.02837467
3.28500056,-6.04164314
3.28499985,-6.05478287
3.28499961,-6.06779432
3.28499961,-6.08068275
3.28500032,-6.09345007
3.28500032,-6.10610151
3.28499985,-6.11863804
3.29636264,-6.12350035
3.31132650,-6.12611389
3.31500292,-6.13620615
3.31877828,-6.14620018
3.32265782,-6.15609837
3.32664728,-6.16590071
3.33074999,-6.17561054
3.33497071,-6.18522835
3.33500004,-6.19730520
3.33500051,-6.20930815
3.33500028,-6.22122335
3.33499980,-6.23305321
3.33500004,-6.24480057
3.33499908,-6.25646687
3.33499932,-6.26805496
3.33499980,-6.27956676
3.33499956,-6.29100609
3.33500075,-6.30237293
3.33500028,-6.31367159
3.33500051,-6.32490349
3.33499980,-6.33607054
3.33499956,-6.34717560
3.33499980,-6.35822010
3.33499956,-6.36920595
3.33499956,-6.38013506
3.33500028,-6.39101028
3.33500004,-6.40183306
3.33951497,-6.41061687
3.34581494,-6.41863871
3.35235190,-6.42659807
3.35913086,-6.43449497
3.36000037,-6.44488096
3.35999990,-6.45558739
3.35999942,-6.46625137
3.35999918,-6.47687340
3.35999966,-6.48745489
3.35999966,-6.49799776
3.36000037,-6.50850391
3.35999990,-6.51897430
3.36000061,-6.52940941
3.36000109,-6.53981113
3.35999918,-6.55018187
3.35999942,-6.56052017
3.36000037,-6.57082939
3.35999918,-6.58111048
3.35999966,-6.59136343
3.37105060,-6.59798956
3.38500047,-6.60377455
3.38500047,-6.61408091
3.38499928,-6.62436104
3.38499951,-6.63461733
3.38499975,-6.64485025
3.38500047,-6.65506172
3.38499999,-6.66525173
3.38500047,-6.67542219
3.39188290,-6.68363285
3.40389991,-6.69046640
3.40999961,-6.69900227
3.41000032,-6.70920992
3.40999985,-6.71939945
3.41000009,-6.72957277
3.41000056,-6.73972988
3.40999985,-6.74987078
3.41000056,-6.75999689
3.41000056,-6.77010918
3.40999985,-6.78020811
3.40999985,-6.79029369
3.41000009,-6.80036640
3.40999985,-6.81042814
3.40999985,-6.82047796
3.41000009,-6.83051729
3.40999961,-6.84054708
3.41000080,-6.85056543
3.40999937,-6.86057615
3.41000009,-6.87057686
3.41000056,-6.88056993
3.41000056,-6.89055443
3.41000056,-6.90053177
3.40999985,-6.91050148
3.40999913,-6.92046595
3.40999985,-6.93042278
3.41000032,-6.94037390
3.41000032,-6.95031881
3.40999961,-6.96025944
3.41000056,-6.97019386
3.44086504,-6.97499990
3.45999956,-6.98191881
3.46000147,-6.99201012
3.46000028,-7.00209665
3.46000075,-7.01218033
3.46000028,-7.02225876
3.45999956,-7.03233528
3.46000099,-7.04240751
3.46000028,-7.05247784
3.46000075,-7.06254625
3.45999980,-7.07261133
3.46000075,-7.08267450
3.45999885,-7.09273672
3.45999980,-7.10279655
3.46000004,-7.11285496
3.46000028,-7.12291241
3.46000028,-7.13296890
3.46000075,-7.14302444
3.46000028,-7.15307903
3.46000004,-7.16313267
3.46000075,-7.17318583
3.45999956,-7.18323898
3.45999932,-7.19329119
3.46000051,-7.20334244
3.46000099,-7.21339321
3.46000028,-7.22344446
3.45999956,-7.23349380
3.46000028,-7.24354315
3.46000028,-7.25359106
3.46000028,-7.26363897
3.46000028,-7.27368450
3.46000099,-7.28373003
3.48499918,-7.29246998
3.48500037,-7.30261421
3.48500013,-7.31275749
3.48499894,-7.32290030
3.48500013,-7.33304167
3.48499966,-7.34318113
3.48500085,-7.35331917
3.48499942,-7.36345434
3.48499918,-7.37358713
3.48500061,-7.38371658
3.48500085,-7.39384174
3.48500085,-7.40396309
3.48500037,-7.41407871
3.48499990,-7.42418957
3.48500085,-7.43429422
3.48500061,-7.44439173
3.48500037,-7.45448303
3.48499966,-7.46456623
3.48500037,-7.47464228
3.48499966,-7.48471069
3.48499942,-7.49477100
3.48500013,-7.50482273
3.48499966,-7.51486635
3.48499942,-7.52490139
3.48500013,-7.53492832
3.48500085,-7.54494619
3.48499966,-7.55495548
3.48500085,-7.56495667
3.48499966,-7.57494926
3.48500085,-7.58493233
3.48500013,-7.59490824
3.48500013,-7.60487556
3.48500037,-7.61483526
3.48500085,-7.62478685
3.48499942,-7.63473129
3.47944570,-7.64400053
3.45999980,-7.65144825
3.45999980,-7.66123104
3.45999932,-7.67100716
3.45999932,-7.68077660
3.48499990,-7.69426107
3.48500013,-7.70416307
3.48500037,-7.71406174
3.48499990,-7.72395658
3.48499990,-7.73384857
3.48500013,-7.74373722
3.48500037,-7.75362539
3.48499990,-7.76351166
3.48500013,-7.77339840
3.48499966,-7.78328419
3.48499990,-7.79317188
3.48500013,-7.80306196
3.48499966,-7.81295490
3.48499966,-7.82285118
3.48499990,-7.83275175
3.48500013,-7.84265852
3.51000047,-7.85871506
3.51000071,-7.86879683
3.51000023,-7.87888813
3.50999975,-7.88899231
3.50999999,-7.89910889
3.50999975,-7.90923929
3.50999999,-7.91938400
3.51000023,-7.92954731
3.51000023,-7.93972778
3.51000023,-7.94992828
3.50999951,-7.96014929
3.50999928,-7.97039413
3.50438547,-7.97883415
3.49803710,-7.98697710
3.49199200,-7.99515963
3.48623323,-8.00338554
3.48499894,-8.01316261
3.48500061,-8.02340126
3.48499918,-8.03367424
3.48499894,-8.04398251
3.48499942,-8.05433273
3.48499966,-8.06472301
3.48499942,-8.07515621
3.48499942,-8.08563519
3.48500037,-8.09616375
3.48499966,-8.10674191
3.48500013,-8.11737537
3.48500013,-8.12806320
3.48500061,-8.13881207
3.48499990,-8.14962292
3.48499966,-8.16049767
3.48499942,-8.17144012
3.51000023,-8.19447231
3.50999975,-8.20577812
3.50999904,-8.21716309
3.51000023,-8.22863102
3.50999951,-8.24018478
3.51000023,-8.25183010
3.51000047,-8.26356602
3.50999999,-8.27539730
3.50999975,-8.28732967
3.51000023,-8.29936409
3.50999999,-8.31150627
3.50970721,-8.32358456
3.50677466,-8.33421040
3.50393653,-8.34495354
3.52619290,-8.37110615
3.52354217,-8.38234806
3.52097726,-8.39371872
3.51849937,-8.40522194
3.51610303,-8.41686249
3.51378798,-8.42864227
3.51154900,-8.44056320
3.50999975,-8.45305443
3.50999999,-8.46673965
3.50999999,-8.48057652
3.51000023,-8.49456787
3.51000047,-8.50872231
3.51000023,-8.52304077
3.51000071,-8.53753090
3.51000047,-8.55219650
3.50999975,-8.56704235
3.50999975,-8.58207703
3.50109553,-8.59011459
3.48426509,-8.59161282
3.46773839,-8.59312057
3.46000004,-8.60183811
3.45999932,-8.61721516
3.44849133,-8.62273788
3.43265247,-8.62431240
3.41608024,-8.62500000
3.39902973,-8.62499905
3.38226509,-8.62500095
3.37882376,-8.63736057
3.37552667,-8.65000057
3.35914898,-8.64999962
3.34302616,-8.65000057
3.32714844,-8.65000057
3.31150770,-8.65000057
3.29609299,-8.65000057
3.28089881,-8.64999962
3.26591921,-8.65000057
3.25114179,-8.64999962
3.23656273,-8.65000057
3.22217298,-8.64999962
3.20831847,-8.65040016
3.19584417,-8.65221405
3.18354058,-8.65408611
3.17140436,-8.65601826
3.15943003,-8.65801430
3.14761233,-8.66007710
3.13594627,-8.66220951
3.13500047,-8.67793083
3.13230419,-8.69169521
3.12077141,-8.69405556
3.10937834,-8.69649792
3.09812379,-8.69902802
3.08581209,-8.70000076
3.07291126,-8.69999981
3.06012869,-8.70000076
3.04745960,-8.69999981
3.03490281,-8.70000076
3.02245426,-8.70000076
3.01010704,-8.69999981
2.99786067,-8.70000076
2.98571062,-8.70000076
2.97365451,-8.70000076
2.96168804,-8.70000076
2.94980812,-8.70000076
2.93801212,-8.70000076
2.93319535,-8.71174049
2.92911386,-8.72500038
2.91732311,-8.72500038
2.90560889,-8.72500038
2.89396930,-8.72500134
2.88239980,-8.72500038
2.87089944,-8.72500038
2.85946655,-8.72500134
2.84809899,-8.72500134
2.83679271,-8.72500134
2.82554674,-8.72500038
2.81469631,-8.72568703
2.80581188,-8.73034954
2.79700279,-8.73520851
2.78826499,-8.74027157
2.77959895,-8.74554729
2.77053237,-8.75000095
2.75946999,-8.75000000
2.74845624,-8.75000000
2.73748946,-8.75000000
2.72656798,-8.75000000
2.71569180,-8.75000095
2.70485616,-8.75000000
2.69406295,-8.75000095
2.68868184,-8.76360512
2.68230152,-8.77500057
2.67145967,-8.77499962
2.66065621,-8.77499962
2.64988995,-8.77500057
2.63916016,-8.77500057
2.62846375,-8.77500057
2.61780095,-8.77499962
2.60717106,-8.77500057
2.59657288,-8.77499962
2.58600426,-8.77499962
2.57791877,-8.78248787
2.57040763,-8.79192638
2.56239128,-8.80000114
2.55180168,-8.80000019
2.54123950,-8.80000114
2.53070402,-8.80000019
2.52147365,-8.80431557
2.51700330,-8.82499981
2.50642371,-8.82499981
2.49586940,-8.82499981
2.47839069,-8.79999924
2.46799469,-8.80000019
2.45761800,-8.80000114
2.44726014,-8.80000114
2.43691993,-8.80000019
2.42659879,-8.80000019
2.41629267,-8.80000114
2.40600276,-8.80000114
2.39572787,-8.80000114
2.38546848,-8.79999924
2.37522197,-8.80000019
2.36498904,-8.80000019
2.35476828,-8.80000019
2.34456086,-8.80000019
2.33436370,-8.80000114
2.32837915,-8.81894684
2.31946874,-8.82499981
2.30922723,-8.82500076
2.29899812,-8.82500076
2.28877854,-8.82500076
2.27856970,-8.82500172
2.26837039,-8.82499981
2.25818110,-8.82499981
2.24800038,-8.82500076
2.23782778,-8.82499981
2.22766376,-8.82499981
2.21750879,-8.82499981
2.20736003,-8.82499981
2.19721866,-8.82500076
2.18708372,-8.82499981
2.17695713,-8.82499981
2.16683555,-8.82499981
2.15671992,-8.82499981
2.14661026,-8.82499981
2.13650680,-8.82499981
2.12640786,-8.82499981
2.11631417,-8.82500172
2.10622501,-8.82499981
2.09614134,-8.82499981
2.08606148,-8.82500076
2.07598543,-8.82500172
2.06591368,-8.82500076
2.05584526,-8.82500076
2.04578185,-8.82499981
2.03572106,-8.82500076
2.02566361,-8.82499981
2.01560879,-8.82499981
2.00555849,-8.82499981
1.99551010,-8.82500172
1.98722506,-8.83700466
1.97905087,-8.85000038
1.96897507,-8.85000134
1.95890069,-8.85000038
1.94882977,-8.85000134
1.93876147,-8.85000134
1.92869699,-8.85000038
1.91863418,-8.85000134
1.90857387,-8.85000134
1.89851582,-8.85000134
1.88846123,-8.85000038
1.87840760,-8.85000134
1.86835623,-8.85000038
1.85830677,-8.85000038
1.84826040,-8.85000038
1.83821452,-8.85000038
1.82817066,-8.85000038
1.81812835,-8.85000038
1.80808783,-8.85000134
1.79804945,-8.85000134
1.78801143,-8.85000038
1.77797496,-8.85000038
1.76793981,-8.85000038
1.75955129,-8.86381435
1.75082707,-8.87500000
1.74077284,-8.87500095
1.73071957,-8.87500000
1.72066915,-8.87500095
1.71061897,-8.87500095
1.70057023,-8.87500095
1.69052267,-8.87500000
1.68047714,-8.87500000
1.67043173,-8.87500000
1.66038775,-8.87500095
1.65034437,-8.87500000
1.64030325,-8.87500000
1.63026202,-8.87500000
1.62022173,-8.87500095
1.61018217,-8.87500000
1.60014439,-8.87500000
1.59010649,-8.87500000
1.58006942,-8.87500095
1.57003272,-8.87500095
1.55999696,-8.87500095
1.54996240,-8.87500000
1.53992772,-8.87500095
1.52989340,-8.87500095
1.51985943,-8.87499905
1.50982714,-8.87500095
1.49979401,-8.87499905
1.48976159,-8.87500095
1.47972941,-8.87499905
1.47217214,-8.89999962
1.46212876,-8.89999962
1.45208597,-8.89999962
1.44204378,-8.89999962
1.43200314,-8.89999962
1.42196190,-8.90000057
1.41192138,-8.89999962
1.40188122,-8.90000057
1.39184225,-8.89999962
1.38418138,-8.92500114
1.37413347,-8.92500019
1.36408591,-8.92500019
1.35404027,-8.92500019
1.34399414,-8.92500019
1.33394861,-8.92500019
1.32390368,-8.92499924
1.31385934,-8.92500019
1.30381632,-8.92500019
1.29377282,-8.92500019
1.28372991,-8.92500114
1.27368712,-8.92499924
1.26364613,-8.92500019
1.25360441,-8.92500019
1.24356294,-8.92500019
1.23352194,-8.92500019
1.22348201,-8.92500019
1.21344149,-8.92499924
1.20340145,-8.92500019
1.19336164,-8.92500019
1.18332303,-8.92500019
1.17328358,-8.92500019
1.16324425,-8.92500019
1.15320528,-8.92500019
1.14316738,-8.92500019
1.13312888,-8.92500114
1.12309015,-8.92500019
1.11305189,-8.92500114
1.10301447,-8.92500114
1.09297621,-8.92500019
1.08495593,-8.94779682
1.07511091,-8.95000172
1.06507051,-8.95000076
1.05503154,-8.95000172
1.04499149,-8.95000076
1.03495193,-8.94999981
1.02491212,-8.94999981
1.01487386,-8.95000172
1.00483429,-8.94999981
0.99479496,-8.95000172
0.98475564,-8.95000172
0.97471732,-8.94999981
0.96467823,-8.95000076
0.95463902,-8.94999981
0.94460005,-8.95000076
0.93456209,-8.95000172
0.92669868,-8.97500038
0.91665626,-8.97500038
0.90661377,-8.97500134
0.89657193,-8.97500134
0.88652885,-8.97500038
0.87648582,-8.97500134
0.86644250,-8.97500038
0.85639995,-8.97500038
0.84635639,-8.97499943
0.83631289,-8.97500038
0.82626933,-8.97499943
0.81622571,-8.97500134
0.80618316,-8.97499943
0.79613978,-8.97500038
0.78609651,-8.97500038
0.77605361,-8.97500038
0.76601201,-8.97500038
0.75596976,-8.97500134
0.74592811,-8.97500038
0.73588705,-8.97500038
0.72584766,-8.97500038
0.71580815,-8.97500134
0.70576972,-8.97500134
0.69602221,-8.97875786
0.68760473,-8.99999905
0.67754686,-9.00000095
0.66748905,-9.00000095
0.65743124,-9.00000095
0.64737499,-9.00000000
0.63731831,-8.99999905
0.62726241,-9.00000000
0.61720717,-9.00000095
0.60715395,-9.00000000
0.59710091,-9.00000095
0.58704913,-8.99999905
0.57699883,-9.00000000
0.56695032,-9.00000000
0.55690455,-9.00000000
0.54685986,-8.99999905
0.53681761,-9.00000095
0.52677774,-9.00000000
0.51674151,-9.00000000
0.50670737,-9.00000000
0.49667642,-9.00000000
0.48664892,-9.00000000
0.47662610,-9.00000000
0.46660629,-8.99999905
0.45659071,-8.99999905
0.44657964,-9.00000000
0.43657428,-8.99999905
0.42657307,-9.00000000
0.41657716,-9.00000000
0.40658686,-9.00000000
0.39660338,-8.99999905
0.38662505,-9.00000000
0.37665299,-8.99999905
0.36668745,-8.99999905
0.35672975,-9.00000000
0.34677798,-8.99999905
0.33683348,-9.00000095
0.32689631,-9.00000095
0.31696680,-8.99999905
0.30704588,-9.00000000
0.29713205,-9.00000095
0.28722629,-9.00000000
0.27732879,-9.00000095
0.26744062,-9.00000000
0.25756016,-9.00000000
0.24768841,-9.00000000
0.23782560,-9.00000000
0.22797270,-9.00000000
0.21812807,-9.00000000
0.20829271,-9.00000000
0.19846675,-9.00000000
0.18865140,-9.00000000
0.17884472,-9.00000095
0.16904791,-9.00000000
0.15747291,-9.02499962
0.14758049,-9.02499962
0.13769570,-9.02500057
0.12781984,-9.02499962
0.11795250,-9.02500057
0.10809536,-9.02499866
0.09824625,-9.02500057
0.08840638,-9.02499962
0.07857568,-9.02499962
0.06875422,-9.02499962
0.05894303,-9.02500057
0.04913975,-9.02499962
0.03934494,-9.02499962
0.02955808,-9.02499962
0.01977916,-9.02500057
0.01000635,-9.02499962
0.00023961,-9.02499962
-0.00952170,-9.02500057
-0.01927727,-9.02499962
-0.02902992,-9.02500153
-0.03877892,-9.02499962
-0.04852606,-9.02500057
-0.05694633,-9.01800346
-0.06451097,-9.00706577
-0.07272069,-9.00000095
-0.08231117,-9.00000000
-0.09190152,-9.00000000
-0.10701504,-9.02499962
-0.11677529,-9.02500057
-0.12654182,-9.02499962
-0.13631552,-9.02499866
-0.14609964,-9.02499962
-0.15589485,-9.02500057
-0.16570228,-9.02500057
-0.17552367,-9.02500057
-0.18535985,-9.02500057
-0.19521458,-9.02499962
-0.20508850,-9.02500057
-0.21498349,-9.02499962
-0.22490130,-9.02499962
-0.23484510,-9.02500057
-0.24481611,-9.02499962
-0.25481704,-9.02500057
-0.26484874,-9.02500153
-0.27491528,-9.02499866
-0.28501895,-9.02499962
-0.29516181,-9.02499962
-0.31453022,-9.05000019
-0.32496631,-9.05000019
-0.33545160,-9.04999924
-0.34599009,-9.05000019
-0.35658267,-9.05000114
-0.36723423,-9.05000019
-0.37794733,-9.05000019
-0.38872468,-9.05000019
-0.39956874,-9.05000019
-0.41048431,-9.05000019
-0.42147359,-9.05000114
-0.43182334,-9.04845619
-0.44189334,-9.04621410
-0.45205945,-9.04408836
-0.46232605,-9.04207230
-0.47269315,-9.04015541
-0.48316559,-9.03833866
-0.49374273,-9.03660870
-0.50443041,-9.03496456
-0.51522827,-9.03339672
-0.52614087,-9.03190422
-0.53716898,-9.03048038
-0.54831672,-9.02912045
-0.55958492,-9.02781963
-0.58590001,-9.05157948
-0.59769440,-9.05038929
-0.61008853,-9.05000114
-0.63861263,-9.07500076
-0.65179616,-9.07500076
-0.64255679,-9.04048252
-0.64531952,-9.02500153
-0.65834427,-9.02500153
-0.68875235,-9.05000114
-0.70238024,-9.05000114
-0.71616924,-9.05000019
-0.73012275,-9.05000114
-0.74424535,-9.05000114
-0.77321494,-9.06950760
-0.77394962,-9.05121708
-0.78768170,-9.05000114
-0.80253518,-9.05000019
-0.81758642,-9.05000019
-0.82700235,-9.04287434
-0.82780027,-9.02538013
-0.84280849,-9.02499962
-0.85444784,-9.02046585
-0.85529953,-9.00350380
-0.85617328,-8.98686600
-0.85706979,-8.97054100
-0.85798925,-8.95451641
-0.85893518,-8.93878651
-0.85990924,-8.92333984
-0.86091179,-8.90816498
-0.86194527,-8.89325619
-0.86301088,-8.87860489
-0.86411089,-8.86420155
-0.86524874,-8.85004044
-0.86642349,-8.83611107
-0.86763740,-8.82240868
-0.86889386,-8.80892563
-0.87019426,-8.79565620
-0.87153983,-8.78258991
-0.87293392,-8.76972485
-0.87437797,-8.75705528
-0.87587464,-8.74457264
-0.87742776,-8.73227310
-0.88490444,-8.72499943
-0.90136021,-8.72499943
-0.90745103,-8.71644115
-0.90925670,-8.70451069
-0.91113377,-8.69274521
-0.91308630,-8.68114090
-0.91499925,-8.66960430
-0.91499990,-8.65674591
-0.91499966,-8.64402294
-0.91499960,-8.63142872
-0.91499954,-8.61895847
-0.91500014,-8.60660934
-0.91499925,-8.59437370
-0.91499943,-8.58225155
-0.91500074,-8.57023716
-0.91499966,-8.55832100
-0.91500068,-8.54650688
-0.91499978,-8.53478622
-0.91499996,-8.52315807
-0.91500020,-8.51161575
-0.91753930,-8.50168705
-0.93392760,-8.50000000
-0.94330788,-8.49399853
-0.94656634,-8.48438549
-0.94996852,-8.47487068
-0.95351720,-8.46544933
-0.95722061,-8.45612144
-0.96108103,-8.44688320
-0.96499926,-8.43767357
-0.96499979,-8.42641735
-0.96499985,-8.41522121
-0.96499974,-8.40408421
-0.96499985,-8.39300346
-0.96499997,-8.38197613
-0.96499956,-8.37100315
-0.96499944,-8.36007595
-0.96500003,-8.34919834
-0.96499968,-8.33836555
-0.96499979,-8.32757664
-0.96499962,-8.31682873
-0.96499968,-8.30612087
-0.96499997,-8.29545021
-0.96499968,-8.28481674
-0.96500003,-8.27421665
-0.96499908,-8.26364994
-0.96499985,-8.25311470
-0.96499938,-8.24260902
-0.96499938,-8.23213291
-0.96499991,-8.22168255
-0.96846366,-8.21257687
-0.97587270,-8.20493031
-0.99081182,-8.19999981
-1.01499987,-8.19827843
-1.01499999,-8.18766403
-1.01500022,-8.17707348
-1.01499999,-8.16650867
-1.01499939,-8.15596581
-1.01500010,-8.14544392
-1.01499975,-8.13494205
-1.01499987,-8.12446308
-1.01500046,-8.11400127
-1.01499999,-8.10355568
-1.01500022,-8.09312820
-1.01499915,-8.08271885
-1.01500034,-8.07232285
-1.01499975,-8.06194115
-1.01499927,-8.05157471
-1.01499939,-8.04122353
-1.02329755,-8.03325367
-1.03583264,-8.02642250
-1.05934000,-8.02255154
-1.06500089,-8.01362705
-1.06499982,-8.00314808
-1.06500006,-7.99268341
-1.06500030,-7.98223305
-1.06499982,-7.97179747
-1.06500041,-7.96137714
-1.06500065,-7.95096970
-1.06499922,-7.94057512
-1.06499970,-7.93019295
-1.06499994,-7.91982508
-1.06499994,-7.90946817
-1.06500018,-7.89912319
-1.06499934,-7.88878965
-1.06499970,-7.87846899
-1.06499922,-7.86815739
-1.06500053,-7.85785627
-1.06500006,-7.84756517
-1.06499994,-7.83728600
-1.06500065,-7.82701492
-1.08150733,-7.82027817
-1.09000075,-7.81177568
-1.08999956,-7.80147171
-1.09000027,-7.79117584
-1.08999920,-7.78088903
-1.09000003,-7.77061272
-1.08999944,-7.76034451
-1.08999932,-7.75008631
-1.09000039,-7.73983669
-1.09000015,-7.72959375
-1.08999968,-7.71935940
-1.09412754,-7.70991421
-1.11500001,-7.70359421
-1.11499941,-7.69333601
-1.11499953,-7.68308544
-1.11499953,-7.67284489
-1.11499953,-7.66261005
-1.11499941,-7.65238285
-1.11499929,-7.64216280
-1.11500025,-7.63195086
-1.11500025,-7.62174320
-1.11499906,-7.61154270
-1.11499929,-7.60134840
-1.11499941,-7.59116030
-1.11500001,-7.58097696
-1.11499977,-7.57079887
-1.11499965,-7.56062555
-1.11499977,-7.55045843
-1.11500049,-7.54029465
-1.11500013,-7.53013515
-1.11500025,-7.51998043
-1.11500061,-7.50982904
-1.11500025,-7.49968290
-1.11500037,-7.48953867
-1.11499977,-7.47939825
-1.11499965,-7.46926117
-1.11499977,-7.45912790
-1.11500049,-7.44899654
-1.11499929,-7.43886805
-1.11499989,-7.42874193
-1.11499953,-7.41861963
-1.11499989,-7.40849924
-1.11500061,-7.39838076
-1.11499965,-7.38826275
-1.11500013,-7.37814951
-1.11499906,-7.36803627
-1.11499953,-7.35792494
-1.11500037,-7.34781504
-1.11499929,-7.33770800
-1.11671364,-7.32785416
-1.14000010,-7.32117748
-1.13999999,-7.31106186
-1.13999987,-7.30094814
-1.14000058,-7.29083633
-1.14000010,-7.28072500
-1.14000022,-7.27061462
-1.13999963,-7.26050615
-1.14000034,-7.25040007
-1.13999915,-7.24029350
-1.14000082,-7.23018885
-1.14000034,-7.22008514
-1.13999999,-7.20998287
-1.14000010,-7.19988060
-1.13999951,-7.18977928
-1.14000010,-7.17967939
-1.14324248,-7.17004061
-1.16500008,-7.16301870
-1.16500008,-7.15291405
-1.16500056,-7.14280987
-1.16499972,-7.13270807
-1.16500044,-7.12260485
-1.16499901,-7.11250305
-1.16500020,-7.10240269
-1.16499996,-7.09230375
-1.17564583,-7.08368635
-1.19000077,-7.07557821
-1.18999982,-7.06547356
-1.19000089,-7.05536985
-1.18999982,-7.04526663
-1.19000018,-7.03516388
-1.19000041,-7.02506208
-1.18999970,-7.01496029
-1.18999970,-7.00486135
-1.18999994,-6.99476147
-1.19000018,-6.98466253
-1.19000018,-6.97456455
-1.19000006,-6.96446848
-1.18999970,-6.95437193
-1.18999922,-6.94427633
-1.19000089,-6.93418217
-1.18999958,-6.92408943
-1.18999946,-6.91399670
-1.18999982,-6.90390396
-1.18999994,-6.89381313
-1.18999922,-6.88372421
-1.19000065,-6.87363529
-1.19000018,-6.86354685
-1.18999910,-6.85345936
-1.19000065,-6.84337425
-1.19000030,-6.83328915
-1.18999922,-6.82320452
-1.18999958,-6.81312132
-1.18999910,-6.80304050
-1.19000006,-6.79295921
-1.19000018,-6.78287935
-1.19000006,-6.77279997
-1.18999934,-6.76272202
-1.18999946,-6.75264597
-1.18999970,-6.74257040
-1.21499920,-6.73567104
-1.21500051,-6.72558784
-1.21499920,-6.71550560
-1.21500027,-6.70542383
-1.21499991,-6.69534302
-1.21500039,-6.68526411
-1.21499920,-6.67518568
-1.21500027,-6.66510868
-1.21500087,-6.65503216
-1.21500099,-6.64495707
-1.21499920,-6.63488436
-1.21499932,-6.62481117
-1.21499896,-6.61473942
-1.22131145,-6.60543489
-1.24000049,-6.59762287
-1.24000061,-6.58754349
-1.24000108,-6.57746410
-1.23999953,-6.56738663
-1.24000037,-6.55731106
-1.23999929,-6.54723549
-1.24000061,-6.53716135
-1.24000001,-6.52708817
-1.23999929,-6.51701593
-1.23999977,-6.50694609
-1.24000025,-6.49687624
-1.23999977,-6.48680782
-1.24000025,-6.47674036
-1.23999929,-6.46667528
-1.24000061,-6.45661020
-1.23999953,-6.44654608
-1.23999929,-6.43648338
-1.23999977,-6.42642307
-1.23999989,-6.41636181
-1.24000096,-6.40630293
-1.24000037,-6.39624453
-1.24000037,-6.38618851
-1.23999989,-6.37613297
-1.24000001,-6.36607790
-1.23999953,-6.35602427
-1.24000061,-6.34597254
-1.24000001,-6.33592129
-1.23999965,-6.32587051
-1.23999977,-6.31582165
-1.25637066,-6.30752182
-1.26500046,-6.29838324
-1.26499903,-6.28832483
-1.26500034,-6.27826738
-1.26500046,-6.26821136
-1.26500058,-6.25815725
-1.26499975,-6.24810266
-1.26499999,-6.23804951
-1.26500010,-6.22799730
-1.26500034,-6.21794748
-1.26500010,-6.20789671
-1.26499999,-6.19784784
-1.26500082,-6.18779945
-1.26500010,-6.17775345
-1.26500034,-6.16770744
-1.26500010,-6.15766144
-1.26499951,-6.14761686
-1.26499963,-6.13757467
-1.26500046,-6.12753201
-1.26499951,-6.11749029
-1.26499915,-6.10744953
-1.26500046,-6.09741020
-1.26500010,-6.08737087
-1.26500022,-6.07733250
-1.26500058,-6.06729460
-1.26500010,-6.05725861
-1.26499999,-6.04722214
-1.26500034,-6.03718662
-1.26500070,-6.02715254
-1.26500010,-6.01711798
-1.26499963,-6.00708485
-1.26499939,-5.99705219
-1.26499999,-5.98702145
-1.28236115,-5.97858047
-1.30761909,-5.97084713
-1.31500053,-5.96147060
-1.31499934,-5.95142174
-1.31500030,-5.94137383
-1.31499970,-5.93132639
-1.31499994,-5.92127943
-1.31499970,-5.91123533
-1.31500053,-5.90118980
-1.31500089,-5.89114571
-1.31499946,-5.88110161
-1.31499994,-5.87105894
-1.31499982,-5.86101580
-1.31500018,-5.85097408
-1.31499994,-5.84093332
-1.31500006,-5.83089495
-1.31499946,-5.82085466
-1.31499922,-5.81081581
-1.31499922,-5.80077648
-1.31499958,-5.79073858
-1.31500030,-5.78070068
-1.31499994,-5.77066374
-1.31499946,-5.76062679
-1.31500065,-5.75059128
-1.31500041,-5.74055719
-1.31500006,-5.73052168
-1.31499994,-5.72048712
-1.31499958,-5.71045256
-1.31499910,-5.70041847
-1.31499946,-5.69038486
-1.31499994,-5.68035221
-1.31499970,-5.67031908
-1.31499922,-5.66028881
-1.31500089,-5.65025663
-1.31499994,-5.64022493
-1.31500041,-5.63019323
-1.31500006,-5.62016249
-1.31500006,-5.61013079
-1.31500089,-5.60010099
-1.31499922,-5.59007025
-1.31500006,-5.58004236
-1.31499994,-5.57001209
-1.31500065,-5.55998278
-1.31500077,-5.54995346
-1.31499970,-5.53992367
-1.31499982,-5.52989435
-1.33999968,-5.52188253
-1.33999979,-5.51185274
-1.33999956,-5.50182247
-1.34000003,-5.49179411
-1.33999979,-5.48176479
-1.33999968,-5.47173548
-1.33999932,-5.46170664
-1.33999944,-5.45167780
-1.34000099,-5.44164944
-1.34000003,-5.43162060
-1.34000063,-5.42159176
-1.33999932,-5.41156578
-1.34000027,-5.40153790
-1.33999991,-5.39150953
-1.33999991,-5.38148165
-1.34000003,-5.37145376
-1.33999956,-5.36142588
-1.33999991,-5.35139847
-1.34000051,-5.34137058
-1.33999968,-5.33134508
-1.34895468,-5.32204151
-1.36500013,-5.31331205
-1.36500013,-5.30328655
-1.36499989,-5.29326105
-1.36500001,-5.28323603
-1.36500049,-5.27321100
-1.36500049,-5.26318550
-1.36500001,-5.25316000
-1.36500072,-5.24313688
-1.36500061,-5.23311186
-1.36500072,-5.22308636
-1.36500049,-5.21306133
-1.36499989,-5.20303583
-1.36500049,-5.19301033
-1.36500001,-5.18298483
-1.36500001,-5.17295885
-1.36500061,-5.16293573
-1.36499989,-5.15290880
-1.36500037,-5.14288330
-1.36500001,-5.13285637
-1.36499989,-5.12282991
-1.36500072,-5.11280346
-1.36500001,-5.10277557
-1.36499929,-5.09274864
-1.36499989,-5.08272314
-1.36500013,-5.07269478
-1.36499953,-5.06266689
-1.36500025,-5.05263805
-1.36499965,-5.04260874
-1.36500049,-5.03257942
-1.36499965,-5.02254915
-1.36500061,-5.01251888
-1.36500025,-5.00248814
-1.36499989,-4.99245834
-1.36499989,-4.98242664
-1.36832500,-4.97268677
-1.38999975,-4.96457052
-1.39000010,-4.95454550
-1.38999951,-4.94452000
-1.39000034,-4.93449402
-1.38999927,-4.92446756
-1.38999915,-4.91444302
-1.38999999,-4.90441513
-1.39000106,-4.89438772
-1.38999987,-4.88435936
-1.38999939,-4.87433052
-1.38999987,-4.86430073
-1.39000022,-4.85427046
-1.38999927,-4.84423971
-1.38999987,-4.83421040
-1.41500056,-4.82652044
-1.41500056,-4.81649876
-1.41500056,-4.80647612
-1.41500008,-4.79645348
-1.41499984,-4.78642941
-1.41499913,-4.77640533
-1.41499925,-4.76638031
-1.41499913,-4.75635481
-1.41499960,-4.74633074
-1.41499972,-4.73630428
-1.41500044,-4.72627640
-1.41499925,-4.71624851
-1.41499984,-4.70621967
-1.41499960,-4.69618988
-1.41499972,-4.68615961
-1.41500008,-4.67612839
-1.41499925,-4.66609812
-1.41499996,-4.65606499
-1.41500092,-4.64603090
-1.41499937,-4.63599634
-1.41499913,-4.62596083
-1.41499984,-4.61592388
-1.41499913,-4.60588598
-1.41499960,-4.59584713
-1.41499937,-4.58580971
-1.41500020,-4.57576895
-1.41499937,-4.56572676
-1.41500056,-4.55568409
-1.41499984,-4.54563951
-1.43999958,-4.53831673
-1.43999946,-4.52828598
-1.44000006,-4.51825333
-1.43999946,-4.50821924
-1.46499956,-4.50097132
-1.46499908,-4.49095058
-1.46500003,-4.48092937
-1.46500087,-4.47090673
-1.46500051,-4.46088314
-1.46500039,-4.45085764
-1.46499991,-4.44083071
-1.46499944,-4.43080235
-1.46500075,-4.42077589
-1.46499944,-4.41074514
-1.46500027,-4.40071297
-1.46499956,-4.39067936
-1.46499932,-4.38064480
-1.46499991,-4.37060785
-1.46500099,-4.36057043
-1.46500027,-4.35053062
-1.46499956,-4.34049129
-1.46500075,-4.33044910
-1.46499979,-4.32040453
-1.46499908,-4.31035900
-1.46499979,-4.30031109
-1.46500075,-4.29026175
-1.46499896,-4.28021097
-1.46500111,-4.27015877
-1.46499956,-4.26010370
-1.46499991,-4.25004959
-1.46500027,-4.23999166
-1.46500039,-4.22993183
-1.46500003,-4.21987057
-1.46499944,-4.20980692
-1.46500075,-4.19974232
-1.46500003,-4.18967581
-1.46500027,-4.17960644
-1.46499944,-4.16953754
-1.48999977,-4.16281080
-1.49000025,-4.15275288
-1.49000001,-4.14269304
-1.49000001,-4.13263178
-1.49000013,-4.12256813
-1.49000037,-4.11250210
-1.49000061,-4.10243464
-1.48999941,-4.09236717
-1.48999965,-4.08229589
-1.48999965,-4.07222271
-1.48999953,-4.06214714
-1.49000037,-4.05206966
-1.48999989,-4.04199076
-1.48999965,-4.03190947
-1.51387227,-4.02523518
-1.51500022,-4.01532602
-1.51499987,-4.00525665
-1.51500046,-3.99518275
-1.51500034,-3.98510671
-1.51499903,-3.97502875
-1.51499963,-3.96494889
-1.51500034,-3.95486736
-1.51500022,-3.94478345
-1.51499987,-3.93469763
-1.51500070,-3.92461181
-1.51499963,-3.91452193
-1.51499939,-3.90443039
-1.51500022,-3.89433694
-1.51499963,-3.88424134
-1.51500010,-3.87414432
-1.51500010,-3.86404538
-1.51500094,-3.85394454
-1.51499963,-3.84384346
-1.51499951,-3.83373928
-1.51499975,-3.82363319
-1.51500046,-3.81352496
-1.51499939,-3.80341530
-1.51499987,-3.79330444
-1.52485228,-3.78472590
-1.53999972,-3.77698159
-1.54000020,-3.76687694
-1.53999925,-3.75677204
-1.54000008,-3.74666405
-1.54000056,-3.73655415
-1.53999984,-3.72644281
-1.53999996,-3.71632981
-1.53999984,-3.70621538
-1.53999949,-3.69609928
-1.53999996,-3.68598223
-1.53999949,-3.67586517
-1.54000008,-3.66574526
-1.53999984,-3.65562391
-1.54000032,-3.64550114
-1.54000103,-3.63537741
-1.53999972,-3.62525201
-1.53999996,-3.61512589
-1.54000032,-3.60499859
-1.53999925,-3.59487200
-1.53999984,-3.58474278
-1.54000044,-3.57461262
-1.53999972,-3.56448102
-1.55950558,-3.55754495
-1.56500006,-3.54831815
-1.56500006,-3.53819036
-1.56500077,-3.52806163
-1.56499994,-3.51793170
-1.56500053,-3.50780320
-1.56499970,-3.49767184
-1.56499922,-3.48753929
-1.56499922,-3.47740626
-1.56499946,-3.46727300
-1.56499970,-3.45713854
-1.56499887,-3.44700360
-1.56500053,-3.43686819
-1.56499898,-3.42673397
-1.56499994,-3.41659737
-1.56500041,-3.40646076
-1.56500053,-3.39632344
-1.56499982,-3.38618565
-1.56500089,-3.37604785
-1.56500006,-3.36590934
-1.56499922,-3.35577106
-1.56500065,-3.34563470
-1.56499994,-3.33549619
-1.56499910,-3.32535744
-1.56500065,-3.31521916
-1.56499934,-3.30508018
-1.56500006,-3.29494166
-1.56500018,-3.28480363
-1.56499982,-3.27466512
-1.56499982,-3.26452708
-1.56499982,-3.25439143
-1.56499910,-3.24425364
-1.56499994,-3.23411655
-1.56499934,-3.22397971
-1.56500006,-3.21384358
-1.56499922,-3.20370722
-1.57305169,-3.19491816
-1.58999920,-3.18761444
-1.59000075,-3.17748022
-1.58999956,-3.16734433
-1.59289694,-3.15769243
-1.61499882,-3.15124297
-1.61499918,-3.14110613
-1.61499965,-3.13096976
-1.61500049,-3.12083387
-1.61499989,-3.11069822
-1.61500001,-3.10056472
-1.61499906,-3.09043002
-1.61500013,-3.08029604
-1.61500072,-3.07016277
-1.61499965,-3.06002975
-1.61500025,-3.04989719
-1.61500013,-3.03976583
-1.61500025,-3.02963471
-1.61499941,-3.01950431
-1.61499953,-3.00937700
-1.61500001,-2.99924850
-1.61500025,-2.98912072
-1.61500037,-2.97899389
-1.61500001,-2.96886778
-1.61500061,-2.95874286
-1.61499941,-2.94861841
-1.61500001,-2.93849516
-1.61499941,-2.92837477
-1.61500061,-2.91825414
-1.61500001,-2.90813351
-1.61499929,-2.89801455
-1.61499977,-2.88789606
-1.61499906,-2.87777901
-1.61500037,-2.86766362
-1.61500037,-2.85754871
-1.61499953,-2.84743690
-1.61499977,-2.83732438
-1.61499953,-2.82721329
-1.61499953,-2.81710291
-1.62519312,-2.80862212
-1.64000010,-2.80087209
-1.63999999,-2.79075789
-1.63999963,-2.78064489
-1.63999951,-2.77053332
-1.63999999,-2.76042461
-1.63999963,-2.75031495
-1.63999987,-2.74020696
-1.63999975,-2.73010039
-1.63999903,-2.71999454
-1.64000022,-2.70989013
-1.64000046,-2.69978690
-1.64178264,-2.68996286
-1.66499937,-2.68347287
-1.66500068,-2.67336512
-1.66499949,-2.66325784
-1.66499949,-2.65315223
-1.66499925,-2.64304757
-1.66499996,-2.63294435
-1.66499925,-2.62284207
-1.66499913,-2.61274123
-1.66500068,-2.60264397
-1.66499937,-2.59254527
-1.66499972,-2.58244848
-1.66500020,-2.57235265
-1.66499996,-2.56225824
-1.66499972,-2.55216503
-1.66499960,-2.54207301
-1.66499913,-2.53198242
-1.66499996,-2.52189302
-1.66499996,-2.51180696
-1.66499889,-2.50171995
-1.66499960,-2.49163461
-1.66499972,-2.48155069
-1.66500032,-2.47146797
-1.66499901,-2.46138573
-1.66499901,-2.45130563
-1.66499925,-2.44122672
-1.66499960,-2.43115044
-1.66499984,-2.42107415
-1.66500008,-2.41099882
-1.66499901,-2.40092492
-1.66500008,-2.39085221
-1.66500056,-2.38078070
-1.66499949,-2.37071037
-1.66500032,-2.36064124
-1.66500056,-2.35057569
-1.66499949,-2.34050918
-1.66500056,-2.33044481
-1.68627119,-2.32338619
-1.69000006,-2.31384039
-1.68999994,-2.30376935
-1.69000018,-2.29370022
-1.68999934,-2.28363252
-1.68999994,-2.27356672
-1.68999946,-2.26350474
-1.68999970,-2.25344300
-1.68999922,-2.24338317
-1.69000053,-2.23332548
-1.68999994,-2.22326970
-1.71500063,-2.21661830
-1.71499979,-2.20655417
-1.71500015,-2.19649243
-1.71500003,-2.18643451
-1.71499979,-2.17637706
-1.71499968,-2.16632223
-1.71499968,-2.15627027
-1.71500099,-2.14622068
-1.71499991,-2.13617396
-1.71500051,-2.12613010
-1.71500027,-2.11608934
-1.71500027,-2.10605383
-1.71500087,-2.09601951
-1.71499968,-2.08598828
-1.71500039,-2.07596111
-1.71499956,-2.06593704
-1.71499944,-2.05591679
-1.71500027,-2.04590082
-1.71499979,-2.03588867
-1.71499896,-2.02588081
-1.71499920,-2.01587915
-1.71500087,-2.00587988
-1.74000013,-1.99887705
-1.74000025,-1.98886132
-1.73999953,-1.97884965
-1.73999929,-1.96884239
-1.73999953,-1.95883942
-1.75804114,-1.95090067
-1.76500010,-1.94167340
-1.76499987,-1.93165362
-1.76499903,-1.92163765
-1.76500058,-1.91162622
-1.76499963,-1.90161884
-1.76499975,-1.89161599
-1.76499987,-1.88161778
-1.76500010,-1.87162411
-1.76500022,-1.86163735
-1.76499987,-1.85165346
-1.76499999,-1.84167492
-1.76499915,-1.83170128
-1.76499999,-1.82173312
-1.76499951,-1.81177044
-1.76499963,-1.80181348
-1.76499927,-1.79186225
-1.76499987,-1.78191686
-1.76500034,-1.77197945
-1.76499951,-1.76204622
-1.76500010,-1.75211930
-1.76499951,-1.74219871
-1.76500046,-1.73228490
-1.76500058,-1.72237754
-1.78509271,-1.71398067
-1.79000092,-1.70440054
-1.78999937,-1.69446075
-1.78999984,-1.68452525
-1.78999996,-1.67459607
-1.78999984,-1.66467309
-1.78999949,-1.65475643
-1.81499994,-1.64631772
-1.81499958,-1.63635278
-1.81499946,-1.62639356
-1.81500065,-1.61644220
-1.81499958,-1.60649467
-1.81500053,-1.59655297
-1.81499946,-1.58661747
-1.81500018,-1.57668829
-1.81499934,-1.56676519
-1.81499946,-1.55684876
-1.81499922,-1.54693878
-1.81500030,-1.53703558
-1.81499982,-1.52714074
-1.81499982,-1.51725125
-1.81500018,-1.50736868
-1.81499958,-1.49749339
-1.81500053,-1.48762536
-1.81499994,-1.47776449
-1.81500006,-1.46791160
-1.81499994,-1.45806599
-1.81499934,-1.44823027
-1.81500006,-1.43840051
-1.81499994,-1.42857909
-1.81499994,-1.41876590
-1.81499898,-1.40896094
-1.81499970,-1.39916456
-1.81499994,-1.38937712
-1.81500006,-1.37959850
-1.81499970,-1.36983061
-1.81499922,-1.36006951
-1.81499875,-1.35031700
-1.81500077,-1.34057319
-1.81499982,-1.33083785
-1.81500065,-1.32111061
-1.81500018,-1.31139183
-1.79000068,-1.30296779
-1.81499910,-1.29197776
-1.81499887,-1.28228414
-1.81499982,-1.27259588
-1.81500018,-1.26291478
-1.81500077,-1.25324070
-1.81499887,-1.24357319
-1.81500006,-1.23391199
-1.81499922,-1.22425687
-1.81499946,-1.21460736
-1.81499922,-1.20496511
-1.81499946,-1.19532585
-1.81499994,-1.18569100
-1.81499994,-1.17606056
-1.81500018,-1.16643381
-1.81500065,-1.15681028
-1.81499946,-1.14718962
-1.81499994,-1.13757133
-1.81500018,-1.12795663
-1.79892480,-1.12055254
-1.78999925,-1.11229682
-1.79000044,-1.10281527
-1.78999984,-1.09333575
-1.79000032,-1.08385694
-1.78999960,-1.07437873
-1.79000032,-1.06489980
-1.81499970,-1.05101669
-1.81500006,-1.04138982
-1.81499958,-1.03175604
-1.81500006,-1.02211618
-1.81499922,-1.01246953
-1.81499934,-1.00281489
-1.81500041,-0.99315107
-1.81499934,-0.98347765
-1.81499946,-0.97379285
-1.81500030,-0.96409726
-1.81499970,-0.95438629
-1.81500089,-0.94465977
-1.81499946,-0.93491703
-1.81499887,-0.92515612
-1.81499958,-0.91537517
-1.81499970,-0.90557295
-1.81499982,-0.89574778
-1.81500053,-0.88589960
-1.81500006,-0.87602335
-1.81499994,-0.86611879
-1.81499970,-0.85618418
-1.81499994,-0.84621733
-1.81499970,-0.83621663
-1.81499994,-0.82617968
-1.81499946,-0.81610489
-1.81500030,-0.80598933
-1.84000015,-0.78670162
-1.83999956,-0.77627629
-1.83874500,-0.76628095
-1.83706772,-0.75642139
-1.83557701,-0.74646252
-1.83426094,-0.73640209
-1.83311057,-0.72623652
-1.83211815,-0.71596217
-1.83127177,-0.70557934
-1.83056462,-0.69508004
-1.82999170,-0.68446177
-1.82954288,-0.67372197
-1.82921100,-0.66285712
-1.82899141,-0.65186280
-1.82887769,-0.64073545
-1.82886636,-0.62946951
-1.82894850,-0.61806488
-1.82912052,-0.60651153
-1.82937872,-0.59480661
-1.82971764,-0.58294553
-1.83013201,-0.57092375
-1.83061910,-0.55873489
-1.85617423,-0.53141546
-1.85679388,-0.51855642
-1.85747290,-0.50550854
-1.85820949,-0.49226663
-1.85899913,-0.47881901
-1.85983944,-0.46516132
-1.86072588,-0.45128748
-1.86165702,-0.43718916
-1.86262894,-0.42285922
-1.86363888,-0.40828934
-1.86468375,-0.39347178
-1.86499989,-0.37897348
-1.86499977,-0.36449695
-1.86499953,-0.34980279
-1.86499953,-0.33488116
-1.88999939,-0.29925883
-1.88999999,-0.28342366
-1.87323928,-0.28162321
-1.85338938,-0.28283510
-1.84000027,-0.27874616
-1.83999968,-0.26270843
-1.82334471,-0.26181942
-1.80458987,-0.26326206
-1.78622782,-0.26476079
-1.76824558,-0.26631570
-1.75063276,-0.26792526
-1.73337710,-0.26958910
-1.71646857,-0.27130559
-1.69990003,-0.27307290
-1.69000030,-0.26793435
-1.68999970,-0.25181913
-1.67396080,-0.25367770
-1.65817297,-0.25564459
-1.64267969,-0.25765878
-1.62747061,-0.25972062
-1.61253500,-0.26183096
-1.59786677,-0.26398927
-1.58345199,-0.26619464
-1.56928456,-0.26844725
-1.55535591,-0.27074674
-1.54165685,-0.27309477
-1.52852631,-0.27499977
-1.51694286,-0.27499998
-1.50552595,-0.27499983
-1.49525499,-0.27350795
-1.49680889,-0.25386679
-1.48798549,-0.25000095
-1.47681046,-0.25000113
-1.46577442,-0.25000027
-1.45487058,-0.24999967
-1.44409311,-0.24999979
-1.43343735,-0.24999934
-1.42289710,-0.25000042
-1.41247141,-0.24999988
-1.40215063,-0.24999958
-1.39193249,-0.24999994
-1.38181305,-0.25000077
-1.37178946,-0.25000060
-1.36185777,-0.25000048
-1.35201490,-0.25000036
-1.34190106,-0.25079069
-1.33128452,-0.25295699
-1.32077765,-0.25516337
-1.31499982,-0.24633810
-1.31023741,-0.23470563
-1.29976892,-0.23704696
-1.28940046,-0.23943976
-1.27912807,-0.24188715
-1.26894832,-0.24439156
-1.25885987,-0.24695578
-1.24885452,-0.24958643
-1.23893106,-0.25228634
-1.22908628,-0.25505942
-1.21931660,-0.25791201
-1.20961905,-0.26084825
-1.19998932,-0.26387820
-1.19042516,-0.26700521
-1.18092310,-0.27023983
-1.17148209,-0.27358794
-1.16261673,-0.27500015
-1.15414250,-0.27499929
-1.14568603,-0.27499962
-1.13724458,-0.27500096
-1.12881649,-0.27499965
-1.12039816,-0.27499953
-1.11198759,-0.27499971
-1.10358381,-0.27500048
-1.09649944,-0.26762846
-1.09102583,-0.25000092
-1.08240080,-0.24999982
-1.07377326,-0.25000051
-1.06514156,-0.25000066
-1.05650353,-0.25000051
-1.04785728,-0.25000027
-1.03920233,-0.25000039
-1.03053379,-0.25000069
-1.02185154,-0.24999931
-1.01315355,-0.24999949
-1.00443828,-0.25000104
-0.99570435,-0.25000024
-0.98694998,-0.25000063
-0.97817373,-0.24999994
-0.96937406,-0.24999952
-0.96055102,-0.25000042
-0.95252466,-0.22499990
-0.94343960,-0.22500002
-0.93432593,-0.22499982
-0.92518222,-0.22499973
-0.91600734,-0.22500029
-0.90680015,-0.22500104
-0.89755952,-0.22500035
-0.88828629,-0.22499961
-0.87897605,-0.22500059
-0.86962980,-0.22500113
-0.86024666,-0.22500086
-0.85082608,-0.22499955
-0.84136754,-0.22500035
-0.83187044,-0.22500059
-0.82233423,-0.22499987
-0.81276065,-0.22500104
-0.80314559,-0.22499987
-0.79349077,-0.22499946
-0.78379613,-0.22500023
-0.77406150,-0.22500023
-0.77099520,-0.27980494
-0.75771034,-0.24999991
-0.74803227,-0.25000098
-0.73831248,-0.24999949
-0.73445392,-0.28924209
-0.72660840,-0.30000007
-0.71710038,-0.29999986
-0.70754802,-0.29999998
-0.70296347,-0.32834274
-0.69747138,-0.35000044
-0.67863196,-0.30000019
-0.66890901,-0.29999971
-0.66020328,-0.30524072
-0.65452665,-0.32499999
-0.64482605,-0.32500014
-0.63508314,-0.32500082
-0.62529808,-0.32499999
-0.62120199,-0.35000041
-0.60560530,-0.32500032
-0.59569836,-0.32499993
-0.58575445,-0.32500029
-0.57908082,-0.33833578
-0.57206148,-0.35000005
-0.56210476,-0.34999999
-0.55210710,-0.34999979
-0.54206997,-0.35000089
-0.53621727,-0.36580390
-0.52863836,-0.37500051
-0.51855928,-0.37500063
-0.50844121,-0.37499997
-0.49133328,-0.35000029
-0.48354384,-0.35876995
-0.47786075,-0.37499955
-0.46760291,-0.37500048
-0.45731640,-0.37500015
-0.44700417,-0.37500060
-0.43666828,-0.37500048
-0.42631349,-0.37499991
-0.41593856,-0.37499961
-0.40554819,-0.37499988
-0.39514491,-0.37500018
-0.38473055,-0.37500021
-0.37890464,-0.39103338
-0.37103081,-0.39999974
-0.36057952,-0.40000048
-0.35012513,-0.39999944
-0.33966711,-0.39999980
-0.32920980,-0.40000045
-0.31875554,-0.40000057
-0.30830678,-0.39999992
-0.29786658,-0.39999998
-0.28743699,-0.39999917
-0.27702138,-0.40000033
-0.26662108,-0.39999932
-0.25624156,-0.39999950
-0.24588126,-0.40000045
-0.23554428,-0.40000072
-0.22523329,-0.40000096
-0.21495053,-0.40000018
-0.20485878,-0.40062967
-0.19874495,-0.41700289
-0.19048864,-0.42499992
-0.18026488,-0.42500022
-0.17007773,-0.42500022
-0.15993188,-0.42500058
-0.14982966,-0.42500037
-0.14295179,-0.43880618
-0.13542810,-0.45000073
-0.12537678,-0.44999999
-0.11537767,-0.45000061
-0.10543484,-0.45000055
-0.09554712,-0.45000035
-0.08571902,-0.45000032
-0.07595307,-0.45000044
-0.06625174,-0.45000067
-0.06032746,-0.46914548
-0.05178741,-0.47499967
-0.04218320,-0.47500011
-0.03265066,-0.47500008
-0.02319176,-0.47499964
-0.01808452,-0.49999976
-0.00864987,-0.49999955
0.00071549,-0.49999958
0.01001191,-0.49999946
0.01792120,-0.50866044
0.02471622,-0.52500033
0.03393529,-0.52500063
0.04308961,-0.52500081
0.05218409,-0.52500015
0.05802935,-0.55000091
0.06713144,-0.55000108
0.07617755,-0.55000025
0.08516927,-0.55000037
0.09410871,-0.55000007
0.10299779,-0.55000007
0.11183704,-0.55000025
0.12063229,-0.54999977
0.12723112,-0.57500106
0.13607505,-0.57500041
0.14488159,-0.57500035
0.15365374,-0.57499993
0.16128778,-0.59210747
0.16962552,-0.60000056
0.17845011,-0.59999943
0.18725210,-0.59999967
0.19524696,-0.61837786
0.20387110,-0.62500006
0.21277115,-0.62499934
0.22166578,-0.62500054
0.23003028,-0.64999956
0.23906440,-0.64999986
0.24810597,-0.64999992
0.25715753,-0.65000033
0.26625150,-0.67500055
0.27548048,-0.67500049
0.28473443,-0.67499918
0.29401749,-0.67500025
0.30450207,-0.72500032
0.31413963,-0.72500032
0.32382020,-0.72500038
0.33455184,-0.75000024
0.34446692,-0.74999911
0.35443217,-0.75000048
0.36444888,-0.74999952
0.37451792,-0.75000000
0.38463920,-0.75000083
0.39667845,-0.77499998
0.40704498,-0.77499980
0.41745797,-0.77499986
0.42791125,-0.77500051
0.43840328,-0.77499980
0.44892448,-0.77499938
0.45947030,-0.77500051
0.47003633,-0.77500021
0.47948319,-0.76564217
0.48537096,-0.72908592
0.49516216,-0.72500038
0.50547963,-0.72499990
0.51580602,-0.72500014
0.52236134,-0.70000088
0.53254890,-0.70000017
0.54273981,-0.70000017
0.55116475,-0.68952638
0.55438274,-0.65000063
0.56428856,-0.65000015
0.57419962,-0.65000063
0.58412045,-0.64999974
0.58906972,-0.62500012
0.59886038,-0.62500077
0.60866356,-0.62499952
0.61848211,-0.62499994
0.62132937,-0.59374875
0.62668598,-0.57500017
0.63625544,-0.57499957
0.64584619,-0.57500070
0.65540791,-0.57477754
0.65770352,-0.54587352
0.66176426,-0.52499974
0.67116052,-0.52499974
0.68058866,-0.52500045
0.69005144,-0.52500045
0.69440377,-0.50692999
0.69679707,-0.48276177
0.70381051,-0.47499990
0.71312487,-0.47500080
0.72248286,-0.47500050
0.73159379,-0.47407210
0.73410451,-0.45250624
0.74264556,-0.44999918
0.75204366,-0.44999993
0.76149178,-0.45000032
0.76942581,-0.44546482
0.77208006,-0.42593735
0.77476656,-0.40700331
0.78162563,-0.40000078
0.79105055,-0.40000036
0.80053586,-0.40000078
0.80923164,-0.39777505
0.81000042,-0.37503383
0.81290060,-0.35823396
0.81954980,-0.35113916
0.82859874,-0.35000089
0.83816868,-0.35000065
0.84316444,-0.33888724
0.84612644,-0.32311502
0.84913474,-0.30771393
0.85538107,-0.30000013
0.86500835,-0.29999948
0.87470973,-0.29999974
0.88448334,-0.29999956
0.88991946,-0.29036036
0.89322931,-0.27620131
0.90252763,-0.27499980
0.91245562,-0.27500007
0.92245662,-0.27499989
0.93199885,-0.27390647
0.93499976,-0.25932342
0.93631226,-0.24148513
0.94278407,-0.23418717
0.94927269,-0.22692350
0.95848352,-0.22499956
0.96873754,-0.22499986
0.97906303,-0.22500087
0.98945761,-0.22500035
0.99991876,-0.22499956
1.00698769,-0.21850328
1.01102400,-0.20634642
1.01816940,-0.19999970
1.02879190,-0.20000066
1.03947842,-0.20000011
1.05022788,-0.19999959
1.06103897,-0.19999957
1.07036102,-0.19724518
1.07681286,-0.18934104
1.08325565,-0.18141924
1.08587432,-0.16680676
1.09046912,-0.15569907
1.09817660,-0.15000017
1.10921347,-0.14999922
1.12030160,-0.14999998
1.13143444,-0.14999993
1.13806927,-0.14227507
1.14424419,-0.13375674
1.15037441,-0.12515140
1.16153181,-0.12499955
1.17281342,-0.12500033
1.18412352,-0.12500055
1.19545746,-0.12500055
1.20518100,-0.12227409
1.21092963,-0.11288112
1.21659482,-0.10332923
1.22598851,-0.10000019
1.23737466,-0.09999990
1.24875796,-0.10000020
1.27499151,-0.12500039
1.28340220,-0.12009087
1.28846562,-0.10953239
1.29342091,-0.09877035
1.29826593,-0.08778429
1.30299807,-0.07656375
1.31336617,-0.07500005
1.33903766,-0.10000011
1.35014403,-0.10000008
1.37425935,-0.12293160
1.37819850,-0.11063713
1.38200641,-0.09804630
1.39959753,-0.11013556
1.40473700,-0.09999943
1.41544235,-0.10000098
1.42707896,-0.10186979
1.43865561,-0.10381886
1.44349480,-0.09325117
1.44733882,-0.08070508
1.45107496,-0.06781545
1.45470345,-0.05456385
1.45822501,-0.04091969
1.46922648,-0.04210207
1.48075843,-0.04456725
1.49220431,-0.04710156
1.49622679,-0.03431877
1.49920452,-0.01909775
1.50207281,-0.00333649
1.50483012,0.01300087
1.50747752,0.02996239
1.51001310,0.04759115
1.51243567,0.06593689
1.51674008,0.08033916
1.52845883,0.07725519
1.54007196,0.07411784
1.55157638,0.07092822
1.56296730,0.06768799
1.57424581,0.06439847
1.58540738,0.06106007
1.59644818,0.05767685
1.60736597,0.05425001
1.61815870,0.05078030
1.62882245,0.04727257
1.63935637,0.04372597
1.64975655,0.04014534
1.66001964,0.03653133
1.67014730,0.03288561
1.68013489,0.02921224
1.68998098,0.02551186
1.69968295,0.02178854
1.70923960,0.01804418
1.71864939,0.01428062
1.72791255,0.01049841
1.73702466,0.00670225
1.74598730,0.00289553
1.75479758,-0.00091940
1.76345503,-0.00474072
1.77195799,-0.00856400
1.77937818,-0.00744813
1.78405213,0.00879186
1.79234183,0.00497716
1.80047572,0.00117242
1.80845845,-0.00262391
1.81628764,-0.00640774
1.82396269,-0.01017260
1.83148408,-0.01391822
1.83885241,-0.01764005
1.84606802,-0.02133531
1.85313237,-0.02499980
1.85977876,-0.02500021
1.86635613,-0.02499956
1.87286818,-0.02500040
1.87931585,-0.02499944
1.88570213,-0.02499997
1.89202678,-0.02499921
1.89735901,0.09999901
1.90497923,0.10000005
1.91293454,0.12499887
1.92075121,0.12499964
1.92853022,0.12500036
1.93627262,0.12499893
1.94398165,0.12500063
1.95165968,0.12500086
1.95930934,0.12500077
1.96814394,0.13744631
1.97872245,0.16330791
1.98818970,0.17499927
1.99637079,0.17500004
2.00454473,0.17500022
2.01271701,0.17500049
2.02089024,0.17499980
2.02906871,0.17500016
2.03725696,0.17499954
2.04545975,0.17500046
2.05368114,0.17499989
2.06205153,0.17553869
2.07319593,0.18709949
2.09092760,0.22262374
2.10055828,0.22500071
2.10961962,0.22500068
2.11873627,0.22500002
2.12791419,0.22500059
2.13715863,0.22499889
2.14647508,0.22500089
2.15587020,0.22499931
2.16534972,0.22499916
2.17491913,0.22499919
2.18594766,0.22843242
2.19849086,0.23506340
2.21114612,0.24126178
2.22391868,0.24706379
2.24704862,0.27499989
2.25799513,0.27499992
2.26906800,0.27500024
2.28027034,0.27499974
2.29160595,0.27499965
2.30307770,0.27499995
2.31468582,0.27499911
2.32643771,0.27500004
2.33833623,0.27499944
2.35038543,0.27500066
2.36310720,0.27584532
2.37790990,0.27972049
2.39287472,0.28339109
2.40800667,0.28687364
2.40999985,0.27039346
2.42155409,0.26829562
2.43500066,0.26869932
2.43499994,0.25022006
2.44810128,0.24999961
2.45683408,0.24374038
2.45493960,0.22376838
2.45307064,0.20442635
2.46284342,0.19999942
2.47441888,0.19764680
2.47264123,0.17933851
2.47089863,0.16155502
2.46919346,0.14426014
2.46752906,0.12743071
2.46590805,0.11104274
2.46433210,0.09507161
2.46280360,0.07949668
2.47182298,0.07499990
2.48490143,0.07443565
2.48353267,0.05943790
2.48222113,0.04477826
2.48097014,0.03043544
2.47978210,0.01639903
2.47865963,0.00265246
2.47760487,-0.01081786
2.47662115,-0.02402398
2.47570968,-0.03697932
2.47487760,-0.04969155
2.47412443,-0.06217146
2.47345304,-0.07443395
2.47286677,-0.08648559
2.47236776,-0.09833604
2.47195959,-0.10999337
2.47164559,-0.12146491
2.47142911,-0.13275868
2.47131181,-0.14388254
2.47811651,-0.15000024
2.49383426,-0.14999978
2.49659109,-0.15918261
2.49690700,-0.16999350
2.49733829,-0.18065977
2.49789190,-0.19118415
2.49856997,-0.20157351
2.49937558,-0.21183264
2.50031328,-0.22196616
2.50138688,-0.23197578
2.50259924,-0.24187003
2.50395679,-0.25165141
2.50546527,-0.26132277
2.50712848,-0.27088869
2.50894952,-0.28035322
2.51093531,-0.28971860
2.51309013,-0.29898879
2.51541781,-0.30816507
2.51792645,-0.31725237
2.52061987,-0.32625362
2.52350569,-0.33517069
2.52658987,-0.34400603
2.52988052,-0.35276151
2.53338265,-0.36144030
2.53499937,-0.37101564
2.53499985,-0.38131747
2.53500009,-0.39159077
2.53499985,-0.40183243
2.54388952,-0.40822437
2.55999947,-0.41168332
2.56000018,-0.42203441
2.55999970,-0.43235925
2.56000066,-0.44265786
2.55999994,-0.45293254
2.56000042,-0.46318144
2.55999994,-0.47341001
2.55999994,-0.48361713
2.56461096,-0.49212474
2.57100344,-0.50003719
2.57774854,-0.50789028
2.58485985,-0.51568437
2.58500051,-0.52590668
2.58499980,-0.53615618
2.58499980,-0.54638863
2.58500028,-0.55660278
2.58500028,-0.56679964
2.58500028,-0.57697988
2.58500028,-0.58714432
2.58499956,-0.59729391
2.58500028,-0.60742939
2.59240103,-0.61542648
2.60304832,-0.62257314
2.62682199,-0.62617773
2.63499999,-0.63424098
2.63500023,-0.64455193
2.63499904,-0.65484720
2.63499951,-0.66512686
2.63499951,-0.67539221
2.63500047,-0.68564361
2.63499951,-0.69588029
2.64731765,-0.70312232
2.65999913,-0.71035838
2.66000056,-0.72065234
2.65999961,-0.73093331
2.65999961,-0.74120122
2.66000032,-0.75145686
2.65999961,-0.76170111
2.66000032,-0.77193201
2.66000032,-0.78215444
2.66000080,-0.79236680
2.66000009,-0.80256957
2.65999985,-0.81276286
2.68443131,-0.81796962
2.68499970,-0.82809657
2.69016671,-0.83730394
2.70999980,-0.84365344
2.70999932,-0.85393041
2.71000004,-0.86419731
2.70999980,-0.87445462
2.71000004,-0.88470274
2.71000004,-0.89494210
2.71000051,-0.90517271
2.70999980,-0.91539532
2.70999980,-0.92560965
2.71000051,-0.93581420
2.70999956,-0.94601327
2.71000004,-0.95620477
2.71000028,-0.96638900
2.70999956,-0.97656620
2.71000004,-0.98673630
2.70999980,-0.99689949
2.71000004,-1.00705588
2.71000028,-1.01720333
2.71000075,-1.02734601
2.70999932,-1.03748226
2.71000028,-1.04761136
2.71000028,-1.05773389
2.70999956,-1.06784952
2.70999932,-1.07795835
2.70999956,-1.08806014
2.70999956,-1.09815300
2.71000028,-1.10824060
2.71000051,-1.11832106
2.71000028,-1.12839425
2.70999956,-1.13845992
2.71564913,-1.14779103
2.76000094,-1.15225422
2.75999999,-1.16241801
2.76000023,-1.17257547
2.75999928,-1.18272436
2.75999975,-1.19286835
2.76000071,-1.20300567
2.76000094,-1.21313620
2.76000023,-1.22325981
2.76000023,-1.23337603
2.76000094,-1.24348474
2.75999999,-1.25358582
2.75999951,-1.26367688
2.76000047,-1.27376175
2.75999999,-1.28383803
2.76000094,-1.29390562
2.76000047,-1.30396438
2.75999904,-1.31401420
2.75999928,-1.32405424
2.76000118,-1.33408475
2.75999975,-1.34410357
2.76000023,-1.35411394
