s,left_width,right_width
0.00000000,0.80182856,0.80182856
0.01001232,0.80165280,0.80165280
0.02001446,0.80148438,0.80148438
0.03000629,0.80132204,0.80132204
0.03998750,0.80116934,0.80116934
0.04995817,0.80102291,0.80102291
0.05991780,0.80088493,0.80088493
0.06986666,0.80075557,0.80075557
0.07980448,0.80063475,0.80063475
0.08973104,0.80052482,0.80052482
0.09964651,0.80042359,0.80042359
0.10955077,0.80033197,0.80033197
0.11944365,0.80025031,0.80025031
0.12932539,0.80018068,0.80018068
0.13919598,0.80012080,0.80012080
0.14905542,0.80007331,0.80007331
0.17583764,0.82503786,0.82503786
0.18577318,0.82501219,0.82501219
0.19569866,0.82499994,0.82499994
0.20561425,0.82499998,0.82499998
0.21552019,0.82501471,0.82501471
0.22541641,0.82504153,0.82504153
0.23530346,0.82508169,0.82508169
0.24518144,0.82513790,0.82513790
0.25505042,0.82520620,0.82520620
0.26491100,0.82529173,0.82529173
0.27476335,0.82539064,0.82539064
0.28460759,0.82550286,0.82550286
0.29444420,0.82563357,0.82563357
0.30427361,0.82577758,0.82577758
0.31409621,0.82593868,0.82593868
0.32391226,0.82611570,0.82611570
0.33372217,0.82630856,0.82630856
0.34352666,0.82651739,0.82651739
0.35332602,0.82674310,0.82674310
0.36312068,0.82698615,0.82698615
0.37291127,0.82724615,0.82724615
0.38269830,0.82752205,0.82752205
0.39248240,0.82781621,0.82781621
0.40226394,0.82812744,0.82812744
0.41204381,0.82845704,0.82845704
0.42182237,0.82880254,0.82880254
0.43160057,0.82916632,0.82916632
0.44137877,0.82954831,0.82954831
0.45616615,0.84215690,0.84215690
0.47145101,0.85552976,0.85552976
0.48111954,0.85597904,0.85597904
0.49079093,0.85644655,0.85644655
0.50046533,0.85693361,0.85693361
0.51014435,0.85744023,0.85744023
0.51982796,0.85796503,0.85796503
0.52951753,0.85850956,0.85850956
0.53921372,0.85907105,0.85907105
0.56761765,0.88493774,0.88493774
0.57744598,0.88555542,0.88555542
0.58728391,0.88619270,0.88619270
0.59713209,0.88685063,0.88685063
0.60699141,0.88752683,0.88752683
0.61686236,0.88822262,0.88822262
0.62674648,0.88893927,0.88893927
0.63664418,0.88967285,0.88967285
0.64655650,0.89042720,0.89042720
0.65648425,0.89119874,0.89119874
0.66642791,0.89198969,0.89198969
0.67638904,0.89279904,0.89279904
0.68636811,0.89362670,0.89362670
0.69636595,0.89447259,0.89447259
0.70638323,0.89533688,0.89533688
0.71642095,0.89621951,0.89621951
0.72647965,0.89711790,0.89711790
0.73655993,0.89803464,0.89803464
0.74851674,0.90808716,0.90808716
0.76277739,0.92175662,0.92175662
0.77265084,0.92662233,0.92662233
0.78270781,0.92763182,0.92763182
0.79278970,0.92865845,0.92865845
0.80289710,0.92969966,0.92969966
0.81303012,0.93075675,0.93075675
0.82318962,0.93182990,0.93182990
0.83337516,0.93291871,0.93291871
0.84358680,0.93402212,0.93402212
0.85345173,0.93838133,0.93838133
0.86628693,0.95057008,0.95057008
0.87889946,0.96251224,0.96251224
0.90857607,0.99073236,0.99073236
0.91892189,0.99197632,0.99197632
0.92929399,0.99323489,0.99323489
0.93969220,0.99451050,0.99451050
0.95011646,0.99579956,0.99579956
0.96056581,0.99710452,0.99710452
0.97104120,0.99842404,0.99842404
0.98154122,0.99975835,0.99975835
0.99206644,1.00110972,1.00110972
1.00261629,1.00247312,1.00247312
1.01319146,1.00385376,1.00385376
1.02379107,1.00524663,1.00524663
1.03441608,1.00665524,1.00665524
1.04506648,1.00807862,1.00807862
1.05574262,1.00951660,1.00951660
1.06644416,1.01096802,1.01096802
1.07718122,1.01988035,1.01988035
1.08868265,1.03068484,1.03068484
1.10006380,1.04134884,1.04134884
1.11052692,1.04357172,1.04357172
1.12124658,1.04510130,1.04510130
1.13199425,1.04664665,1.04664665
1.14276910,1.04820674,1.04820674
1.15357316,1.04978154,1.04978154
1.16440630,1.05137211,1.05137211
1.17526972,1.05297728,1.05297728
1.18581307,1.04732671,1.04732671
1.20427477,1.02927500,1.02927500
1.22240531,1.01154783,1.01154783
1.24021304,0.99413084,0.99413084
1.25771153,0.97701532,0.97701532
1.27491057,0.96018801,0.96018801
1.28490102,0.95540524,0.95540524
1.29559243,0.95694215,0.95694215
1.30581772,0.96580925,0.96580925
1.31825817,0.97205928,0.97205928
1.34178925,0.96437505,0.96437505
1.35277617,0.96319698,0.96319698
1.36344111,0.96478756,0.96478756
1.37414551,0.96638795,0.96638795
1.38395691,0.96478512,0.96478512
1.39957559,0.94953250,0.94953250
1.40970588,0.94349484,0.94349484
1.42047107,0.94508548,0.94508548
1.43025362,0.95020746,0.95020746
1.44101274,0.95860362,0.95860362
1.46275592,0.95201408,0.95201408
1.47934103,0.95124398,0.95124398
1.48999071,0.95316154,0.95316154
1.50081301,0.95479864,0.95479864
1.51168215,0.95644410,0.95644410
1.52486730,0.94411136,0.94411136
1.53817809,0.93152577,0.93152577
1.54908681,0.93313959,0.93313959
1.56004381,0.93476080,0.93476080
1.57105160,0.93638665,0.93638665
1.58163226,0.92858763,0.92858763
1.59544218,0.91509892,0.91509892
1.60524476,0.91276737,0.91276737
1.61635029,0.91436160,0.91436160
1.62750852,0.91595819,0.91595819
1.63803399,0.91888179,0.91888179
1.65787876,0.91384761,0.91384761
1.67370152,0.91351320,0.91351320
1.68355346,0.92237548,0.92237548
1.69476974,0.92398552,0.92398552
1.70604014,0.92559444,0.92559444
1.71779275,0.91494881,0.91494881
1.73072588,0.90229741,0.90229741
1.74101245,0.90135126,0.90135126
1.75239718,0.90291128,0.90291128
1.76383591,0.90447019,0.90447019
1.77532721,0.90602662,0.90602662
1.78687227,0.90758182,0.90758182
1.79846942,0.90913330,0.90913330
1.81012082,0.91068226,0.91068226
1.82282555,0.90051151,0.90051151
1.84157288,0.89660273,0.89660273
1.85261750,0.90363772,0.90363772
1.86272621,0.91345593,0.91345593
1.87305069,0.91835084,0.91835084
1.88308001,0.91498653,0.91498653
1.89529300,0.90299684,0.90299684
1.90638447,0.89310185,0.89310185
1.91822374,0.89454110,0.89454110
1.93011260,0.89597166,0.89597166
1.94205046,0.89738767,0.89738767
1.95240748,0.88949469,0.88949469
1.96431863,0.87776247,0.87776247
1.97435808,0.87150144,0.87150144
1.98639834,0.87280889,0.87280889
1.99643886,0.88144527,0.88144527
2.00665903,0.89148568,0.89148568
2.02390194,0.88945794,0.88945794
2.03891325,0.88332394,0.88332394
2.04899144,0.87903935,0.87903935
2.06112504,0.88021118,0.88021118
2.07329535,0.88135498,0.88135498
2.08550072,0.88246827,0.88246827
2.09595037,0.88765140,0.88765140
2.10620832,0.89779660,0.89779660
2.11646581,0.90794677,0.90794677
2.12878275,0.91116937,0.91116937
2.13999486,0.90003900,0.90003900
2.15114808,0.88895992,0.88895992
2.16313028,0.88927494,0.88927494
2.17544007,0.89009037,0.89009037
2.18584800,0.89526374,0.89526374
2.19747663,0.90197031,0.90197031
2.21467829,0.90061149,0.90061149
2.23001266,0.89703126,0.89703126
2.24048424,0.89354372,0.89354372
2.25282073,0.89411013,0.89411013
2.26517057,0.89463635,0.89463635
2.27753210,0.89511958,0.89511958
2.28785157,0.88581421,0.88581421
2.29857326,0.87510619,0.87510619
2.30895615,0.86541989,0.86541989
2.32132983,0.86573113,0.86573113
2.33140635,0.87209959,0.87209959
2.34181619,0.88250356,0.88250356
2.35223460,0.89291744,0.89291744
2.36262774,0.89754145,0.89754145
2.37500548,0.89766732,0.89766732
2.38738346,0.89775641,0.89775641
2.39858437,0.89556388,0.89556388
2.41150451,0.89005006,0.89005006
2.42844105,0.89009045,0.89009045
2.44331837,0.89285156,0.89285156
2.45359254,0.89764648,0.89764648
2.46595597,0.89751708,0.89751708
2.47831511,0.89735605,0.89735605
2.49066734,0.89715823,0.89715823
2.50301099,0.89692883,0.89692883
2.51534605,0.89666506,0.89666506
2.52766991,0.89636954,0.89636954
2.53998375,0.89604360,0.89604360
2.55365205,0.89405762,0.89405762
2.57062745,0.89479489,0.89479489
2.58762932,0.89559449,0.89559449
2.59837842,0.89442991,0.89442991
2.61067343,0.89395269,0.89395269
2.62295508,0.89344847,0.89344847
2.63471913,0.89381465,0.89381465
2.64767528,0.90047978,0.90047978
2.66478038,0.90163207,0.90163207
2.67864251,0.89851800,0.89851800
2.68862796,0.89051635,0.89051635
2.70088243,0.88985225,0.88985225
2.71311879,0.88916509,0.88916509
2.72309804,0.89595216,0.89595216
2.73409748,0.90690061,0.90690061
2.74499750,0.91754629,0.91754629
2.75720096,0.91673947,0.91673947
2.76938272,0.91590954,0.91590954
2.78154302,0.91505981,0.91505981
2.79176402,0.91816406,0.91816406
2.80920768,0.92001588,0.92001588
2.82672620,0.92192624,0.92192624
2.83764720,0.91380865,0.91380865
2.84863329,0.91050770,0.91050770
2.86076164,0.90954099,0.90954099
2.87160206,0.91118170,0.91118170
2.88300395,0.92248901,0.92248901
2.89446306,0.93384396,0.93384396
2.90518737,0.93569219,0.93569219
2.91724753,0.93461062,0.93461062
2.92928076,0.93351448,0.93351448
2.94012618,0.93483270,0.93483270
2.95175719,0.94633921,0.94633921
2.96345139,0.95790172,0.95790172
2.97435331,0.95896969,0.95896969
2.98630905,0.95777590,0.95777590
2.99823380,0.95656864,0.95656864
3.00859070,0.95901252,0.95901252
3.02565336,0.96337651,0.96337651
3.04402304,0.96635005,0.96635005
3.05434752,0.95637204,0.95637204
3.06450582,0.95039309,0.95039309
3.07638192,0.94913572,0.94913572
3.08822465,0.94786989,0.94786989
3.10003424,0.94659910,0.94659910
3.11180949,0.94532355,0.94532355
3.12354970,0.94404060,0.94404060
3.13538098,0.95537595,0.95537595
3.14770246,0.96751463,0.96751463
3.15803862,0.96955074,0.96955074
3.16971040,0.96821173,0.96821173
3.18134570,0.96687015,0.96687015
3.19165659,0.96870239,0.96870239
3.20420194,0.98104613,0.98104613
3.21598244,0.99200439,0.99200439
3.22754645,0.99061155,0.99061155
3.23907256,0.98921506,0.98921506
3.25056005,0.98781739,0.98781739
3.26074529,0.99475587,0.99475587
3.27364159,1.00742186,1.00742186
3.28355455,1.01252922,1.01252922
3.29496717,1.01107302,1.01107302
3.30634117,1.00961188,1.00961188
3.31739116,1.00874024,1.00874024
3.33060241,1.02169315,1.02169315
3.34338212,1.03391591,1.03391591
3.35467982,1.03238776,1.03238776
3.36593652,1.03085340,1.03085340
3.37715077,1.02931275,1.02931275
3.38832355,1.02776238,1.02776238
3.39945388,1.02620479,1.02620479
3.41054082,1.02463997,1.02463997
3.42094564,1.02459345,1.02459345
3.43484664,1.03817505,1.03817505
3.44652820,1.04822132,1.04822132
3.45753360,1.04657587,1.04657587
3.46849394,1.04491951,1.04491951
3.47940922,1.04325321,1.04325321
3.49164653,1.05409305,1.05409305
3.50602436,1.06799203,1.06799203
3.51690102,1.06624632,1.06624632
3.52773070,1.06448981,1.06448981
3.53851271,1.06271849,1.06271849
3.54961133,1.07126603,1.07126603
3.56499600,1.08620111,1.08620111
3.57540536,1.08515988,1.08515988
3.58610010,1.08328968,1.08328968
3.59674406,1.08140866,1.08140866
3.60811043,1.09019654,1.09019654
3.62382555,1.10523550,1.10523550
3.63443255,1.10326540,1.10326540
3.64498639,1.10128052,1.10128052
3.65548968,1.09928221,1.09928221
3.66930103,1.11157723,1.11157723
3.68231177,1.12262574,1.12262574
3.69277644,1.12053582,1.12053582
3.70318794,1.11843273,1.11843273
3.71289539,1.11846674,1.11846674
3.73149705,1.13638183,1.13638183
3.74108791,1.13917973,1.13917973
3.77354908,1.16405028,1.16405028
3.78367710,1.16178957,1.16178957
3.79728031,1.17318838,1.17318838
3.81064725,1.18415906,1.18415906
3.82074070,1.18182744,1.18182744
3.83077550,1.17949345,1.17949345
3.84117723,1.18532343,1.18532343
3.85888457,1.20152341,1.20152341
3.86889386,1.19914073,1.19914073
3.87884450,1.19676386,1.19676386
3.88860011,1.20060789,1.20060789
3.90800881,1.21853144,1.21853144
3.91794395,1.21613530,1.21613530
3.92782283,1.21375609,1.21375609
3.93859720,1.21987914,1.21987914
3.95608354,1.23533074,1.23533074
3.96595740,1.23295663,1.23295663
3.97577620,1.23060421,1.23060421
3.99197102,1.24435054,1.24435054
4.00383949,1.25206189,1.25206189
4.01366377,1.24974238,1.24974238
4.02343512,1.24745240,1.24745240
4.05296469,1.27579580,1.27579580
4.07392836,1.29476442,1.29476442
4.08389425,1.29248653,1.29248653
4.09381151,1.29024774,1.29024774
4.11907673,1.31381226,1.31381226
4.12907553,1.31161383,1.31161383
4.13902712,1.30946170,1.30946170
4.16013432,1.32831173,1.32831173
4.20484257,1.37199470,1.37199470
4.21766806,1.37995726,1.37995726
4.22799587,1.37788823,1.37788823
4.24734402,1.39436642,1.39436642
4.30243731,1.44845707,1.44845707
4.31303263,1.44825323,1.44825323
4.32377815,1.44632195,1.44632195
4.33448887,1.44445794,1.44445794
4.34516335,1.44266478,1.44266478
4.37401009,1.41566529,1.41566529
4.38441706,1.41404677,1.41404677
4.39478922,1.41250617,1.41250617
4.40512705,1.41104122,1.41104122
4.41543150,1.40965697,1.40965697
4.42570305,1.40835457,1.40835457
4.43594265,1.40713628,1.40713628
4.44615126,1.40600457,1.40600457
4.45632935,1.40496340,1.40496340
4.48408031,1.37894164,1.37894164
4.49398565,1.37810061,1.37810061
4.50386333,1.37735482,1.37735482
4.51371241,1.37670649,1.37670649
4.52353477,1.37615849,1.37615849
4.53333044,1.37571414,1.37571414
4.54310131,1.37537229,1.37537229
4.55284882,1.37514043,1.37514043
4.56257391,1.37501819,1.37501819
4.57227802,1.37500847,1.37500847
4.58196211,1.37511465,1.37511465
4.59162807,1.37533685,1.37533685
4.60127831,1.37568117,1.37568117
4.61091280,1.37614623,1.37614623
4.62053394,1.37673947,1.37673947
4.63014364,1.37745848,1.37745848
4.63974333,1.37830928,1.37830928
4.64933586,1.37929187,1.37929187
4.65892315,1.38041135,1.38041135
4.66850662,1.38166748,1.38166748
4.67808819,1.38306514,1.38306514
4.68767023,1.38460575,1.38460575
4.71346951,1.36108766,1.36108766
4.72280693,1.36288939,1.36288939
4.73433161,1.35932502,1.35932502
4.75227785,1.34754022,1.34754022
4.76433563,1.34383908,1.34383908
4.77397156,1.34620354,1.34620354
4.78362513,1.34872447,1.34872447
4.79329920,1.35140255,1.35140255
4.80299807,1.35424181,1.35424181
4.81272411,1.35724239,1.35724239
4.82248020,1.36041019,1.36041019
4.83226967,1.36374518,1.36374518
4.84209633,1.36725090,1.36725090
4.85196257,1.37092888,1.37092888
4.86187363,1.37478274,1.37478274
4.87183094,1.37881474,1.37881474
4.88183928,1.38302608,1.38302608
4.89190292,1.38742062,1.38742062
4.90202427,1.39200069,1.39200069
4.91220808,1.39677000,1.39677000
4.92245865,1.40172850,1.40172850
4.93277836,1.40688117,1.40688117
4.94317245,1.41222887,1.41222887
4.95364475,1.41777583,1.41777583
4.96420050,1.42352417,1.42352417
4.97484159,1.42947389,1.42947389
4.98557281,1.43562979,1.43562979
5.01057339,1.41478769,1.41478769
5.02118587,1.42123892,1.42123892
5.03189659,1.42790169,1.42790169
5.04270983,1.43477545,1.43477545
5.05363035,1.44186279,1.44186279
5.06466007,1.44916741,1.44916741
5.07580376,1.45669308,1.45669308
5.08706427,1.46443835,1.46443835
5.09844685,1.47240982,1.47240982
5.10995245,1.48060781,1.48060781
5.12158775,1.48903330,1.48903330
5.13335466,1.49769279,1.49769279
5.14525938,1.50658568,1.50658568
5.15730524,1.51571534,1.51571534
5.16949797,1.52508420,1.52508420
5.18184042,1.53469350,1.53469350
5.19434023,1.54454713,1.54454713
5.20700026,1.55464732,1.55464732
5.21982622,1.56499631,1.56499631
5.23282290,1.57559575,1.57559575
5.24599648,1.58644659,1.58644659
5.25935030,1.59755353,1.59755353
5.27289104,1.60891978,1.60891978
5.28662634,1.62054440,1.62054440
5.30071592,1.61532218,1.61532218
5.31318808,1.61295654,1.61295654
5.32715225,1.62513427,1.62513427
5.34133101,1.63757570,1.63757570
5.35572958,1.65028322,1.65028322
5.37035561,1.66325570,1.66325570
5.38521338,1.67649892,1.67649892
5.40031099,1.69001226,1.69001226
5.41565371,1.70379760,1.70379760
5.43124962,1.71785660,1.71785660
5.44710445,1.73219114,1.73219114
5.45997334,1.73057127,1.73057127
5.47990084,1.71803096,1.71803096
5.53274107,1.67003426,1.67003426
5.55133057,1.65867314,1.65867314
5.56951046,1.64769658,1.64769658
5.58729696,1.63708992,1.63708992
5.60470629,1.62682996,1.62682996
5.62174940,1.61690315,1.61690315
5.63844156,1.60728887,1.60728887
5.65479422,1.59797366,1.59797366
5.67082024,1.58894046,1.58894046
5.68652821,1.58017579,1.58017579
5.70193243,1.57166131,1.57166131
5.71703911,1.56338519,1.56338519
5.73185968,1.55533328,1.55533328
5.74640179,1.54749140,1.54749140
5.76067591,1.53984619,1.53984619
5.77468872,1.53238533,1.53238533
5.78844738,1.52509651,1.52509651
5.83064127,1.48630487,1.48630487
5.84362078,1.47950086,1.47950086
5.85637617,1.47282818,1.47282818
5.86891365,1.46627092,1.46627092
5.88124084,1.45982169,1.45982169
5.89336205,1.45346659,1.45346659
5.90528631,1.44719482,1.44719482
5.91701603,1.44099740,1.44099740
5.92856121,1.43486203,1.43486203
5.93992424,1.42877800,1.42877800
5.95111370,1.42273695,1.42273695
5.98838139,1.38676514,1.38676514
5.99900961,1.38090098,1.38090098
6.00948715,1.37504407,1.37504407
6.01982069,1.36918337,1.36918337
6.03001642,1.36330941,1.36330941
6.04008198,1.35741081,1.35741081
6.05002451,1.35147945,1.35147945
6.05985117,1.34550782,1.34550782
6.06956911,1.33948365,1.33948365
6.07918692,1.33339857,1.33339857
6.08871174,1.32724376,1.32724376
6.09815502,1.32101067,1.32101067
6.10752296,1.31468863,1.31468863
6.11682796,1.30826904,1.30826904
6.12607813,1.30174195,1.30174195
6.13528490,1.29510126,1.29510126
6.14445782,1.28833737,1.28833737
6.15360928,1.28144160,1.28144160
6.16274977,1.27440433,1.27440433
6.17189074,1.26722293,1.26722293
6.18104458,1.25988151,1.25988151
6.19022417,1.25237804,1.25237804
6.19944096,1.24470109,1.24470109
6.20870781,1.23684933,1.23684933
6.21803713,1.22881097,1.22881097
6.22743940,1.22058346,1.22058346
6.25510263,1.18436151,1.18436151
6.26460505,1.17578251,1.17578251
6.27422142,1.16699480,1.16699480
6.28396320,1.15799195,1.15799195
6.29384041,1.14877204,1.14877204
6.30386257,1.13932856,1.13932856
6.31404161,1.12965697,1.12965697
6.32438231,1.11975563,1.11975563
6.33489323,1.10962759,1.10962759
6.34557962,1.09926752,1.09926752
6.35644579,1.08868036,1.08868036
6.36749601,1.07786385,1.07786385
6.37873363,1.06682237,1.06682237
6.39015913,1.05555889,1.05555889
6.40177345,1.04407474,1.04407474
6.41357565,1.03237662,1.03237662
6.42556286,1.02047247,1.02047247
6.43703127,1.00960456,1.00960456
6.44766474,1.00913198,1.00913198
6.45829725,1.00872305,1.00872305
6.46892738,1.00837638,1.00837638
6.47955942,1.00809080,1.00809080
6.49019241,1.00786758,1.00786758
6.50307322,0.99507924,0.99507924
6.51626635,0.98188948,0.98188948
6.52959204,0.96856321,0.96856321
6.54303980,0.95511588,0.95511588
6.55306101,0.95315060,0.95315060
6.56371069,0.95326050,0.95326050
6.57436275,0.95342527,0.95342527
6.58501768,0.95364136,0.95364136
6.59480476,0.94923703,0.94923703
6.60885906,0.93520018,0.93520018
6.62297153,0.92111083,0.92111083
6.63712788,0.90698366,0.90698366
6.64712524,0.90087402,0.90087402
6.65774775,0.90135624,0.90135624
6.66837454,0.90188603,0.90188603
6.67900562,0.90245963,0.90245963
6.68878937,0.89762220,0.89762220
6.70321465,0.88327278,0.88327278
6.71323204,0.87704463,0.87704463
6.72384071,0.87777578,0.87777578
6.73445606,0.87855115,0.87855115
6.74508095,0.87937007,0.87937007
6.75544834,0.87204720,0.87204720
6.76991844,0.85770649,0.85770649
6.77953863,0.85452275,0.85452275
6.79013872,0.85548698,0.85548698
6.80075121,0.85649414,0.85649414
6.81137753,0.85754512,0.85754512
6.82201910,0.85863877,0.85863877
6.83267784,0.85977779,0.85977779
6.84335327,0.86096063,0.86096063
6.85335636,0.86026602,0.86026602
6.86774063,0.84611312,0.84611312
6.87892199,0.83688605,0.83688605
6.88958406,0.83820804,0.83820804
6.90026999,0.83957634,0.83957634
6.91097784,0.84099130,0.84099130
6.92171288,0.84245239,0.84245239
6.93247366,0.84396231,0.84396231
6.94326353,0.84552123,0.84552123
6.95408392,0.84713000,0.84713000
6.96493626,0.84878778,0.84878778
6.97582197,0.85049550,0.85049550
6.98674345,0.85225721,0.85225721
6.99770260,0.85406967,0.85406967
7.00870037,0.85593749,0.85593749
7.01973867,0.85785883,0.85785883
7.02940512,0.85437384,0.85437384
7.04328966,0.84095226,0.84095226
7.05317974,0.83516243,0.83516243
7.06425858,0.83724139,0.83724139
7.07538557,0.83938009,0.83938009
7.08656454,0.84157837,0.84157837
7.09779501,0.84383676,0.84383676
7.10908127,0.84615844,0.84615844
7.12042475,0.84854006,0.84854006
7.13182735,0.85098991,0.85098991
7.14329195,0.85350460,0.85350460
7.15482283,0.85608773,0.85608773
7.16641951,0.85873916,0.85873916
7.17702913,0.86374393,0.86374393
7.18687201,0.87256814,0.87256814
7.19672394,0.88135362,0.88135362
7.20659018,0.89010497,0.89010497
7.23919201,0.92893548,0.92893548
7.24947357,0.93663816,0.93663816
7.26161814,0.94004524,0.94004524
7.27385283,0.94354364,0.94354364
7.28618145,0.94713268,0.94713268
7.29860735,0.95081661,0.95081661
7.31113195,0.95459710,0.95459710
7.32376146,0.95847665,0.95847665
7.33649826,0.96245615,0.96245615
7.34934711,0.96653922,0.96653922
7.36230898,0.97072629,0.97072629
7.37538958,0.97502307,0.97502307
7.38859272,0.97942733,0.97942733
7.40192318,0.98394647,0.98394647
7.41538239,0.98857914,0.98857914
7.42897749,0.99333244,0.99333244
7.44271135,0.99820542,0.99820542
7.45658922,1.00320178,1.00320178
7.46911573,1.01091789,1.01091789
7.48084068,1.02080564,1.02080564
7.49268436,1.03076789,1.03076789
7.50465488,1.04081052,1.04081052
7.51675606,1.05094015,1.05094015
7.52899361,1.06116313,1.06116313
7.54137182,1.07148431,1.07148431
7.58271360,1.11558345,1.11558345
7.59810686,1.12222889,1.12222889
7.61233807,1.12692761,1.12692761
7.62632132,1.11502685,1.11502685
7.64015436,1.10327872,1.10327872
7.65383768,1.09167842,1.09167842
7.66737461,1.08022577,1.08022577
7.68076706,1.06891228,1.06891228
7.69219303,1.06686409,1.06686409
7.70766163,1.07511848,1.07511848
7.71952534,1.07548952,1.07548952
7.73512030,1.06855358,1.06855358
7.75052166,1.06173446,1.06173446
7.76573658,1.05503053,1.05503053
7.78076649,1.04844222,1.04844222
7.79561710,1.04196902,1.04196902
7.81028986,1.03560908,1.03560908
7.82479191,1.02936276,1.02936276
7.83912516,1.02322897,1.02322897
7.85156822,1.01421635,1.01421635
7.86351681,1.00450780,1.00450780
7.87535524,0.99489503,0.99489503
7.88708496,0.98537119,0.98537119
7.89871073,0.97593009,0.97593009
7.91023493,0.96657107,0.96657107
7.92717600,0.97474259,0.97474259
7.94184971,0.97962158,0.97962158
7.95452404,0.97295160,0.97295160
7.96792698,0.96789541,0.96789541
7.98119497,0.96294066,0.96294066
7.99433470,0.95808724,0.95808724
8.00734711,0.95333360,0.95333360
8.02023506,0.94867911,0.94867911
8.03300190,0.94412212,0.94412212
8.04565334,0.93966301,0.93966301
8.05819035,0.93529794,0.93529794
8.07054996,0.94467765,0.94467765
8.08574009,0.95516110,0.95516110
8.09648132,0.94657464,0.94657464
8.10716438,0.93799925,0.93799925
8.11779594,0.92943249,0.92943249
8.12837791,0.92086425,0.92086425
8.13891983,0.91229132,0.91229132
8.14942265,0.90370364,0.90370364
8.16149902,0.90010881,0.90010881
8.17350292,0.89663213,0.89663213
8.18541813,0.89323631,0.89323631
8.19724751,0.88992056,0.88992056
8.20899487,0.88668712,0.88668712
8.22066116,0.88352897,0.88352897
8.23224926,0.88044912,0.88044912
8.24376106,0.87744514,0.87744514
8.25520039,0.87451533,0.87451533
8.26656723,0.87165771,0.87165771
8.27786636,0.86887345,0.86887345
8.28909779,0.86615969,0.86615969
8.30026531,0.86351560,0.86351560
8.31136990,0.86093867,0.86093867
8.32241440,0.85843027,0.85843027
8.33340073,0.85598748,0.85598748
8.34432983,0.85360947,0.85360947
8.35520458,0.85129391,0.85129391
8.36602783,0.84904171,0.84904171
8.37590408,0.84191908,0.84191908
8.38610363,0.83293208,0.83293208
8.39640331,0.82378166,0.82378166
8.40681076,0.81446043,0.81446043
8.41723347,0.81162235,0.81162235
8.42793941,0.80978138,0.80978138
8.43860340,0.80799081,0.80799081
8.44922543,0.80625001,0.80625001
8.45980644,0.80455693,0.80455693
8.47035027,0.80291392,0.80291392
8.48085594,0.80131461,0.80131461
8.49132633,0.79976194,0.79976194
8.50176144,0.79825067,0.79825067
8.51216316,0.79678333,0.79678333
8.52253437,0.79535757,0.79535757
8.53287220,0.79397229,0.79397229
8.54318142,0.79262459,0.79262459
8.55346298,0.79131725,0.79131725
8.56371593,0.79004626,0.79004626
8.57660103,0.80043334,0.80043334
8.59170246,0.81386600,0.81386600
8.60200882,0.81266363,0.81266363
8.61228943,0.81149528,0.81149528
8.62254524,0.81036009,0.81036009
8.63277817,0.80925797,0.80925797
8.64299011,0.80818741,0.80818741
8.65318012,0.80714846,0.80714846
8.66335011,0.80613882,0.80613882
8.67406368,0.79800778,0.79800778
8.68788815,0.78459599,0.78459599
8.69837952,0.77737175,0.77737175
8.70858669,0.77650383,0.77650383
8.71877670,0.77566280,0.77566280
8.72894955,0.77484382,0.77484382
8.73910618,0.77405027,0.77405027
8.74924755,0.77327891,0.77327891
8.75937366,0.77252933,0.77252933
8.76948643,0.77180185,0.77180185
8.77958488,0.77109383,0.77109383
8.78967094,0.77040662,0.77040662
8.79974365,0.76973641,0.76973641
8.80980492,0.76908549,0.76908549
8.81985474,0.76845232,0.76845232
8.82989407,0.76783811,0.76783811
8.83992386,0.76723758,0.76723758
8.84994221,0.76665292,0.76665292
8.85995293,0.76608397,0.76608397
8.86995411,0.76553111,0.76553111
8.87994671,0.76498883,0.76498883
8.88993168,0.76446290,0.76446290
8.89990902,0.76394896,0.76394896
8.90987873,0.76344843,0.76344843
8.91984272,0.76296011,0.76296011
8.92979908,0.76248415,0.76248415
8.93975067,0.76201777,0.76201777
8.94969559,0.76156356,0.76156356
8.95963573,0.76112057,0.76112057
8.96957016,0.76068730,0.76068730
9.00080681,0.76323619,0.76323619
9.02115440,0.75985112,0.75985112
9.03124523,0.75944693,0.75944693
9.04133224,0.75905274,0.75905274
9.05141544,0.75866708,0.75866708
9.06149387,0.75828861,0.75828861
9.07157040,0.75792110,0.75792110
9.08164310,0.75756098,0.75756098
9.09171295,0.75720819,0.75720819
9.10178089,0.75686389,0.75686389
9.11184597,0.75652721,0.75652721
9.12190914,0.75619758,0.75619758
9.13197136,0.75587633,0.75587633
9.14203167,0.75556269,0.75556269
9.15209007,0.75525503,0.75525503
9.16214752,0.75495495,0.75495495
9.17220402,0.75466304,0.75466304
9.18225956,0.75437758,0.75437758
9.19231415,0.75409921,0.75409921
9.20236778,0.75382940,0.75382940
9.21242142,0.75356449,0.75356449
9.22247410,0.75330803,0.75330803
9.23252583,0.75305915,0.75305915
9.24257755,0.75281732,0.75281732
9.25262833,0.75258416,0.75258416
9.26267910,0.75235828,0.75235828
9.27272892,0.75214002,0.75214002
9.28277779,0.75193116,0.75193116
9.29282570,0.75172966,0.75172966
9.30287361,0.75153681,0.75153681
9.31291962,0.75135503,0.75135503
9.32296467,0.75118050,0.75118050
9.34944725,0.77605100,0.77605100
9.35959148,0.77589232,0.77589232
9.36973476,0.77574450,0.77574450
9.37987709,0.77560923,0.77560923
9.39001846,0.77548581,0.77548581
9.40015793,0.77537465,0.77537465
9.41029644,0.77527595,0.77527595
9.42043114,0.77519160,0.77519160
9.43056393,0.77512210,0.77512210
9.44069386,0.77506725,0.77506725
9.45081902,0.77502825,0.77502825
9.46094036,0.77500476,0.77500476
9.47105598,0.77499872,0.77499872
9.48116684,0.77501094,0.77501094
9.49127102,0.77503911,0.77503911
9.50136852,0.77508660,0.77508660
9.51146030,0.77515371,0.77515371
9.52154350,0.77524044,0.77524044
9.53161907,0.77534669,0.77534669
9.54168797,0.77547251,0.77547251
9.55174828,0.77561993,0.77561993
9.56180000,0.77578982,0.77578982
9.57184410,0.77598033,0.77598033
9.58187866,0.77619258,0.77619258
9.59190559,0.77642819,0.77642819
9.60192299,0.77668573,0.77668573
9.61193275,0.77696661,0.77696661
9.62193394,0.77727166,0.77727166
9.63192654,0.77760021,0.77760021
9.64190960,0.77795295,0.77795295
9.65188503,0.77833008,0.77833008
9.66185284,0.77873292,0.77873292
9.67181301,0.77916022,0.77916022
9.68176365,0.77961300,0.77961300
9.69170856,0.78009279,0.78009279
9.70251369,0.78619266,0.78619266
9.72333717,0.80632929,0.80632929
9.73311996,0.80690539,0.80690539
9.74289608,0.80751223,0.80751223
9.75266552,0.80814701,0.80814701
9.78107071,0.83408707,0.83408707
9.79097271,0.83480091,0.83480091
9.80087185,0.83554816,0.83554816
9.81076622,0.83632576,0.83632576
9.82065868,0.83713497,0.83713497
9.83054733,0.83797716,0.83797716
9.84043503,0.83885139,0.83885139
9.85032177,0.83976083,0.83976083
9.86020851,0.84070309,0.84070309
9.87009335,0.84167982,0.84167982
9.87998199,0.84269281,0.84269281
9.88987160,0.84373898,0.84373898
9.89976406,0.84482414,0.84482414
9.90966129,0.84594597,0.84594597
9.91956139,0.84710435,0.84710435
9.92946815,0.84830075,0.84830075
9.95918083,0.87528081,0.87528081
9.96926212,0.87659553,0.87659553
9.97935390,0.87795173,0.87795173
9.98945808,0.87934943,0.87934943
9.99957466,0.88079104,0.88079104
10.00970459,0.88227902,0.88227902
10.01984978,0.88380859,0.88380859
10.03001308,0.88538586,0.88538586
10.04019356,0.88701056,0.88701056
10.05039406,0.88868165,0.88868165
10.06061459,0.89040288,0.89040288
10.07085991,0.89217422,0.89217422
10.08099651,0.89990223,0.89990223
10.09132195,0.90847897,0.90847897
10.10149479,0.91681754,0.91681754
10.11153603,0.92493767,0.92493767
10.12139130,0.92833983,0.92833983
10.13162994,0.93049558,0.93049558
10.14190197,0.93270999,0.93270999
10.15221119,0.93498646,0.93498646
10.16256046,0.93732555,0.93732555
10.17295074,0.93972893,0.93972893
10.18338490,0.94219723,0.94219723
10.19386292,0.94473146,0.94473146
10.20439148,0.94733656,0.94733656
10.21497059,0.95000986,0.95000986
10.22560310,0.95275533,0.95275533
10.23629189,0.95557381,0.95557381
10.24704075,0.95846904,0.95846904
10.25785160,0.96143914,0.96143914
10.26872635,0.96448852,0.96448852
10.27966881,0.96761942,0.96761942
10.31366158,0.99857052,0.99857052
10.32496738,1.00196168,1.00196168
10.33635235,1.00544175,1.00544175
10.34782028,1.00901364,1.00901364
10.35937405,1.01267828,1.01267828
10.37101936,1.01643790,1.01643790
10.38275528,1.02029648,1.02029648
10.39458656,1.02425416,1.02425416
10.40651894,1.02831290,1.02831290
10.41855335,1.03247805,1.03247805
10.43069458,1.03675062,1.03675062
10.44277763,1.04147220,1.04147220
10.45380116,1.04937875,1.04937875
10.46491241,1.05731826,1.05731826
10.49925327,1.09460315,1.09460315
10.51080418,1.10276141,1.10276141
10.52245903,1.11097412,1.11097412
10.53422642,1.11924693,1.11924693
10.54611111,1.12759025,1.12759025
10.55811691,1.13600481,1.13600481
10.57024670,1.14449968,1.14449968
10.58283234,1.15233395,1.15233395
10.59651756,1.15845449,1.15845449
10.61035442,1.16473149,1.16473149
10.62434673,1.17116818,1.17116818
10.63850021,1.17777111,1.17777111
10.65281963,1.18454095,1.18454095
10.66730976,1.19148201,1.19148201
10.68197441,1.19859863,1.19859863
10.69682121,1.20589117,1.20589117
10.71185589,1.21336567,1.21336567
10.72385120,1.20957878,1.20957878
10.74074745,1.19558095,1.19558095
10.75734329,1.18188479,1.18188479
10.76900005,1.17960944,1.17960944
10.78437614,1.18759749,1.18759749
10.79714108,1.18048701,1.18048701
10.81305790,1.16756595,1.16756595
10.82964420,1.15626467,1.15626467
10.84669495,1.14624513,1.14624513
10.86345959,1.13646608,1.13646608
10.87628937,1.14489614,1.14489614
10.88935280,1.15366100,1.15366100
10.90573025,1.14428107,1.14428107
10.92185307,1.13512560,1.13512560
10.93773079,1.12619378,1.12619378
10.95337105,1.11747911,1.11747911
10.96878624,1.10897473,1.10897473
10.98398018,1.10067985,1.10067985
10.99895954,1.09258430,1.09258430
11.01373672,1.08468880,1.08468880
11.02831650,1.07698458,1.07698458
11.04270649,1.06946793,1.06946793
11.05656624,1.06160510,1.06160510
11.06917191,1.05206526,1.05206526
11.08161736,1.04265784,1.04265784
11.09390640,1.03337270,1.03337270
11.10604572,1.02420647,1.02420647
11.11804199,1.01514787,1.01514787
11.12990189,1.00619150,1.00619150
11.14565086,1.01448738,1.01448738
11.15967751,1.02010647,1.02010647
11.17144871,1.01122928,1.01122928
11.18310070,1.00243066,1.00243066
11.19463634,0.99370221,0.99370221
11.20698643,0.98706687,0.98706687
11.21988678,0.98177599,0.98177599
11.23266983,0.97661725,0.97661725
11.24533844,0.97158706,0.97158706
11.25789547,0.96668442,0.96668442
11.27034378,0.96190548,0.96190548
11.28269196,0.95724730,0.95724730
11.29493809,0.95270626,0.95270626
11.30708790,0.94828249,0.94828249
11.31914425,0.94396971,0.94396971
11.33111000,0.93976792,0.93976792
11.34299088,0.93567392,0.93567392
11.35478592,0.93168459,0.93168459
11.36747646,0.94141578,0.94141578
11.38134956,0.95288955,0.95288955
11.39313984,0.94908685,0.94908685
11.40485382,0.94538322,0.94538322
11.41649437,0.94177617,0.94177617
11.42806339,0.93826417,0.93826417
11.43956375,0.93484392,0.93484392
11.45099640,0.93151470,0.93151470
11.46236420,0.92827267,0.92827267
11.47367001,0.92511958,0.92511958
11.48491669,0.92204811,0.92204811
11.49578857,0.91829721,0.91829721
11.50582218,0.91021506,0.91021506
11.51588249,0.90202739,0.90202739
11.52598095,0.89372431,0.89372431
11.53612709,0.88529548,0.88529548
11.54622841,0.87787352,0.87787352
11.55729103,0.87542377,0.87542377
11.56830406,0.87304327,0.87304327
11.57927132,0.87072898,0.87072898
11.59019279,0.86848155,0.86848155
11.60106850,0.86629898,0.86629898
11.61190414,0.86417981,0.86417981
11.62269783,0.86212275,0.86212275
11.63732719,0.87475603,0.87475603
11.65038776,0.88500990,0.88500990
11.66122913,0.88307479,0.88307479
11.67203236,0.88119659,0.88119659
11.68279934,0.87937717,0.87937717
11.69352913,0.87761603,0.87761603
11.70422554,0.87590816,0.87590816
11.71488762,0.87425673,0.87425673
11.72551823,0.87265761,0.87265761
11.73611641,0.87111209,0.87111209
11.74668503,0.86961670,0.86961670
11.75770569,0.86029284,0.86029284
11.76976776,0.84899533,0.84899533
11.78114510,0.83920759,0.83920759
11.79173470,0.83794905,0.83794905
11.80229759,0.83673427,0.83673427
11.81283283,0.83556265,0.83556265
11.82302189,0.83893819,0.83893819
11.84418392,0.85939207,0.85939207
11.85476303,0.85831416,0.85831416
11.86531734,0.85727639,0.85727639
11.89582253,0.83032963,0.83032963
11.90621853,0.82939801,0.82939801
11.91659546,0.82849979,0.82849979
11.92695332,0.82763542,0.82763542
11.93729305,0.82680156,0.82680156
11.94761467,0.82600195,0.82600195
11.95792007,0.82522947,0.82522947
11.96821022,0.82448584,0.82448584
11.97848511,0.82376942,0.82376942
11.98874474,0.82307949,0.82307949
11.99899101,0.82241311,0.82241311
12.00922394,0.82177340,0.82177340
12.01944447,0.82115621,0.82115621
12.02965260,0.82056122,0.82056122
12.03984928,0.81998884,0.81998884
12.05971813,0.83884166,0.83884166
12.07049084,0.84449444,0.84449444
12.08073235,0.84396363,0.84396363
12.09096146,0.84345210,0.84345210
12.10118103,0.84295760,0.84295760
12.11138916,0.84248165,0.84248165
12.12158871,0.84202287,0.84202287
12.13177776,0.84157842,0.84157842
12.14195919,0.84114873,0.84114873
12.15213108,0.84073476,0.84073476
12.16229534,0.84033570,0.84033570
12.17245007,0.83994989,0.83994989
12.18259907,0.83957639,0.83957639
12.19274044,0.83921504,0.83921504
12.20287514,0.83886606,0.83886606
12.21300220,0.83852871,0.83852871
12.22312355,0.83820205,0.83820205
12.23323917,0.83788686,0.83788686
12.24334908,0.83758211,0.83758211
12.25345230,0.83728625,0.83728625
12.26355171,0.83699938,0.83699938
12.27364445,0.83672325,0.83672325
12.28373432,0.83645626,0.83645626
12.29381752,0.83619502,0.83619502
12.30389786,0.83594641,0.83594641
12.31397343,0.83570194,0.83570194
12.32404518,0.83546595,0.83546595
12.33411407,0.83523785,0.83523785
12.34417725,0.83501691,0.83501691
12.35423851,0.83480364,0.83480364
12.36429596,0.83459454,0.83459454
12.37435055,0.83439476,0.83439476
12.38440037,0.83420019,0.83420019
12.39444923,0.83400995,0.83400995
12.40903473,0.84596076,0.84596076
12.42438698,0.85891074,0.85891074
12.43446255,0.85873288,0.85873288
12.44453716,0.85856081,0.85856081
12.45460796,0.85839239,0.85839239
12.46467590,0.85823000,0.85823000
12.47474098,0.85807251,0.85807251
12.48480320,0.85792076,0.85792076
12.49486351,0.85777203,0.85777203
12.50492191,0.85762814,0.85762814
12.51497650,0.85748938,0.85748938
12.52503014,0.85735326,0.85735326
12.53508186,0.85722155,0.85722155
12.54513073,0.85709365,0.85709365
12.55517769,0.85697002,0.85697002
12.56522274,0.85684843,0.85684843
12.57526684,0.85673178,0.85673178
12.58530903,0.85661848,0.85661848
12.59535027,0.85650762,0.85650762
12.60538864,0.85640000,0.85640000
12.61542606,0.85629501,0.85629501
12.62546253,0.85619486,0.85619486
12.63549805,0.85609709,0.85609709
12.65165901,0.84209009,0.84209009
12.66584587,0.83073357,0.83073357
12.67590046,0.83064708,0.83064708
12.68595314,0.83056261,0.83056261
12.69600391,0.83048003,0.83048003
12.70605373,0.83039938,0.83039938
12.71610260,0.83032092,0.83032092
12.72615051,0.83024669,0.83024669
12.73619556,0.83017320,0.83017320
12.74624157,0.83010121,0.83010121
12.75628471,0.83003173,0.83003173
12.76632881,0.82996320,0.82996320
12.77637005,0.82989890,0.82989890
12.78641033,0.82983493,0.82983493
12.79645157,0.82977177,0.82977177
12.80649090,0.82971084,0.82971084
12.81652832,0.82965208,0.82965208
12.82656670,0.82959453,0.82959453
12.83660316,0.82953949,0.82953949
12.84663963,0.82948601,0.82948601
12.85667610,0.82943368,0.82943368
12.86671066,0.82938378,0.82938378
12.87674522,0.82933347,0.82933347
12.88677979,0.82928606,0.82928606
12.89681339,0.82923968,0.82923968
12.90684605,0.82919417,0.82919417
12.91687870,0.82915051,0.82915051
12.92691135,0.82910770,0.82910770
12.93694305,0.82906714,0.82906714
12.96306133,0.85415009,0.85415009
12.97310448,0.85411003,0.85411003
12.98314762,0.85407110,0.85407110
12.99318981,0.85403448,0.85403448
13.00323009,0.85399904,0.85399904
13.01327133,0.85396472,0.85396472
13.02331257,0.85393067,0.85393067
13.03335190,0.85389864,0.85389864
13.04339123,0.85386685,0.85386685
13.06953907,0.82872311,0.82872311
13.07958698,0.82869526,0.82869526
13.08963490,0.82866832,0.82866832
13.09967995,0.82864146,0.82864146
13.10972595,0.82861557,0.82861557
13.11977196,0.82859106,0.82859106
13.12981701,0.82856797,0.82856797
13.13986111,0.82854478,0.82854478
13.14990425,0.82852392,0.82852392
13.15994740,0.82850246,0.82850246
13.16999054,0.82848280,0.82848280
13.18003368,0.82846301,0.82846301
13.19007492,0.82844493,0.82844493
13.20011616,0.82842765,0.82842765
13.21015739,0.82840916,0.82840916
13.22019863,0.82839336,0.82839336
13.23023891,0.82837924,0.82837924
13.24027920,0.82836290,0.82836290
13.25031948,0.82834867,0.82834867
13.26035881,0.82833608,0.82833608
13.27039719,0.82832129,0.82832129
13.28043747,0.82831089,0.82831089
13.29047585,0.82829921,0.82829921
13.30051517,0.82828715,0.82828715
13.31055355,0.82827760,0.82827760
13.32059193,0.82826665,0.82826665
13.33063030,0.82825676,0.82825676
13.34066868,0.82824830,0.82824830
13.35070610,0.82823987,0.82823987
13.36074448,0.82823250,0.82823250
13.38491058,0.85111080,0.85111080
13.39499950,0.85331519,0.85331519
13.40503979,0.85330792,0.85330792
13.41507912,0.85330207,0.85330207
13.42511940,0.85329597,0.85329597
13.43515873,0.85329109,0.85329109
13.44519806,0.85328489,0.85328489
13.45523643,0.85327862,0.85327862
13.46527576,0.85327372,0.85327372
13.47531509,0.85326673,0.85326673
13.48535442,0.85326042,0.85326042
13.49539280,0.85325324,0.85325324
13.50543213,0.85324704,0.85324704
13.51547146,0.85323977,0.85323977
13.52551079,0.85322995,0.85322995
13.53554821,0.85322124,0.85322124
13.56175518,0.82811757,0.82811757
13.57179737,0.82810678,0.82810678
13.58183956,0.82809451,0.82809451
13.59188175,0.82808118,0.82808118
13.60192490,0.82806749,0.82806749
13.61196804,0.82805206,0.82805206
13.62201118,0.82803475,0.82803475
13.63205338,0.82801596,0.82801596
13.64209747,0.82799650,0.82799650
13.65214062,0.82797591,0.82797591
13.66218472,0.82795158,0.82795158
13.67222786,0.82792689,0.82792689
13.68227100,0.82789930,0.82789930
13.69231415,0.82787114,0.82787114
13.70235729,0.82783948,0.82783948
13.71240044,0.82780660,0.82780660
13.72244167,0.82777004,0.82777004
13.73248386,0.82773210,0.82773210
13.74252605,0.82769282,0.82769282
13.75256634,0.82765018,0.82765018
13.76260567,0.82760456,0.82760456
13.77264595,0.82755595,0.82755595
13.78268433,0.82750577,0.82750577
13.79313087,0.83122307,0.83122307
13.81597900,0.85247045,0.85247045
13.82603645,0.85241120,0.85241120
13.83609486,0.85234840,0.85234840
13.84615231,0.85228382,0.85228382
13.85620880,0.85221524,0.85221524
13.86626530,0.85214600,0.85214600
13.87632084,0.85207373,0.85207373
13.88637638,0.85199812,0.85199812
13.89643002,0.85192012,0.85192012
13.90648270,0.85184091,0.85184091
13.91653442,0.85175917,0.85175917
13.92658424,0.85167500,0.85167500
13.93663311,0.85158914,0.85158914
13.94667912,0.85150367,0.85150367
13.95672321,0.85141451,0.85141451
13.96676636,0.85132534,0.85132534
13.97680569,0.85123543,0.85123543
13.98684216,0.85114608,0.85114608
13.99687576,0.85105575,0.85105575
14.00690746,0.85096434,0.85096434
14.01693439,0.85087563,0.85087563
14.02695751,0.85078857,0.85078857
14.03697681,0.85070179,0.85070179
14.04699326,0.85061766,0.85061766
14.05700397,0.85053579,0.85053579
14.06700897,0.85045775,0.85045775
14.07701015,0.85038319,0.85038319
14.08700657,0.85031372,0.85031372
14.09699631,0.85024902,0.85024902
14.10698032,0.85019210,0.85019210
14.11695862,0.85013881,0.85013881
14.12693024,0.85009502,0.85009502
14.13689613,0.85005850,0.85005850
14.14685345,0.85002891,0.85002891
14.15680599,0.85000975,0.85000975
14.16674995,0.85000018,0.85000018
14.17668724,0.85000035,0.85000035
14.18661690,0.85001136,0.85001136
14.19653797,0.85003286,0.85003286
14.20645142,0.85006834,0.85006834
14.21635723,0.85011459,0.85011459
14.22625446,0.85017605,0.85017605
14.23614311,0.85024904,0.85024904
14.24602318,0.85033801,0.85033801
14.25589466,0.85044406,0.85044406
14.26575756,0.85056257,0.85056257
14.27561092,0.85069945,0.85069945
14.28545570,0.85085292,0.85085292
14.29529095,0.85102416,0.85102416
14.30511665,0.85121475,0.85121475
14.31493187,0.85142198,0.85142198
14.32473850,0.85165144,0.85165144
14.33453560,0.85190080,0.85190080
14.36208534,0.87723387,0.87723387
14.37197781,0.87753532,0.87753532
14.38186264,0.87785764,0.87785764
14.39173794,0.87820551,0.87820551
14.40160561,0.87857908,0.87857908
14.41146278,0.87897683,0.87897683
14.42131233,0.87940200,0.87940200
14.43115139,0.87985354,0.87985354
14.44098282,0.88033321,0.88033321
14.45080376,0.88084199,0.88084199
14.46061516,0.88138166,0.88138166
14.47041798,0.88195221,0.88195221
14.48021317,0.88255505,0.88255505
14.48999977,0.88318870,0.88318870
14.49977875,0.88385744,0.88385744
14.50955200,0.88455978,0.88455978
14.51931858,0.88529934,0.88529934
14.52907944,0.88607405,0.88607405
14.53883553,0.88688591,0.88688591
14.54858780,0.88773791,0.88773791
14.55833721,0.88862921,0.88862921
14.56808472,0.88956175,0.88956175
14.57903290,0.89765753,0.89765753
14.59233093,0.90982544,0.90982544
14.60316181,0.91811736,0.91811736
14.61275291,0.91925512,0.91925512
14.62234306,0.92044060,0.92044060
14.65155602,0.94727930,0.94727930
14.66131592,0.94859958,0.94859958
14.67108250,0.94997426,0.94997426
14.68085670,0.95140240,0.95140240
14.69064045,0.95288716,0.95288716
14.70043564,0.95442875,0.95442875
14.71024323,0.95602885,0.95602885
14.72006512,0.95768918,0.95768918
14.72990131,0.95941035,0.95941035
14.73975563,0.96119631,0.96119631
14.74962997,0.96304435,0.96304435
14.75952435,0.96496086,0.96496086
14.76944256,0.96694469,0.96694469
14.77938652,0.96899657,0.96899657
14.78935719,0.97112090,0.97112090
14.79935837,0.97331780,0.97331780
14.80939007,0.97558831,0.97558831
14.81945610,0.97793591,0.97793591
14.82956028,0.98036256,0.98036256
14.83970261,0.98286597,0.98286597
14.87132740,1.01208737,1.01208737
14.88176346,1.01483158,1.01483158
14.89224911,1.01766120,1.01766120
14.90278721,1.02058245,1.02058245
14.91337967,1.02359251,1.02359251
14.92403126,1.02669943,1.02669943
14.93474483,1.02990028,1.02990028
14.94552231,1.03319944,1.03319944
14.95636559,1.03659648,1.03659648
14.96728134,1.04009613,1.04009613
14.97827053,1.04370216,1.04370216
14.98873520,1.04911470,1.04911470
14.99905205,1.05542086,1.05542086
15.00943756,1.06172621,1.06172621
15.01990032,1.06804298,1.06804298
15.03044319,1.07437871,1.07437871
15.04107189,1.08074252,1.08074252
15.05179024,1.08714114,1.08714114
15.06260300,1.09358632,1.09358632
15.07351398,1.10008440,1.10008440
15.08452892,1.10664191,1.10664191
15.09564781,1.11326667,1.11326667
15.10687828,1.11996577,1.11996577
15.11822128,1.12674702,1.12674702
15.15367603,1.16272936,1.16272936
15.16553020,1.16983518,1.16983518
15.17792988,1.17615816,1.17615816
15.21585941,1.21173431,1.21173431
15.22904301,1.21806398,1.21806398
15.26477528,1.18331552,1.18331552
15.28050137,1.17114493,1.17114493
15.29352665,1.17762918,1.17762918
15.33289146,1.21463746,1.21463746
15.34651947,1.22161738,1.22161738
15.36030865,1.22876807,1.22876807
15.37426186,1.23609011,1.23609011
15.38838482,1.24358865,1.24358865
15.42331028,1.27567739,1.27567739
15.44161606,1.26066049,1.26066049
15.45540142,1.26717561,1.26717561
15.47025490,1.27541382,1.27541382
15.48530674,1.28384515,1.28384515
15.49711514,1.28326051,1.28326051
15.51462650,1.26926401,1.26926401
15.52963924,1.27757675,1.27757675
15.54213047,1.28060303,1.28060303
15.55911350,1.26723741,1.26723741
15.57577419,1.25418441,1.25418441
15.59212494,1.24143556,1.24143556
15.60817528,1.22897830,1.22897830
15.62393284,1.21680194,1.21680194
15.63941097,1.20489275,1.20489275
15.65461826,1.19324371,1.19324371
15.66956329,1.18184189,1.18184189
15.68425274,1.17068104,1.17068104
15.69869900,1.15974738,1.15974738
15.71290588,1.14903166,1.14903166
15.72688389,1.13852808,1.13852808
15.74063969,1.12822504,1.12822504
15.75418091,1.11811398,1.11811398
15.76751518,1.10818733,1.10818733
15.78065014,1.09843620,1.09843620
15.79359055,1.08885132,1.08885132
15.80634212,1.07942616,1.07942616
15.81891441,1.07015262,1.07015262
15.83131123,1.06102171,1.06102171
15.84174156,1.05963492,1.05963492
15.85819721,1.06977179,1.06977179
15.86870193,1.06643309,1.06643309
15.88076878,1.05759892,1.05759892
15.89268303,1.04887434,1.04887434
15.90445042,1.04025135,1.04025135
15.91614532,1.03186391,1.03186391
15.92900276,1.02604235,1.02604235
15.94172668,1.02037577,1.02037577
15.95431995,1.01485839,1.01485839
15.96679020,1.00948475,1.00948475
15.97913933,1.00425647,1.00425647
15.99137497,0.99916481,0.99916481
16.00349808,0.99420906,0.99420906
16.01551247,0.98938461,0.98938461
16.02742767,0.98468854,0.98468854
16.03924179,0.98011836,0.98011836
16.05096245,0.97567015,0.97567015
16.06259155,0.97133907,0.97133907
16.07413292,0.96712525,0.96712525
16.08438110,0.96599026,0.96599026
16.10085678,0.98060292,0.98060292
16.11199188,0.98026368,0.98026368
16.12214279,0.97262923,0.97262923
16.13224792,0.96496231,0.96496231
16.14231491,0.95725838,0.95725838
16.15235138,0.94950819,0.94950819
16.16236305,0.94170415,0.94170415
16.17237091,0.93396001,0.93396001
16.18362808,0.93075686,0.93075686
16.19482422,0.92764278,0.92764278
16.20596123,0.92461426,0.92461426
16.21704292,0.92166878,0.92166878
16.22806931,0.91880484,0.91880484
16.23904228,0.91602181,0.91602181
16.24996948,0.91331667,0.91331667
16.26084709,0.91068734,0.91068734
16.27168083,0.90813096,0.90813096
16.28246880,0.90564945,0.90564945
16.29321671,0.90323846,0.90323846
16.30392456,0.90089607,0.90089607
16.31459618,0.89862189,0.89862189
16.32522774,0.89641479,0.89641479
16.33582878,0.89427123,0.89427123
16.34639549,0.89219113,0.89219113
16.35693169,0.89017324,0.89017324
16.36743736,0.88821648,0.88821648
16.37791252,0.88631830,0.88631830
16.38836288,0.88447870,0.88447870
16.39810562,0.87899043,0.87899043
16.40875244,0.86935800,0.86935800
16.42448425,0.86715459,0.86715459
16.44873238,0.87767465,0.87767465
16.45934868,0.87610719,0.87610719
16.46993828,0.87458995,0.87458995
16.48050308,0.87312254,0.87312254
16.49104691,0.87170532,0.87170532
16.50156784,0.87033321,0.87033321
16.51206970,0.86900871,0.86900871
16.52254868,0.86772947,0.86772947
16.53301048,0.86649300,0.86649300
16.54345512,0.86529789,0.86529789
16.55388260,0.86414428,0.86414428
16.56429291,0.86302859,0.86302859
16.57468796,0.86194948,0.86194948
16.58506966,0.86090813,0.86090813
16.59543610,0.85990109,0.85990109
16.60578918,0.85892826,0.85892826
16.61729431,0.84935803,0.84935803
16.63156891,0.83543447,0.83543447
16.65539360,0.85032225,0.85032225
16.66596222,0.85534670,0.85534670
16.67644119,0.85452517,0.85452517
16.68690491,0.85372930,0.85372930
16.69735527,0.85296020,0.85296020
16.70779228,0.85221690,0.85221690
16.71821213,0.85149665,0.85149665
16.72861862,0.85080194,0.85080194
16.73901367,0.85012944,0.85012944
16.74939537,0.84947999,0.84947999
16.75976372,0.84885140,0.84885140
16.77012062,0.84824092,0.84824092
16.78046608,0.84765377,0.84765377
16.79080009,0.84708617,0.84708617
16.80112076,0.84653572,0.84653572
16.81143188,0.84600465,0.84600465
16.82173347,0.84549068,0.84549068
16.83202362,0.84499517,0.84499517
16.84230232,0.84451543,0.84451543
16.85257339,0.84405154,0.84405154
16.87040329,0.86048341,0.86048341
16.88241959,0.86872316,0.86872316
16.89272499,0.86829226,0.86829226
16.90302086,0.86787840,0.86787840
16.91330719,0.86747803,0.86747803
16.92358398,0.86709231,0.86709231
16.93385124,0.86672000,0.86672000
16.94410896,0.86636103,0.86636103
16.95435905,0.86601561,0.86601561
16.96460152,0.86568360,0.86568360
16.97483635,0.86536378,0.86536378
16.98514557,0.86085450,0.86085450
17.00695229,0.83932493,0.83932493
17.01721191,0.83904787,0.83904787
17.02746201,0.83878169,0.83878169
17.03770256,0.83852542,0.83852542
17.04793739,0.83827879,0.83827879
17.05816460,0.83804198,0.83804198
17.06838417,0.83781497,0.83781497
17.07859612,0.83759645,0.83759645
17.08880424,0.83738653,0.83738653
17.09900475,0.83718509,0.83718509
17.10919952,0.83699218,0.83699218
17.11938667,0.83680658,0.83680658
17.12957001,0.83662838,0.83662838
17.13974762,0.83645626,0.83645626
17.14992142,0.83629394,0.83629394
17.16008949,0.83613650,0.83613650
17.17025375,0.83598638,0.83598638
17.18041229,0.83584228,0.83584228
17.19056702,0.83570308,0.83570308
17.20071793,0.83557128,0.83557128
17.21086502,0.83544315,0.83544315
17.22100830,0.83532222,0.83532222
17.23114967,0.83520508,0.83520508
17.24128532,0.83509517,0.83509517
17.25141907,0.83498774,0.83498774
17.26155090,0.83488524,0.83488524
17.27167892,0.83478757,0.83478757
17.28180504,0.83469358,0.83469358
17.29192734,0.83460566,0.83460566
17.30204773,0.83452029,0.83452029
17.31216621,0.83443725,0.83443725
17.32228470,0.83435914,0.83435914
17.33239746,0.83428470,0.83428470
17.34251022,0.83421263,0.83421263
17.35262299,0.83414435,0.83414435
17.36273193,0.83407839,0.83407839
17.37283897,0.83401487,0.83401487
17.38284111,0.83568726,0.83568726
17.40706635,0.85916632,0.85916632
17.41718102,0.85911012,0.85911012
17.42729568,0.85905398,0.85905398
17.43740654,0.85900270,0.85900270
17.44751930,0.85895272,0.85895272
17.45762825,0.85890255,0.85890255
17.46773720,0.85885622,0.85885622
17.47784424,0.85881102,0.85881102
17.48794937,0.85876835,0.85876835
17.49805450,0.85872558,0.85872558
17.50815773,0.85868535,0.85868535
17.51826096,0.85864500,0.85864500
17.52836227,0.85860720,0.85860720
17.53846359,0.85857058,0.85857058
17.54856491,0.85853269,0.85853269
17.55873299,0.85522341,0.85522341
17.58159637,0.83321287,0.83321287
17.59170151,0.83317998,0.83317998
17.60180473,0.83314696,0.83314696
17.61190796,0.83311526,0.83311526
17.62200928,0.83308232,0.83308232
17.63211250,0.83304936,0.83304936
17.64221191,0.83301637,0.83301637
17.65231133,0.83298464,0.83298464
17.66600800,0.84370125,0.84370125
17.68249321,0.85815912,0.85815912
17.69259834,0.85812503,0.85812503
17.70270157,0.85809076,0.85809076
17.71280670,0.85805661,0.85805661
17.72290802,0.85802124,0.85802124
17.73301125,0.85798584,0.85798584
17.74311256,0.85794929,0.85794929
17.75321198,0.85791381,0.85791381
17.76331139,0.85787847,0.85787847
17.77341080,0.85784066,0.85784066
17.78350830,0.85780519,0.85780519
17.79360390,0.85776738,0.85776738
17.80369949,0.85772953,0.85772953
17.81379700,0.85769168,0.85769168
17.82389069,0.85765379,0.85765379
17.83398247,0.85761598,0.85761598
17.84407616,0.85757692,0.85757692
17.85416794,0.85753659,0.85753659
17.86425972,0.85749884,0.85749884
17.87434769,0.85745843,0.85745843
17.88443756,0.85741828,0.85741828
17.89452553,0.85737911,0.85737911
17.90461349,0.85733773,0.85733773
17.91469765,0.85729734,0.85729734
17.92478371,0.85725586,0.85725586
17.93486786,0.85721432,0.85721432
17.94495201,0.85717283,0.85717283
17.95503235,0.85713135,0.85713135
17.96511269,0.85708985,0.85708985
17.97519302,0.85704585,0.85704585
17.98527145,0.85700310,0.85700310
17.99534988,0.85696042,0.85696042
18.00542641,0.85691784,0.85691784
18.01550293,0.85687378,0.85687378
18.04143715,0.88203129,0.88203129
18.05151939,0.88198485,0.88198485
18.06160164,0.88193968,0.88193968
18.07168388,0.88189336,0.88189336
18.08176422,0.88184698,0.88184698
18.09184265,0.88180050,0.88180050
18.10192108,0.88175418,0.88175418
18.11199951,0.88170655,0.88170655
18.12207603,0.88166014,0.88166014
18.13215065,0.88161255,0.88161255
18.14222336,0.88156493,0.88156493
18.15229607,0.88151606,0.88151606
18.16236877,0.88146845,0.88146845
18.17361259,0.87506226,0.87506226
18.19386864,0.85619013,0.85619013
18.20394707,0.85614255,0.85614255
18.21402740,0.85609499,0.85609499
18.22410393,0.85604738,0.85604738
18.23418045,0.85599968,0.85599968
18.24425507,0.85595213,0.85595213
18.25432968,0.85590448,0.85590448
18.26440239,0.85585697,0.85585697
18.27447510,0.85580923,0.85580923
18.28454399,0.85576049,0.85576049
18.29461479,0.85571411,0.85571411
18.30468369,0.85566640,0.85566640
18.31475067,0.85561772,0.85561772
18.32481575,0.85557014,0.85557014
18.33488083,0.85552244,0.85552244
18.34494400,0.85547483,0.85547483
18.35500717,0.85542849,0.85542849
18.36506844,0.85538095,0.85538095
18.37512970,0.85533318,0.85533318
18.38518715,0.85528684,0.85528684
18.39524651,0.85523935,0.85523935
18.40530205,0.85519279,0.85519279
18.41535759,0.85514654,0.85514654
18.42541313,0.85510130,0.85510130
18.43546677,0.85505379,0.85505379
18.44551849,0.85500851,0.85500851
18.45557022,0.85496213,0.85496213
18.46562004,0.85491698,0.85491698
18.47566986,0.85487305,0.85487305
18.49402428,0.87129152,0.87129152
18.50659370,0.87992426,0.87992426
18.51665115,0.87987798,0.87987798
18.52670860,0.87983276,0.87983276
18.53676414,0.87978765,0.87978765
18.54681969,0.87974368,0.87974368
18.55687332,0.87969968,0.87969968
18.56692696,0.87965579,0.87965579
18.57697868,0.87961057,0.87961057
18.58702850,0.87956913,0.87956913
18.59708023,0.87952629,0.87952629
18.60712814,0.87948244,0.87948244
18.61717606,0.87944080,0.87944080
18.62722206,0.87939943,0.87939943
18.63726997,0.87935795,0.87935795
18.64731407,0.87931764,0.87931764
18.65736008,0.87927617,0.87927617
18.66740227,0.87923711,0.87923711
18.67744446,0.87919800,0.87919800
18.68748665,0.87915893,0.87915893
18.69752693,0.87911979,0.87911979
18.70756531,0.87908203,0.87908203
18.71760559,0.87904415,0.87904415
18.72764397,0.87900638,0.87900638
18.73768234,0.87897088,0.87897088
18.74771690,0.87893429,0.87893429
18.75775337,0.87889773,0.87889773
18.76778984,0.87886352,0.87886352
18.77782440,0.87882929,0.87882929
18.78785896,0.87879392,0.87879392
18.79789162,0.87876101,0.87876101
18.80792427,0.87872806,0.87872806
18.81795502,0.87869639,0.87869639
18.83725929,0.86122925,0.86122925
18.86367416,0.87122193,0.87122193
18.87560844,0.87860225,0.87860225
18.88565636,0.87857181,0.87857181
18.89570427,0.87854137,0.87854137
18.90575218,0.87851194,0.87851194
18.91580009,0.87848389,0.87848389
18.92584229,0.87845573,0.87845573
18.93588829,0.87842899,0.87842899
18.94593239,0.87840218,0.87840218
18.95597649,0.87837651,0.87837651
18.96602058,0.87835083,0.87835083
18.97606277,0.87832511,0.87832511
18.98610497,0.87830076,0.87830076
18.99614525,0.87827880,0.87827880
19.00618362,0.87825566,0.87825566
19.01622391,0.87823247,0.87823247
19.02626228,0.87821034,0.87821034
19.03630257,0.87818968,0.87818968
19.04633904,0.87817008,0.87817008
19.05637741,0.87814940,0.87814940
19.06641579,0.87813110,0.87813110
19.07645226,0.87811155,0.87811155
19.08648682,0.87809447,0.87809447
19.09652138,0.87807745,0.87807745
19.10655594,0.87805912,0.87805912
19.11659050,0.87804447,0.87804447
19.12662506,0.87802861,0.87802861
19.13665962,0.87801394,0.87801394
19.14669418,0.87799925,0.87799925
19.15672684,0.87798592,0.87798592
19.16675949,0.87797365,0.87797365
19.17679024,0.87796016,0.87796016
19.18682098,0.87794799,0.87794799
19.19685364,0.87793703,0.87793703
19.20688438,0.87792597,0.87792597
19.21691704,0.87791512,0.87791512
19.22694778,0.87790534,0.87790534
19.23697662,0.87789671,0.87789671
19.24700928,0.87788815,0.87788815
19.25703621,0.87787965,0.87787965
19.26706696,0.87787230,0.87787230
19.27709579,0.87786502,0.87786502
19.28712463,0.87785893,0.87785893
19.29715538,0.87785283,0.87785283
19.30718422,0.87784664,0.87784664
19.33343697,0.90292477,0.90292477
19.34346581,0.90291994,0.90291994
19.35349655,0.90291507,0.90291507
19.36352539,0.90291136,0.90291136
19.37355423,0.90290901,0.90290901
19.38358307,0.90290651,0.90290651
19.39361191,0.90290537,0.90290537
19.40364075,0.90290402,0.90290402
19.41366959,0.90290292,0.90290292
19.42369843,0.90290292,0.90290292
19.43372726,0.90290291,0.90290291
19.44375420,0.90290409,0.90290409
19.45378113,0.90290526,0.90290526
19.46380997,0.90290771,0.90290771
19.47383690,0.90291023,0.90291023
19.48386574,0.90291261,0.90291261
19.49389267,0.90291626,0.90291626
19.50392151,0.90291989,0.90291989
19.51394844,0.90292485,0.90292485
19.52397346,0.90292971,0.90292971
19.53688812,0.89395142,0.89395142
19.55515289,0.87785885,0.87785885
19.56517982,0.87786626,0.87786626
19.57520485,0.87787353,0.87787353
19.58522987,0.87788089,0.87788089
19.59525490,0.87788823,0.87788823
19.60527992,0.87789676,0.87789676
19.61530495,0.87790650,0.87790650
19.62532806,0.87791631,0.87791631
19.63535309,0.87792608,0.87792608
19.64537811,0.87793703,0.87793703
19.65540504,0.87794802,0.87794802
19.66543007,0.87795908,0.87795908
19.67545509,0.87797123,0.87797123
19.68548012,0.87798464,0.87798464
19.69550705,0.87799799,0.87799799
19.70553017,0.87801147,0.87801147
19.71555710,0.87802727,0.87802727
19.72558212,0.87804075,0.87804075
19.73560905,0.87805667,0.87805667
19.74563599,0.87807374,0.87807374
19.75566292,0.87808955,0.87808955
19.76568985,0.87810667,0.87810667
19.77571678,0.87812384,0.87812384
19.78574181,0.87814206,0.87814206
19.79577065,0.87816167,0.87816167
19.80579948,0.87817994,0.87817994
19.81582832,0.87820066,0.87820066
19.82585716,0.87822139,0.87822139
19.83588600,0.87824219,0.87824219
19.84591675,0.87826411,0.87826411
19.85594749,0.87828625,0.87828625
19.86597824,0.87830930,0.87830930
19.87600708,0.87833252,0.87833252
19.88603973,0.87835817,0.87835817
19.89632988,0.88171876,0.88171876
19.91947556,0.90350468,0.90350468
19.92950058,0.90353156,0.90353156
19.93952560,0.90355842,0.90355842
19.94955254,0.90358756,0.90358756
19.95957756,0.90361570,0.90361570
19.96960258,0.90364504,0.90364504
19.97963142,0.90367562,0.90367562
19.98965836,0.90370610,0.90370610
19.99968719,0.90373658,0.90373658
20.00971603,0.90376945,0.90376945
20.01974487,0.90380248,0.90380248
20.02977562,0.90383670,0.90383670
20.03980637,0.90387085,0.90387085
20.04983521,0.90390497,0.90390497
20.07599258,0.87883176,0.87883176
20.08601379,0.87886716,0.87886716
20.09603691,0.87890263,0.87890263
20.10605812,0.87894034,0.87894034
20.11608315,0.87897821,0.87897821
20.12610626,0.87901608,0.87901608
20.13613129,0.87905520,0.87905520
20.14615822,0.87909421,0.87909421
20.15618134,0.87913459,0.87913459
20.16620827,0.87917728,0.87917728
20.17623520,0.87921877,0.87921877
20.18626404,0.87926140,0.87926140
20.19629288,0.87930661,0.87930661
20.20632172,0.87934929,0.87934929
20.21635246,0.87939570,0.87939570
20.22638321,0.87944093,0.87944093
20.23641396,0.87948848,0.87948848
20.24644661,0.87953606,0.87953606
20.25648117,0.87958494,0.87958494
20.26651573,0.87963498,0.87963498
20.27655220,0.87968509,0.87968509
20.28658867,0.87973520,0.87973520
20.29662514,0.87978758,0.87978758
20.30666542,0.87984011,0.87984011
20.31670189,0.87989384,0.87989384
20.32674408,0.87994748,0.87994748
20.33678627,0.88000360,0.88000360
20.34682846,0.88005860,0.88005860
20.35687256,0.88011591,0.88011591
20.38292313,0.85502572,0.85502572
20.39295387,0.85508179,0.85508179
20.40298653,0.85513800,0.85513800
20.41302109,0.85519770,0.85519770
20.43905067,0.88041013,0.88041013
20.44906998,0.88047119,0.88047119
20.45909119,0.88053346,0.88053346
20.46911430,0.88059578,0.88059578
20.47913742,0.88065912,0.88065912
20.48916435,0.88072266,0.88072266
20.49919128,0.88078618,0.88078618
20.50921822,0.88085207,0.88085207
20.51924515,0.88091804,0.88091804
20.52927589,0.88098388,0.88098388
20.53930855,0.88105224,0.88105224
20.54934120,0.88111938,0.88111938
20.55937576,0.88118774,0.88118774
20.56941223,0.88125736,0.88125736
20.57945061,0.88132565,0.88132565
20.58949089,0.88139531,0.88139531
20.59952927,0.88146610,0.88146610
20.60957146,0.88153677,0.88153677
20.61961555,0.88160882,0.88160882
20.62966156,0.88167966,0.88167966
20.63970947,0.88175293,0.88175293
20.64975929,0.88182498,0.88182498
20.65980911,0.88189813,0.88189813
20.66986275,0.88197141,0.88197141
20.67991638,0.88204474,0.88204474
20.68997192,0.88211913,0.88211913
20.70002937,0.88219476,0.88219476
20.71008873,0.88226929,0.88226929
20.72014999,0.88234500,0.88234500
20.73021317,0.88241940,0.88241940
20.74027824,0.88249512,0.88249512
20.75034523,0.88257077,0.88257077
20.76041412,0.88264646,0.88264646
20.77048302,0.88272334,0.88272334
20.79637337,0.85757698,0.85757698
20.80643082,0.85765130,0.85765130
20.81649017,0.85772704,0.85772704
20.82655144,0.85780037,0.85780037
20.83661652,0.85787602,0.85787602
20.84668159,0.85794923,0.85794923
20.85674858,0.85802490,0.85802490
20.86681557,0.85809942,0.85809942
20.87688828,0.85817257,0.85817257
20.88696098,0.85824828,0.85824828
20.89703751,0.85832148,0.85832148
20.90711403,0.85839594,0.85839594
20.91719246,0.85847172,0.85847172
20.92727470,0.85854360,0.85854360
20.95206261,0.88273323,0.88273323
20.96203613,0.88394774,0.88394774
20.97210503,0.88402341,0.88402341
20.98217964,0.88409787,0.88409787
20.99225426,0.88417241,0.88417241
21.00233269,0.88424678,0.88424678
21.01241302,0.88432133,0.88432133
21.02249336,0.88439450,0.88439450
21.03257751,0.88446786,0.88446786
21.04266357,0.88453971,0.88453971
21.05274963,0.88461179,0.88461179
21.06283951,0.88468269,0.88468269
21.07293129,0.88475346,0.88475346
21.08302498,0.88482428,0.88482428
21.09312057,0.88489261,0.88489261
21.10321808,0.88496340,0.88496340
21.11331558,0.88503048,0.88503048
21.12341690,0.88509768,0.88509768
21.13351822,0.88516478,0.88516478
21.14362144,0.88522946,0.88522946
21.15372849,0.88529424,0.88529424
21.16383553,0.88535892,0.88535892
21.17394638,0.88542110,0.88542110
21.18405724,0.88548469,0.88548469
21.19712067,0.87557485,0.87557485
21.21413231,0.86030265,0.86030265
21.22423744,0.86036009,0.86036009
21.23434258,0.86041622,0.86041622
21.24445152,0.86047124,0.86047124
21.25456047,0.86052610,0.86052610
21.26467133,0.86057982,0.86057982
21.27478409,0.86063229,0.86063229
21.28489876,0.86068477,0.86068477
21.29501534,0.86073481,0.86073481
21.30513191,0.86078371,0.86078371
21.31525040,0.86083251,0.86083251
21.32536888,0.86088012,0.86088012
21.33549118,0.86092773,0.86092773
21.34561348,0.86097174,0.86097174
21.35573769,0.86101693,0.86101693
21.36586189,0.86106075,0.86106075
21.37598801,0.86110234,0.86110234
21.38611603,0.86114254,0.86114254
21.39624214,0.86118279,0.86118279
21.40637207,0.86122067,0.86122067
21.41650200,0.86125985,0.86125985
21.42663383,0.86129638,0.86129638
21.44733620,0.88109618,0.88109618
21.45807457,0.88670040,0.88670040
21.46820259,0.88673343,0.88673343
21.47833061,0.88676645,0.88676645
21.48846054,0.88679690,0.88679690
21.49859047,0.88682856,0.88682856
21.50872040,0.88685790,0.88685790
21.51885414,0.88688475,0.88688475
21.52898598,0.88691159,0.88691159
21.53911972,0.88693612,0.88693612
21.54925537,0.88696043,0.88696043
21.55938911,0.88698361,0.88698361
21.56952477,0.88700444,0.88700444
21.57965851,0.88702519,0.88702519
21.58979607,0.88704347,0.88704347
21.59993172,0.88706175,0.88706175
21.61006927,0.88707758,0.88707758
21.62020683,0.88709351,0.88709351
21.63034439,0.88710690,0.88710690
21.64048386,0.88711921,0.88711921
21.65062141,0.88713014,0.88713014
21.66075897,0.88713996,0.88713996
21.67089653,0.88714848,0.88714848
21.68103600,0.88715577,0.88715577
21.69117355,0.88716188,0.88716188
21.70131302,0.88716674,0.88716674
21.71145058,0.88717042,0.88717042
21.72159004,0.88717282,0.88717282
21.73172760,0.88717404,0.88717404
21.74186516,0.88717285,0.88717285
21.75200081,0.88717168,0.88717168
21.76214027,0.88716913,0.88716913
21.77227592,0.88716554,0.88716554
21.78241348,0.88716070,0.88716070
21.79254913,0.88715449,0.88715449
21.80268478,0.88714715,0.88714715
21.81460571,0.87897465,0.87897465
21.83306122,0.86178353,0.86178353
21.84319496,0.86177253,0.86177253
21.85333061,0.86176150,0.86176150
21.86340714,0.86468755,0.86468755
21.88643074,0.88708132,0.88708132
21.89656830,0.88706665,0.88706665
21.90670395,0.88705076,0.88705076
21.91684151,0.88703372,0.88703372
21.92697716,0.88701665,0.88701665
21.93710899,0.88699710,0.88699710
21.94724464,0.88697757,0.88697757
21.95737839,0.88695674,0.88695674
21.96751213,0.88693482,0.88693482
21.97764397,0.88691287,0.88691287
21.98777771,0.88688967,0.88688967
21.99790764,0.88686522,0.88686522
22.00803947,0.88683837,0.88683837
22.01816940,0.88681274,0.88681274
22.02829742,0.88678587,0.88678587
22.03842545,0.88675898,0.88675898
22.04855347,0.88672972,0.88672972
22.05867958,0.88670042,0.88670042
22.06880569,0.88666871,0.88666871
22.07893181,0.88663821,0.88663821
22.08905602,0.88660634,0.88660634
22.09917831,0.88657466,0.88657466
22.10929871,0.88654047,0.88654047
22.11942101,0.88650633,0.88650633
22.12954140,0.88647101,0.88647101
22.13965988,0.88643678,0.88643678
22.14977837,0.88640014,0.88640014
22.15989494,0.88636356,0.88636356
22.17001152,0.88632574,0.88632574
22.18012619,0.88628791,0.88628791
22.19023705,0.88624875,0.88624875
22.20034981,0.88620970,0.88620970
22.21046066,0.88616944,0.88616944
22.22057152,0.88612911,0.88612911
22.23383141,0.89641108,0.89641108
22.25054359,0.91136344,0.91136344
22.26065826,0.91131842,0.91131842
22.27077103,0.91127555,0.91127555
22.28088379,0.91123039,0.91123039
22.29099083,0.91118651,0.91118651
22.30110168,0.91114129,0.91114129
22.31120872,0.91109497,0.91109497
22.32131577,0.91104860,0.91104860
22.33142090,0.91100215,0.91100215
22.34152603,0.91095583,0.91095583
22.35162926,0.91090699,0.91090699
22.36161423,0.90905390,0.90905390
22.38572121,0.88551030,0.88551030
22.39582825,0.88546387,0.88546387
22.40593529,0.88541624,0.88541624
22.41604233,0.88536867,0.88536867
22.42614555,0.88531985,0.88531985
22.43624878,0.88527099,0.88527099
22.44635201,0.88522214,0.88522214
22.45645332,0.88517329,0.88517329
22.46654892,0.88512330,0.88512330
22.47664833,0.88507447,0.88507447
22.48674583,0.88502445,0.88502445
22.49684143,0.88497432,0.88497432
22.50693512,0.88492306,0.88492306
22.51702881,0.88487182,0.88487182
22.52712059,0.88482296,0.88482296
22.53721046,0.88477173,0.88477173
22.54730034,0.88471921,0.88471921
22.55738640,0.88466919,0.88466919
22.56747437,0.88461787,0.88461787
22.57755852,0.88456665,0.88456665
22.58764267,0.88451535,0.88451535
22.59772491,0.88446284,0.88446284
22.60780716,0.88441167,0.88441167
22.61788750,0.88436036,0.88436036
22.62796783,0.88430787,0.88430787
22.63804245,0.88425658,0.88425658
22.64811897,0.88420405,0.88420405
22.65819550,0.88415279,0.88415279
22.66826820,0.88410155,0.88410155
22.67834091,0.88404907,0.88404907
22.68841362,0.88399782,0.88399782
22.69848251,0.88394654,0.88394654
22.70855331,0.88389412,0.88389412
22.71861839,0.88384273,0.88384273
22.72868538,0.88379146,0.88379146
22.73874855,0.88373897,0.88373897
22.76115990,0.90516841,0.90516841
22.77140808,0.90887942,0.90887942
22.78147888,0.90882569,0.90882569
22.79154778,0.90877066,0.90877066
22.80161667,0.90871344,0.90871344
22.81168175,0.90865591,0.90865591
22.82174301,0.90859861,0.90859861
22.83180618,0.90854007,0.90854007
22.84186554,0.90847898,0.90847898
22.85192299,0.90841802,0.90841802
22.86197853,0.90835574,0.90835574
22.88784981,0.88306151,0.88306151
22.89791298,0.88299796,0.88299796
22.90797615,0.88293337,0.88293337
22.91803360,0.88286617,0.88286617
22.92809105,0.88279905,0.88279905
22.93814468,0.88272949,0.88272949
22.94819832,0.88265747,0.88265747
22.95824623,0.88258416,0.88258416
22.96829414,0.88250854,0.88250854
22.97833824,0.88243158,0.88243158
22.98837852,0.88235350,0.88235350
22.99841309,0.88227296,0.88227296
23.00844765,0.88218988,0.88218988
23.01847839,0.88210449,0.88210449
23.02850723,0.88201782,0.88201782
23.03853035,0.88192874,0.88192874
23.04855156,0.88183716,0.88183716
23.05856705,0.88174315,0.88174315
23.06857872,0.88164682,0.88164682
23.07858658,0.88154909,0.88154909
23.08858871,0.88144893,0.88144893
23.09858704,0.88134646,0.88134646
23.12454987,0.85606196,0.85606196
23.13456535,0.85595953,0.85595953
23.14457703,0.85585197,0.85585197
23.15458298,0.85574338,0.85574338
23.16458702,0.85563356,0.85563356
23.18429756,0.87367789,0.87367789
23.19585419,0.88056516,0.88056516
23.20587540,0.88044308,0.88044308
23.21589088,0.88032109,0.88032109
23.22590256,0.88019647,0.88019647
23.23591042,0.88006959,0.88006959
23.24591255,0.87994137,0.87994137
23.25591087,0.87981082,0.87981082
23.26590347,0.87968020,0.87968020
23.27589035,0.87954713,0.87954713
23.28587532,0.87941281,0.87941281
23.29585266,0.87927622,0.87927622
23.30582809,0.87913824,0.87913824
23.31579590,0.87899896,0.87899896
23.32575798,0.87885984,0.87885984
23.33571434,0.87871830,0.87871830
23.34566689,0.87857787,0.87857787
23.35561180,0.87843510,0.87843510
23.36554909,0.87829344,0.87829344
23.37548256,0.87815183,0.87815183
23.38540840,0.87801026,0.87801026
23.39533043,0.87786869,0.87786869
23.40524292,0.87772700,0.87772700
23.41515160,0.87758545,0.87758545
23.43692780,0.85729742,0.85729742
23.44769096,0.85224115,0.85224115
23.45763206,0.85210818,0.85210818
23.46756744,0.85197514,0.85197514
23.47749519,0.85184683,0.85184683
23.48741913,0.85171878,0.85171878
23.49733543,0.85159293,0.85159293
23.52372169,0.87651368,0.87651368
23.53368759,0.87638921,0.87638921
23.54364586,0.87626954,0.87626954
23.55359650,0.87615367,0.87615367
23.56354523,0.87603999,0.87603999
23.57348633,0.87593272,0.87593272
23.58342171,0.87582769,0.87582769
23.59335136,0.87572866,0.87572866
23.60327339,0.87563474,0.87563474
23.61319160,0.87554565,0.87554565
23.62310028,0.87546263,0.87546263
23.63300323,0.87538456,0.87538456
23.64289856,0.87531375,0.87531375
23.65278816,0.87524898,0.87524898
23.66267014,0.87519046,0.87519046
23.67254639,0.87513920,0.87513920
23.68241501,0.87509519,0.87509519
23.69227409,0.87505979,0.87505979
23.70212746,0.87503054,0.87503054
23.71197319,0.87501095,0.87501095
23.72180939,0.87500119,0.87500119
23.73163795,0.87499997,0.87499997
23.74146080,0.87500726,0.87500726
23.75127411,0.87502439,0.87502439
23.76107788,0.87505248,0.87505248
23.77087402,0.87509147,0.87509147
23.78066254,0.87514159,0.87514159
23.79044151,0.87520132,0.87520132
23.80020905,0.87527473,0.87527473
23.80997086,0.87536004,0.87536004
23.81972313,0.87545771,0.87545771
23.82946587,0.87556893,0.87556893
23.83920097,0.87569450,0.87569450
23.84892845,0.87583376,0.87583376
23.85864830,0.87598757,0.87598757
23.88502884,0.90119026,0.90119026
23.91233635,0.92641958,0.92641958
23.92202950,0.92663328,0.92663328
23.93171692,0.92686522,0.92686522
23.94139862,0.92711555,0.92711555
23.95107269,0.92738652,0.92738652
23.96074104,0.92767698,0.92767698
23.97040176,0.92798945,0.92798945
23.98005676,0.92832276,0.92832276
23.98970604,0.92867920,0.92867920
23.99934769,0.92905881,0.92905881
24.00898743,0.92946413,0.92946413
24.01862335,0.92989382,0.92989382
24.02825356,0.93035153,0.93035153
24.03787994,0.93083501,0.93083501
24.04750252,0.93134767,0.93134767
24.05712318,0.93188960,0.93188960
24.06674194,0.93246340,0.93246340
24.07635689,0.93306882,0.93306882
24.09405518,0.94993404,0.94993404
24.10621452,0.95963631,0.95963631
24.11569595,0.96036509,0.96036509
24.12517548,0.96113405,0.96113405
24.13465309,0.96194089,0.96194089
24.14413261,0.96279173,0.96279173
24.15361023,0.96368414,0.96368414
24.18220711,0.99000849,0.99000849
24.19183350,0.99101808,0.99101808
24.20146751,0.99208010,0.99208010
24.21110725,0.99319333,0.99319333
24.22075272,0.99435914,0.99435914
24.23040771,0.99558237,0.99558237
24.24007225,0.99686404,0.99686404
24.24974632,0.99820551,0.99820551
24.25942993,0.99960926,0.99960926
24.26912689,1.00107902,1.00107902
24.27883720,1.00261478,1.00261478
24.28856277,1.00421879,1.00421879
24.29830551,1.00589348,1.00589348
24.30806732,1.00764156,1.00764156
24.31784821,1.00946536,1.00946536
24.32765007,1.01136467,1.01136467
24.33747482,1.01334229,1.01334229
24.34732437,1.01540279,1.01540279
24.35720062,1.01754648,1.01754648
24.36710358,1.01977663,1.01977663
24.37703896,1.02209476,1.02209476
24.38700676,1.02450316,1.02450316
24.39700699,1.02700566,1.02700566
24.40704346,1.02960455,1.02960455
24.41711807,1.03230347,1.03230347
24.42723465,1.03510377,1.03510377
24.45880890,1.06462289,1.06462289
24.46923447,1.06771485,1.06771485
24.47930908,1.07226324,1.07226324
24.48930931,1.07739258,1.07739258
24.49938011,1.08245375,1.08245375
24.50952530,1.08746089,1.08746089
24.51975632,1.09242799,1.09242799
24.53007889,1.09736690,1.09736690
24.54049492,1.10228883,1.10228883
24.55101776,1.10720705,1.10720705
24.56165314,1.11213254,1.11213254
24.57240105,1.11707765,1.11707765
24.58327103,1.12205195,1.12205195
24.59426880,1.12706544,1.12706544
24.60539627,1.13212893,1.13212893
24.61666107,1.13725220,1.13725220
24.62806702,1.14244269,1.14244269
24.63962173,1.14771730,1.14771730
24.65132904,1.15307979,1.15307979
24.66319466,1.15854128,1.15854128
24.67522430,1.16411258,1.16411258
24.68742180,1.16980343,1.16980343
24.72483063,1.20475714,1.20475714
24.73770523,1.21088129,1.21088129
24.75077057,1.21715935,1.21715935
24.76403236,1.22360228,1.22360228
24.77750397,1.23022093,1.23022093
24.79118729,1.23702513,1.23702513
24.80508995,1.24402582,1.24402582
24.81921768,1.25123414,1.25123414
24.83358192,1.25865848,1.25865848
24.84818649,1.26631222,1.26631222
24.86304092,1.27420777,1.27420777
24.87754250,1.28330681,1.28330681
24.89201927,1.29312018,1.29312018
24.90671349,1.30326909,1.30326909
24.92163467,1.31376098,1.31376098
24.96515465,1.35691527,1.35691527
24.98098946,1.36840464,1.36840464
24.99784660,1.35824832,1.35824832
25.01773262,1.34400507,1.34400507
25.03173256,1.33833618,1.33833618
25.04777145,1.35083264,1.35083264
25.06444931,1.34103643,1.34103643
25.08325958,1.32833740,1.32833740
25.10168266,1.31610466,1.31610466
25.11973190,1.30432859,1.30432859
25.13741875,1.29299444,1.29299444
25.15475464,1.28209353,1.28209353
25.17174911,1.27161261,1.27161261
25.18841171,1.26154298,1.26154298
25.19956589,1.26128419,1.26128419
25.21568108,1.27602295,1.27602295
25.23182678,1.26688113,1.26688113
25.24773788,1.25803846,1.25803846
25.26336098,1.24956047,1.24956047
25.27870941,1.24143915,1.24143915
25.29379272,1.23366332,1.23366332
25.30861855,1.22622801,1.22622801
25.32320213,1.21911742,1.21911742
25.33754730,1.21232910,1.21232910
25.35166359,1.20585333,1.20585333
25.36556244,1.19968015,1.19968015
25.37883186,1.19320561,1.19320561
25.39041519,1.18465817,1.18465817
25.40183067,1.17637454,1.17637454
25.41221046,1.17014040,1.17014040
25.43191338,1.18573848,1.18573848
25.44154549,1.18261970,1.18261970
25.45272064,1.17514279,1.17514279
25.46375656,1.16790287,1.16790287
25.47466087,1.16089242,1.16089242
25.48543739,1.15410529,1.15410529
25.49609375,1.14753547,1.14753547
25.50663376,1.14117554,1.14117554
25.51705933,1.13502318,1.13502318
25.52737999,1.12906746,1.12906746
25.53759956,1.12330682,1.12330682
25.54771805,1.11773310,1.11773310
25.55774117,1.11234143,1.11234143
25.56767273,1.10712895,1.10712895
25.57751656,1.10208981,1.10208981
25.58766174,1.09808715,1.09808715
25.59849548,1.09574335,1.09574335
25.60923195,1.09358150,1.09358150
25.61978149,1.10360230,1.10360230
25.63235092,1.11678586,1.11678586
25.64307785,1.11506721,1.11506721
25.65371895,1.11353152,1.11353152
25.66427803,1.11218022,1.11218022
25.67476082,1.11101316,1.11101316
25.68517113,1.11003301,1.11003301
25.69551659,1.10923708,1.10923708
25.70580101,1.10862791,1.10862791
25.71602821,1.10820930,1.10820930
25.72620583,1.10798217,1.10798217
25.73633766,1.10795042,1.10795042
25.74643326,1.10811888,1.10811888
25.75649643,1.10848996,1.10848996
25.76653290,1.10907351,1.10907351
25.77655029,1.10987423,1.10987423
25.78552818,1.10877197,1.10877197
25.79400253,1.10631955,1.10631955
25.80245781,1.10397457,1.10397457
25.81089973,1.10173465,1.10173465
25.81932831,1.09959832,1.09959832
25.82774544,1.09756231,1.09756231
25.83615685,1.09562507,1.09562507
25.84456062,1.09378664,1.09378664
25.85478401,1.09953127,1.09953127
25.87324333,1.11574955,1.11574955
25.88186836,1.11415404,1.11415404
25.89049530,1.11265253,1.11265253
25.89912605,1.11124146,1.11124146
25.90776443,1.10991941,1.10991941
25.91641045,1.10868527,1.10868527
25.92506599,1.10753786,1.10753786
25.93373489,1.10647701,1.10647701
25.94241714,1.10549932,1.10549932
25.95111465,1.10460573,1.10460573
25.95982933,1.10379391,1.10379391
25.96856499,1.10306267,1.10306267
25.97731781,1.10241335,1.10241335
25.98609543,1.10184089,1.10184089
25.99489403,1.10134885,1.10134885
26.00371742,1.10093386,1.10093386
26.02997398,1.12561031,1.12561031
26.03906059,1.12534429,1.12534429
26.04817390,1.12515254,1.12515254
26.05731773,1.12503788,1.12503788
26.06649208,1.12500002,1.12500002
26.07569885,1.12503292,1.12503292
26.08493996,1.12513913,1.12513913
26.09421349,1.12531737,1.12531737
26.10352325,1.12556517,1.12556517
26.11286926,1.12588016,1.12588016
26.12225342,1.12626349,1.12626349
26.13167381,1.12671146,1.12671146
26.14113235,1.12722408,1.12722408
26.15062904,1.12779793,1.12779793
26.16016579,1.12843149,1.12843149
26.16973877,1.12912472,1.12912472
26.17935371,1.12987434,1.12987434
26.18900871,1.13067753,1.13067753
26.19870377,1.13153453,1.13153453
26.20843697,1.13244023,1.13244023
26.26332855,1.07818117,1.07818117
26.29595947,1.00835087,1.00835087
26.30563736,1.00927859,1.00927859
26.31535721,1.01024168,1.01024168
26.35478973,0.97155515,0.97155515
26.36810493,0.96165400,0.96165400
26.37761307,0.96265630,0.96265630
26.38716507,0.96368531,0.96368531
26.41587639,0.93595341,0.93595341
26.43821907,0.91497190,0.91497190
26.49165154,0.86510991,0.86510991
26.50137329,0.86609011,0.86609011
26.51153564,0.86173338,0.86173338
26.53209496,0.84254271,0.84254271
26.54179382,0.84350946,0.84350946
26.55153847,0.84447634,0.84447634
26.56132317,0.84543696,0.84543696
26.58665657,0.82074219,0.82074219
26.61612320,0.79597778,0.79597778
26.62602997,0.79684448,0.79684448
26.63597298,0.79769415,0.79769415
26.65088654,0.78478275,0.78478275
26.66449928,0.77354002,0.77354002
26.67445564,0.77428584,0.77428584
26.68445396,0.77500120,0.77500120
26.69449043,0.77568116,0.77568116
26.71134186,0.75996218,0.75996218
26.72325897,0.75102293,0.75102293
26.73333931,0.75155763,0.75155763
26.74345779,0.75204589,0.75204589
26.77375031,0.72653931,0.72653931
26.78547859,0.71781494,0.71781494
26.80267525,0.70128420,0.70128420
26.81293297,0.70156373,0.70156373
26.82321930,0.70180055,0.70180055
26.83353233,0.70199585,0.70199585
26.84386826,0.70214476,0.70214476
26.85422325,0.70225219,0.70225219
26.86459732,0.70231937,0.70231937
26.87498856,0.70234383,0.70234383
26.88539124,0.70233154,0.70233154
26.89580536,0.70227661,0.70227661
26.91286469,0.68550778,0.68550778
26.92479706,0.67605836,0.67605836
26.93524933,0.67590580,0.67590580
26.94570351,0.67572020,0.67572020
26.95616150,0.67550534,0.67550534
26.96661758,0.67526244,0.67526244
26.97707176,0.67499264,0.67499264
26.98752213,0.67469731,0.67469731
26.99796104,0.67437739,0.67437739
27.00839043,0.67403321,0.67403321
27.01880646,0.67366940,0.67366940
27.02920723,0.67328363,0.67328363
27.03958702,0.67287963,0.67287963
27.04994583,0.67245729,0.67245729
27.06028366,0.67202027,0.67202027
27.07059479,0.67156619,0.67156619
27.08087730,0.67109867,0.67109867
27.09098816,0.66996951,0.66996951
27.10846710,0.65259884,0.65259884
27.11996078,0.64386965,0.64386965
27.13018417,0.64337889,0.64337889
27.14037132,0.64287963,0.64287963
27.15051651,0.64237299,0.64237299
27.16061974,0.64186039,0.64186039
27.17604446,0.65551150,0.65551150
27.18953133,0.66645628,0.66645628
27.19958305,0.66591188,0.66591188
27.20958138,0.66536501,0.66536501
27.21952438,0.66481684,0.66481684
27.22941208,0.66426879,0.66426879
27.23924065,0.66372191,0.66372191
27.24900627,0.66317628,0.66317628
27.25870895,0.66263184,0.66263184
27.27874947,0.68159182,0.68159182
27.28910255,0.68699952,0.68699952
27.29870605,0.68644656,0.68644656
27.30823898,0.68589965,0.68589965
27.31769753,0.68536012,0.68536012
27.34321404,0.71019168,0.71019168
27.35264969,0.70964719,0.70964719
27.36201477,0.70911132,0.70911132
27.37131119,0.70858517,0.70858517
27.38303947,0.71682984,0.71682984
27.40073586,0.73283448,0.73283448
27.40995598,0.73232425,0.73232425
27.41910934,0.73182733,0.73182733
27.42820358,0.73134279,0.73134279
27.45388031,0.75607547,0.75607547
27.46298218,0.75560423,0.75560423
27.47202682,0.75514893,0.75514893
27.48101997,0.75470827,0.75470827
27.48995781,0.75428707,0.75428707
27.49884796,0.75388060,0.75388060
27.50768661,0.75349367,0.75349367
27.51648140,0.75312498,0.75312498
27.54233932,0.77786744,0.77786744
27.55118370,0.77752558,0.77752558
27.55998993,0.77720334,0.77720334
27.56876183,0.77690189,0.77690189
27.58749580,0.79376465,0.79376465
27.59897804,0.80140747,0.80140747
27.60780144,0.80116211,0.80116211
27.61660385,0.80093997,0.80093997
27.63664627,0.81913578,0.81913578
27.64751816,0.82558223,0.82558223
27.65641975,0.82542479,0.82542479
27.66531372,0.82529168,0.82529168
27.69167519,0.85018922,0.85018922
27.70070839,0.85010261,0.85010261
27.70975113,0.85004272,0.85004272
27.71880150,0.85000725,0.85000725
27.74540520,0.87499875,0.87499875
27.75463486,0.87501828,0.87501828
27.76388741,0.87506349,0.87506349
27.77317047,0.87513668,0.87513668
27.82425880,0.92525024,0.92525024
27.83389664,0.92538696,0.92538696
27.84357643,0.92555416,0.92555416
27.87078285,0.95077032,0.95077032
27.88069725,0.95100345,0.95100345
27.89066315,0.95126707,0.95126707
27.90067863,0.95156365,0.95156365
27.91074944,0.95189201,0.95189201
27.92086983,0.95225097,0.95225097
27.94861794,0.97771238,0.97771238
27.95898438,0.97814940,0.97814940
27.96939659,0.97861815,0.97861815
27.97985077,0.97912235,0.97912235
27.99034119,0.97965944,0.97965944
28.00086212,0.98023189,0.98023189
28.01140976,0.98083859,0.98083859
28.02197456,0.98147829,0.98147829
28.03527260,0.99158201,0.99158201
28.07229996,0.98698367,0.98698367
28.08290863,0.98361213,0.98361213
28.09322548,0.98439334,0.98439334
28.10355186,0.98521114,0.98521114
28.12939644,0.96077880,0.96077880
28.13958549,0.96164437,0.96164437
28.14977646,0.96254387,0.96254387
28.16321754,0.95285769,0.95285769
28.20287323,0.91368900,0.91368900
28.21278000,0.91464111,0.91464111
28.22269058,0.91562503,0.91562503
28.23261070,0.91664183,0.91664183
28.25809669,0.89220213,0.89220213
28.26788712,0.89325559,0.89325559
28.27769089,0.89434079,0.89434079
28.28750801,0.89545780,0.89545780
28.31888962,0.86458501,0.86458501
28.33838844,0.84648680,0.84648680
28.34795761,0.84762822,0.84762822
28.35754776,0.84880124,0.84880124
28.36711311,0.84977301,0.84977301
28.39610863,0.82118043,0.82118043
28.41737366,0.80082522,0.80082522
28.42676926,0.80203490,0.80203490
28.43619728,0.80327146,0.80327146
28.44565964,0.80453491,0.80453491
28.46424675,0.78703368,0.78703368
28.48853302,0.76314578,0.76314578
28.49899483,0.75631587,0.75631587
28.50830841,0.75759276,0.75759276
28.51766777,0.75889281,0.75889281
28.52682495,0.75924193,0.75924193
28.54853630,0.73792971,0.73792971
28.55743790,0.73661743,0.73661743
28.56683540,0.73795771,0.73795771
28.57628441,0.73931766,0.73931766
28.58542252,0.73589722,0.73589722
28.60513115,0.71658576,0.71658576
28.62425423,0.69784426,0.69784426
28.63405609,0.69173956,0.69173956
28.64348030,0.69308964,0.69308964
28.65296555,0.69445676,0.69445676
28.66194344,0.69822139,0.69822139
28.68469620,0.69096313,0.69096313
28.70174599,0.68979857,0.68979857
28.71146965,0.69884518,0.69884518
28.72058868,0.70150876,0.70150876
28.73015976,0.70295660,0.70295660
28.74234390,0.69236939,0.69236939
28.75839233,0.67668215,0.67668215
28.77408409,0.66133545,0.66133545
28.78400993,0.65430662,0.65430662
28.79363632,0.65567627,0.65567627
28.80333710,0.65705080,0.65705080
28.81311226,0.65842655,0.65842655
28.82417870,0.64920533,0.64920533
28.83871841,0.63495851,0.63495851
28.84809494,0.63495606,0.63495606
28.85802269,0.63627565,0.63627565
28.86802292,0.63759399,0.63759399
28.87762833,0.63769165,0.63769165
28.89251709,0.62539061,0.62539061
28.91040230,0.62312621,0.62312621
28.92015648,0.63254148,0.63254148
28.92989731,0.64194586,0.64194586
28.93930626,0.64537716,0.64537716
28.94956017,0.64664431,0.64664431
28.95988655,0.64789792,0.64789792
28.97028160,0.64913939,0.64913939
28.98074150,0.65036498,0.65036498
28.99034309,0.64421388,0.64421388
29.00315285,0.63159060,0.63159060
29.01270866,0.62550538,0.62550538
29.02333069,0.62660519,0.62660519
29.03401756,0.62768315,0.62768315
29.04476738,0.62873656,0.62873656
29.05557823,0.62976439,0.62976439
29.06529999,0.63392454,0.63392454
29.07550240,0.64397707,0.64397707
29.08571243,0.65404541,0.65404541
29.10055923,0.65293580,0.65293580
29.11257935,0.64101437,0.64101437
29.12216377,0.63526732,0.63526732
29.13320160,0.63604732,0.63604732
29.14428902,0.63678100,0.63678100
29.15542221,0.63746581,0.63746581
29.16560555,0.64705814,0.64705814
29.17612648,0.65753293,0.65753293
29.18669128,0.66806031,0.66806031
29.19785118,0.66870363,0.66870363
29.20913124,0.66910034,0.66910034
29.22044182,0.66942016,0.66942016
29.23177528,0.66965947,0.66965947
29.24187469,0.67299072,0.67299072
29.25288773,0.68400149,0.68400149
29.26399231,0.69510740,0.69510740
29.27395821,0.69886964,0.69886964
29.28534508,0.69866452,0.69866452
29.29672813,0.69836672,0.69836672
29.33296585,0.72705810,0.72705810
29.34270477,0.73226566,0.73226566
29.35441399,0.74393064,0.74393064
29.36626244,0.75571899,0.75571899
29.37826920,0.76764530,0.76764530
29.39044762,0.77971927,0.77971927
29.40093231,0.78050173,0.78050173
29.43676567,0.80824588,0.80824588
29.44787216,0.80699096,0.80699096
29.48114967,0.83680177,0.83680177
29.49406052,0.84943848,0.84943848
29.50721359,0.86227659,0.86227659
29.52855873,0.90395259,0.90395259
29.53992462,0.91364621,0.91364621
29.55062866,0.91166136,0.91166136
29.56241417,0.91172999,0.91172999
29.57415390,0.91180827,0.91180827
29.58577728,0.92615544,0.92615544
29.59889984,0.94277076,0.94277076
29.61231995,0.95979492,0.95979492
29.62605858,0.97724419,0.97724419
29.64015007,0.99514965,0.99514965
29.65121460,0.99650611,0.99650611
29.66300774,0.99653568,0.99653568
29.67473030,0.99659931,0.99659931
29.68813133,1.01374314,1.01374314
29.70363998,1.03359693,1.03359693
29.71966171,1.05404636,1.05404636
29.73622894,1.07512482,1.07512482
29.75339699,1.09688033,1.09688033
29.77120590,1.11935375,1.11935375
29.78971100,1.14259258,1.14259258
29.80474281,1.16152955,1.16152955
29.81686020,1.16153829,1.16153829
29.82888985,1.16160328,1.16160328
29.84082794,1.16172556,1.16172556
29.85267067,1.16190679,1.16190679
29.86441994,1.16214988,1.16214988
29.87607002,1.16245292,1.16245292
29.88761711,1.16281942,1.16281942
29.89906120,1.16324924,1.16324924
29.91039658,1.16374272,1.16374272
29.92162323,1.16430333,1.16430333
29.93273735,1.16492851,1.16492851
29.94373703,1.16562203,1.16562203
29.95461845,1.16638191,1.16638191
29.96538162,1.16720966,1.16720966
29.97602463,1.16810722,1.16810722
29.98654175,1.16907291,1.16907291
29.99693489,1.17010959,1.17010959
30.00719833,1.17121702,1.17121702
30.01733208,1.17239530,1.17239530
30.02733803,1.17364913,1.17364913
30.03721046,1.17497530,1.17497530
30.04694748,1.17637701,1.17637701
30.05654716,1.17785299,1.17785299
30.06601143,1.17940357,1.17940357
30.07533455,1.18103097,1.18103097
30.08283806,1.18776089,1.18776089
30.09973717,1.20990970,1.20990970
30.10886192,1.21172749,1.21172749
30.11784172,1.21362764,1.21362764
30.12668228,1.21561386,1.21561386
30.13537788,1.21768559,1.21768559
30.14392662,1.21984397,1.21984397
30.15232849,1.22208802,1.22208802
30.16058350,1.22441977,1.22441977
30.16868973,1.22684065,1.22684065
30.17664909,1.22935308,1.22935308
30.18329430,1.22831550,1.22831550
30.18987274,1.22741217,1.22741217
30.19638443,1.22664679,1.22664679
30.20283127,1.22602292,1.22602292
30.20921707,1.22554443,1.22554443
30.21554184,1.22521243,1.22521243
30.34065437,1.10002929,1.10002929
30.34827423,1.10000607,1.10000607
30.37450981,1.12512932,1.12512932
30.38232613,1.12540033,1.12540033
30.39010429,1.12582027,1.12582027
30.39784622,1.12639646,1.12639646
30.40555573,1.12712892,1.12712892
30.41323471,1.12802239,1.12802239
30.42088318,1.12907846,1.12907846
30.43614578,1.11779658,1.11779658
30.46408844,1.09315682,1.09315682
30.47913170,1.08288937,1.08288937
30.48731232,1.08455083,1.08455083
30.49548721,1.08638185,1.08638185
30.50365829,1.08838624,1.08838624
30.51183128,1.09056639,1.09056639
30.52000999,1.09292230,1.09292230
30.52819824,1.09546025,1.09546025
30.53640175,1.09818117,1.09818117
30.54462242,1.10108632,1.10108632
30.55301094,1.10362785,1.10362785
30.56906891,1.09500003,1.09500003
30.60877228,1.11339965,1.11339965
30.61869240,1.11461551,1.11461551
30.62775230,1.11848508,1.11848508
30.63686943,1.12255495,1.12255495
30.64604759,1.12682486,1.12682486
30.65529251,1.13130011,1.13130011
30.66460800,1.13598030,1.13598030
30.67400360,1.14087029,1.14087029
30.68348312,1.14597051,1.14597051
30.69305229,1.15128416,1.15128416
30.70460320,1.15311899,1.15311899
30.71879196,1.15167843,1.15167843
30.73288345,1.15084960,1.15084960
30.74691200,1.15060426,1.15060426
30.78318024,1.18112678,1.18112678
30.79412651,1.18776617,1.18776617
30.80519867,1.19463501,1.19463501
30.81640244,1.20173592,1.20173592
30.82773781,1.20906860,1.20906860
30.83920860,1.21663691,1.21663691
30.85081673,1.22444588,1.22444588
30.86256981,1.23249520,1.23249520
30.87446785,1.24078616,1.24078616
30.88651657,1.24932361,1.24932361
30.89926720,1.25712041,1.25712041
30.91456795,1.26158568,1.26158568
30.92997742,1.26647944,1.26647944
30.94550323,1.27178841,1.27178841
30.96210480,1.25367429,1.25367429
30.97384834,1.25328363,1.25328363
30.98730087,1.25646373,1.25646373
31.00577927,1.23688483,1.23688483
31.01888275,1.24437993,1.24437993
31.02962685,1.24690683,1.24690683
31.04968834,1.23220827,1.23220827
31.06912041,1.21814206,1.21814206
31.07984924,1.22310661,1.22310661
31.09166145,1.23092288,1.23092288
31.11005592,1.21803222,1.21803222
31.12792397,1.20565803,1.20565803
31.14530373,1.19376459,1.19376459
31.16221428,1.18232540,1.18232540
31.17868233,1.17131220,1.17131220
31.19473076,1.16070305,1.16070305
31.21038055,1.15047122,1.15047122
31.22045898,1.15558595,1.15558595
31.23354912,1.16639651,1.16639651
31.24860954,1.15682127,1.15682127
31.26332855,1.14755741,1.14755741
31.27772522,1.13858140,1.13858140
31.29181290,1.12987798,1.12987798
31.30560493,1.12143190,1.12143190
31.31911659,1.11322512,1.11322512
31.33235931,1.10524159,1.10524159
31.34534645,1.09746828,1.09746828
31.35808563,1.08989013,1.08989013
31.37058830,1.08249519,1.08249519
31.38286972,1.07526734,1.07526734
31.39493561,1.06819580,1.06819580
31.40679550,1.06126944,1.06126944
31.41846085,1.05447510,1.05447510
31.42993546,1.04780270,1.04780270
31.44123268,1.04124149,1.04124149
31.45235634,1.03478273,1.03478273
31.46150780,1.03677732,1.03677732
31.47722435,1.04948359,1.04948359
31.48681259,1.04620243,1.04620243
31.49762726,1.03987307,1.03987307
31.50830269,1.03360107,1.03360107
31.51884270,1.02737667,1.02737667
31.52925301,1.02119015,1.02119015
31.53954315,1.01503544,1.01503544
31.54972076,1.00889894,1.00889894
31.55978775,1.00277831,1.00277831
31.56975555,0.99666011,0.99666011
31.57963181,0.99053458,0.99053458
31.58942032,0.98439451,0.98439451
31.59912872,0.97823121,0.97823121
31.60876656,0.97203489,0.97203489
31.61834145,0.96579956,0.96579956
31.62785721,0.95951284,0.95951284
31.63732529,0.95317018,0.95317018
31.64675140,0.94676141,0.94676141
31.65614700,0.94027585,0.94027585
31.66551971,0.93370366,0.93370366
31.67487907,0.92703850,0.92703850
31.68423080,0.92026849,0.92026849
31.69359016,0.91338619,0.91338619
31.70330048,0.90869622,0.90869622
31.71360397,0.90588498,0.90588498
31.72387695,0.90315922,0.90315922
31.73411751,0.90049801,0.90049801
31.74506760,0.90757569,0.90757569
31.76154518,0.92251954,0.92251954
31.77189636,0.92001338,0.92001338
31.78222084,0.91758912,0.91758912
31.79251862,0.91524292,0.91524292
31.80279350,0.91297242,0.91297242
31.81304169,0.91077644,0.91077644
31.82327080,0.90865107,0.90865107
31.83347893,0.90659792,0.90659792
31.84315491,0.89970455,0.89970455
31.85332680,0.89100586,0.89100586
31.86367989,0.88202519,0.88202519
31.87422943,0.87274896,0.87274896
31.88445282,0.87091913,0.87091913
31.89470291,0.86929694,0.86929694
31.90493584,0.86773072,0.86773072
31.91514969,0.86622076,0.86622076
31.92534637,0.86476560,0.86476560
31.93552589,0.86336561,0.86336561
31.94569016,0.86201548,0.86201548
31.95584106,0.86071896,0.86071896
31.96597672,0.85947517,0.85947517
31.97687149,0.85058343,0.85058343
31.98969460,0.83838622,0.83838622
32.01374054,0.84755619,0.84755619
32.02522659,0.85499507,0.85499507
32.03553772,0.85399180,0.85399180
32.04582977,0.85303471,0.85303471
32.05611038,0.85212158,0.85212158
32.06637573,0.85125001,0.85125001
32.07662964,0.85041882,0.85041882
32.08686447,0.84962275,0.84962275
32.10115433,0.83618894,0.83618894
32.11575317,0.82243540,0.82243540
32.12604904,0.82176263,0.82176263
32.13632965,0.82112189,0.82112189
32.14659882,0.82050909,0.82050909
32.15685272,0.81992059,0.81992059
32.16709900,0.81935910,0.81935910
32.17733002,0.81882073,0.81882073
32.18754959,0.81830439,0.81830439
32.19776154,0.81780889,0.81780889
32.20796585,0.81733269,0.81733269
32.21815872,0.81687498,0.81687498
32.24314117,0.84136837,0.84136837
32.25328064,0.84151010,0.84151010
32.26383972,0.83582027,0.83582027
32.28466415,0.81520512,0.81520512
32.29494095,0.81482169,0.81482169
32.30521011,0.81445193,0.81445193
32.31546783,0.81409175,0.81409175
32.32571411,0.81374381,0.81374381
32.33595276,0.81340571,0.81340571
32.34618378,0.81307498,0.81307498
32.35640717,0.81275266,0.81275266
32.36662292,0.81244011,0.81244011
32.37682724,0.81213247,0.81213247
32.38702393,0.81183219,0.81183219
32.39721680,0.81153683,0.81153683
32.40740204,0.81124994,0.81124994
32.41757965,0.81096562,0.81096562
32.42774963,0.81068603,0.81068603
32.43791199,0.81041140,0.81041140
32.44806671,0.81014034,0.81014034
32.45821381,0.80987297,0.80987297
32.46835709,0.80960820,0.80960820
32.47849274,0.80934692,0.80934692
32.48862457,0.80908818,0.80908818
32.49874496,0.80883055,0.80883055
32.50886154,0.80857535,0.80857535
32.51897049,0.80832272,0.80832272
32.52907181,0.80807246,0.80807246
32.53916550,0.80782219,0.80782219
32.54925156,0.80757444,0.80757444
32.55933380,0.80732785,0.80732785
32.56940460,0.80708250,0.80708250
32.57947159,0.80683835,0.80683835
32.59037781,0.80089843,0.80089843
32.63495636,0.80635129,0.80635129
32.64511871,0.80611083,0.80611083
32.65527725,0.80587039,0.80587039
32.66542435,0.80562991,0.80562991
32.67557144,0.80539186,0.80539186
32.68570709,0.80515503,0.80515503
32.69583893,0.80492076,0.80492076
32.70595932,0.80468630,0.80468630
32.71607590,0.80445316,0.80445316
32.72618484,0.80422359,0.80422359
32.73628616,0.80399532,0.80399532
32.74637985,0.80377069,0.80377069
32.75646210,0.80354728,0.80354728
32.76654053,0.80333010,0.80333010
32.77660751,0.80311401,0.80311401
32.78666687,0.80290159,0.80290159
32.79671478,0.80269523,0.80269523
32.80675507,0.80249266,0.80249266
32.81678772,0.80229615,0.80229615
32.82680511,0.80210569,0.80210569
32.83681488,0.80191897,0.80191897
