time,x,y,yaw,vel,accel,steer,theta
0,-2.1582,-6.42296,1.47415,1.99942,-0.357498,6.25847e-05,17.6118
1,-2.14575,-6.30309,1.46927,2.01765,0.612081,-0.00166296,17.7318
2,-2.13316,-6.18279,1.4676,2.01417,0.497556,-0.00281375,17.8418
3,-2.12039,-6.06289,1.46562,2.0085,0.737639,-0.00197182,17.9518
4,-2.10737,-5.94295,1.46365,2.01328,0.705419,-0.00167517,18.0718
5,-2.09466,-5.82275,1.46521,2.01604,0.530298,-0.00220103,18.1918
6,-2.08224,-5.70269,1.46706,2.00745,-0.471123,-0.00144765,18.3118
7,-2.07003,-5.58255,1.46892,2.01793,0.490654,-0.00199115,18.4418
8,-2.05806,-5.46235,1.47082,2.00831,-0.513081,-0.00113603,18.5618
9,-2.0463,-5.34214,1.47269,2.01804,0.499997,-0.00199816,18.6918
10,-2.03478,-5.22191,1.4746,2.008,-0.499889,-0.00120653,18.8118
11,-2.02348,-5.10166,1.47647,2.01802,0.502678,-0.00170766,18.9418
12,-2.01241,-4.98139,1.47837,2.00799,-0.505514,-0.00123132,19.0618
13,-1.99782,-4.82103,1.47907,2.00744,-0.516702,-0.00166287,19.2118
14,-1.99053,-4.74088,1.48012,2.00683,0.477448,0.0020779,19.3118
15,-1.97588,-4.58067,1.48013,2.00503,-0.555013,0.00214457,19.4618
16,-1.96482,-4.46067,1.47893,2.01173,0.420813,0.00141342,19.5818
17,-1.95386,-4.34089,1.48,1.9973,-0.588503,0.00112147,19.7118
18,-1.94322,-4.22138,1.4819,2.00215,0.418934,0.00424202,19.8218
19,-1.92913,-4.06237,1.4822,2.00187,0.5697,-0.00131742,19.9718
20,-1.91466,-3.90306,1.47939,2.00691,0.537563,-0.00342493,20.1318
21,-1.89877,-3.74393,1.472,1.99988,0.526615,-0.00173931,20.2818
22,-1.88275,-3.58465,1.47112,2.00203,0.518646,-0.00165298,20.4418
23,-1.87275,-3.485,1.47088,2.00803,-0.485381,0.00193419,20.5518
24,-1.85682,-3.32584,1.47078,1.99933,0.510078,0.00054442,20.7018
25,-1.84545,-3.20676,1.47496,1.97995,0.163121,0.00098676,20.8318
26,-1.83665,-3.10803,1.47964,1.98843,0.732312,0.00359089,20.9318
27,-1.82188,-2.92908,1.48793,1.99792,-0.266236,0.0266278,21.0818
28,-1.8155,-2.84903,1.48925,2.00721,-0.265208,0.0440878,21.1818
29,-1.80394,-2.68833,1.50001,2.01217,-0.471688,0.0461392,21.3418
30,-1.79795,-2.56765,1.51657,2.01884,0.528895,0.0470975,21.4718
31,-1.79408,-2.44683,1.53353,2.01053,-0.474148,0.0307737,21.5918
32,-1.79214,-2.32588,1.54902,2.02084,0.461112,0.0128143,21.7118
33,-1.79072,-2.20501,1.55586,2.00844,-0.541077,-0.00479492,21.8418
34,-1.78983,-2.08428,1.5613,2.01604,0.460413,-0.0187608,21.9618
35,-1.78824,-1.96369,1.55759,2.00445,-0.477371,-0.031625,22.0818
36,-1.78578,-1.84313,1.55204,2.0154,0.518044,-0.0516926,22.2018
37,-1.78153,-1.72255,1.53835,2.00645,-0.486889,-0.0582897,22.3218
38,-1.77498,-1.60202,1.52155,2.01727,0.509984,-0.0854395,22.4418
39,-1.76557,-1.48163,1.49853,2.00784,-0.494101,-0.0894752,22.5618
40,-1.75206,-1.36162,1.46745,2.01822,0.503022,-0.108878,22.6918
41,-1.73388,-1.2422,1.43035,2.00838,-0.500658,-0.119394,22.8118
42,-1.71079,-1.12364,1.39087,2.01836,0.497203,-0.145488,22.9318
43,-1.68225,-1.00628,1.34518,2.00818,-0.504945,-0.150197,23.0418
44,-1.64746,-0.890625,1.29452,2.01791,0.496707,-0.160894,23.1718
45,-1.60665,-0.776978,1.24203,2.00769,-0.506994,-0.169933,23.2818
46,-1.5756,-0.702711,1.20313,2.00739,0.494725,-0.173452,23.3818
47,-1.50517,-0.55801,1.12614,2.00693,-0.505006,-0.219843,23.5418
48,-1.46517,-0.488021,1.08234,2.01675,0.491981,-0.225892,23.6418
49,-1.37449,-0.354692,0.983355,2.01612,-0.510464,-0.253306,23.7918
50,-1.2832,-0.247211,0.885441,2.02043,0.484369,-0.25183,23.9318
51,-1.16621,-0.136171,0.772152,2.0192,0.487106,-0.235621,24.0818
52,-1.0869,-0.0737115,0.701179,2.02354,-0.510147,-0.20039,24.1818
53,-0.934946,0.0249204,0.583317,2.01755,0.491967,-0.182763,24.3318
54,-0.863844,0.0635879,0.534302,2.02717,-0.964077,-0.131729,24.4318
55,-0.772697,0.107729,0.478789,2.02266,-0.965757,-0.106758,24.5318
56,-0.62548,0.169766,0.409602,1.97541,0.520659,-0.114062,24.6718
57,-0.49567,0.217445,0.363558,1.99335,0.523548,-0.100401,24.8218
58,-0.342957,0.265383,0.311387,2.00862,0.525251,-0.0977065,24.9618
59,-0.188212,0.305249,0.258803,2.00055,0.528225,-0.103883,25.1218
60,-0.051358,0.333395,0.212863,1.99753,0.534462,-0.101291,25.2718
61,0.0474405,0.349714,0.180206,2.00416,-0.428499,-0.0983923,25.3718
62,0.206557,0.369345,0.130092,2.00955,0.568769,-0.0845848,0.0636934
63,0.346546,0.380762,0.0902715,2.00932,0.564007,-0.0822524,0.183693
64,0.467311,0.38693,0.061208,2.01316,-0.440418,-0.0941305,0.303693
65,0.588472,0.389787,0.0328389,2.02676,0.559708,-0.0987338,0.413693
66,0.709873,0.389086,0.00288855,2.02025,-0.577521,-0.0937678,0.523693
67,0.83113,0.383823,-0.0325602,2.02566,0.421203,-0.116348,0.643693
68,0.951824,0.37404,-0.0700691,2.01092,-0.580058,-0.112442,0.773693
69,1.07173,0.359342,-0.109655,2.01619,0.421965,-0.134962,0.903693
70,1.19065,0.339622,-0.152019,2.00363,-0.469586,-0.151421,1.02369
71,1.30836,0.313575,-0.202124,2.01552,0.531793,-0.170147,1.13369
72,1.42448,0.280768,-0.258066,2.00738,-0.468026,-0.180689,1.24369
73,1.53841,0.240668,-0.319356,2.01936,0.531749,-0.214825,1.35369
74,1.64939,0.192728,-0.387655,2.01161,-0.455811,-0.225081,1.46369
75,1.75646,0.136272,-0.462495,2.02415,0.550198,-0.247868,1.57369
76,1.85837,0.0706793,-0.546414,2.01699,-0.444357,-0.25899,1.68369
77,1.98481,-0.0303258,-0.662684,2.02116,-0.451297,-0.27054,1.82369
78,2.12302,-0.178522,-0.823172,2.03599,0.542382,-0.279641,1.99369
79,2.21598,-0.311821,-0.948803,2.03948,0.546439,-0.274125,2.12369
80,2.27408,-0.419208,-1.04578,2.03215,-0.730424,-0.258782,2.23369
81,2.32134,-0.531424,-1.14313,2.0283,0.272938,-0.232915,2.34369
82,2.3681,-0.685549,-1.26106,2.01016,0.262627,-0.207603,2.49369
83,2.39309,-0.803019,-1.33566,2.009,0.393146,-0.174578,2.60369
84,2.4098,-0.92188,-1.40631,1.99293,-0.349594,-0.156915,2.72369
85,2.41994,-1.04135,-1.46426,2.00721,0.643197,-0.141067,2.83369
86,2.42446,-1.16165,-1.51531,2.0058,-0.394138,-0.114974,2.95369
87,2.4227,-1.32283,-1.57193,2.01462,-0.434224,-0.0951019,3.10369
88,2.41457,-1.48435,-1.61465,2.01627,-0.508506,-0.0800226,3.23369
89,2.40063,-1.64537,-1.65266,2.01548,-0.495391,-0.0840008,3.37369
90,2.3862,-1.76576,-1.68104,2.02606,0.493515,-0.0966743,3.48369
91,2.36822,-1.88567,-1.711,2.01572,-0.505053,-0.0865674,3.59369
92,2.34602,-2.00484,-1.74466,2.02533,0.491191,-0.0941832,3.71369
93,2.32041,-2.12331,-1.77393,2.01493,-0.505235,-0.0851534,3.82369
94,2.29153,-2.241,-1.80235,2.02448,0.490957,-0.0914437,3.94369
95,2.25934,-2.35779,-1.83074,2.01409,-0.507014,-0.0820479,4.05369
96,2.22385,-2.4736,-1.85911,2.0232,0.443173,-0.0875092,4.16369
97,2.18513,-2.58826,-1.8875,2.01096,-0.551861,-0.076216,4.28369
98,2.14321,-2.70166,-1.91583,2.01905,0.477327,-0.0818367,4.38369
99,2.09793,-2.81423,-1.94416,2.01716,-0.541664,-0.0832469,4.49369
100,2.04952,-2.92539,-1.97257,2.02416,0.446609,-0.0813715,4.61369
101,1.99806,-3.03494,-2.00099,2.01041,-0.454533,-0.0959554,4.73369
102,1.94301,-3.14257,-2.03349,2.02101,-0.65564,-0.109287,4.86369
103,1.88435,-3.24787,-2.0682,2.00697,-0.22067,-0.113142,5.00369
104,1.811,-3.3676,-2.11153,2.02179,-0.298794,-0.0897949,5.15369
105,1.73207,-3.48492,-2.15303,2.02003,0.0944582,-0.0920488,5.28369
106,1.66129,-3.58227,-2.1884,2.00612,0.844119,-0.0774549,5.38369
107,1.58756,-3.67782,-2.21756,2.01689,0.426219,-0.0709311,5.49369
108,1.51132,-3.77124,-2.24596,2.00268,-0.334831,-0.0581423,5.60369
109,1.43253,-3.86245,-2.27389,2.01809,0.513435,-0.0475977,5.71369
110,1.35192,-3.95264,-2.29281,2.01184,-0.477187,-0.0290635,5.83369
111,1.2704,-4.0421,-2.30498,2.02302,0.535737,-0.0110871,5.95369
112,1.18838,-4.13126,-2.31158,2.01505,-0.464064,0.0111131,6.06369
113,1.10588,-4.22012,-2.31702,2.0273,0.497817,0.0182305,6.18369
114,1.0238,-4.30956,-2.31331,2.01848,0.0354023,0.0383802,6.30369
115,0.942203,-4.39996,-2.30625,2.04254,0.468364,0.0402435,6.42369
116,0.861877,-4.49233,-2.29032,2.03523,-0.631155,0.0621832,6.53369
117,0.783373,-4.58599,-2.27318,2.03804,0.664146,0.0736862,6.65369
118,0.706521,-4.68145,-2.25332,2.04384,-0.337888,0.0916436,6.78369
119,0.632245,-4.77975,-2.22536,2.06079,0.0219411,0.0966233,6.92369
120,0.561131,-4.88009,-2.1949,2.03444,-0.124107,0.112056,7.06369
121,0.494704,-4.98267,-2.15591,2.04182,0.346308,0.121669,7.18369
122,0.432676,-5.0877,-2.11587,2.02804,-0.372921,0.133644,7.31369
123,0.375089,-5.19547,-2.07322,2.04547,0.531024,0.144313,7.43369
124,0.323199,-5.3065,-2.0224,2.03902,-0.472874,0.154587,7.55369
125,0.277124,-5.4202,-1.97083,2.05071,0.516378,0.167049,7.67369
126,0.237452,-5.53636,-1.91461,2.0418,-0.480076,0.179221,7.79369
127,0.205476,-5.65489,-1.85184,2.04748,0.244906,0.192122,7.92369
128,0.181292,-5.77454,-1.78823,2.02217,0.281873,0.214853,8.04369
129,0.166193,-5.89517,-1.716,2.01832,0.912455,0.237673,8.16369
130,0.160767,-6.01691,-1.63789,2.04012,0.484299,0.241852,8.28369
131,0.170161,-6.17957,-1.52387,2.04148,0.42785,0.269803,8.43369
132,0.185871,-6.28033,-1.44931,2.0427,0.819624,0.305198,8.55369
133,0.227539,-6.43852,-1.32496,2.05209,0.732985,0.313165,8.71369
134,0.257094,-6.51491,-1.24992,2.05207,-0.347327,0.313091,8.82369
135,0.323791,-6.64236,-1.11294,2.06842,0.365037,0.279723,8.96369
136,0.393448,-6.74453,-1.00375,2.05369,-0.929802,0.246786,9.09369
137,0.471815,-6.83897,-0.906738,2.03796,0.943238,0.174554,9.21369
138,0.558245,-6.92772,-0.825182,2.08144,-0.0593791,0.153275,9.33369
139,0.699409,-7.05446,-0.736201,2.11833,-0.909405,0.0843824,9.49369
140,0.781991,-7.12088,-0.69442,2.11305,-0.183688,0.0209732,9.63369
141,0.9162,-7.22156,-0.649172,2.07844,0.204884,-0.0568398,9.78369
142,0.983002,-7.27108,-0.643959,2.0818,0.126534,-0.101343,9.89369
143,1.08173,-7.34762,-0.659377,2.08404,0.0476492,-0.158886,10.0137
144,1.17717,-7.42878,-0.698456,2.09272,0.214366,-0.214966,10.1437
145,1.26724,-7.51664,-0.761036,2.10299,-0.86169,-0.253914,10.2637
146,1.34913,-7.61219,-0.844979,2.09233,0.501635,-0.281871,10.3737
147,1.42117,-7.71505,-0.938711,2.10637,0.432184,-0.302354,10.4937
148,1.48165,-7.82574,-1.04645,2.114,-0.604556,-0.32651,10.6137
149,1.52925,-7.94334,-1.16127,2.11731,0.370039,-0.315649,10.7337
150,1.56208,-8.06546,-1.2813,2.10033,-0.653345,-0.350354,10.8637
151,1.58,-8.19011,-1.40146,2.09969,0.282439,-0.358642,10.9837
152,1.5794,-8.36046,-1.56766,2.12577,-0.284869,-0.394608,11.1337
153,1.55848,-8.4861,-1.70767,2.1302,0.440683,-0.395788,11.2737
154,1.53426,-8.56749,-1.80533,2.1276,0.334751,-0.40768,11.3737
155,1.50205,-8.64588,-1.90441,2.12141,0.450342,-0.413846,11.4737
156,1.4394,-8.75609,-2.05572,2.10828,-0.777125,-0.41,11.6037
157,1.36102,-8.85508,-2.20672,2.10266,0.282922,-0.392871,11.7337
158,1.26928,-8.94105,-2.35443,2.08979,-0.612926,-0.346814,11.8737
159,1.16656,-9.01278,-2.49663,2.08289,0.147157,-0.316412,12.0137
160,1.09397,-9.0531,-2.58108,2.07622,0.241005,-0.289231,12.1437
161,1.01881,-9.08764,-2.66,2.06894,0.20614,-0.263291,12.2537
162,0.902417,-9.1285,-2.77286,2.04578,-0.626616,-0.243968,12.3837
163,0.783406,-9.15808,-2.86852,2.04337,0.152364,-0.192401,12.4937
164,0.682996,-9.1756,-2.93629,2.03715,-0.469806,-0.15804,12.6037
165,0.581813,-9.18766,-2.99436,2.03376,-0.360651,-0.125913,12.7237
166,0.459787,-9.19643,-3.05022,2.03598,0.239572,-0.10573,12.8537
167,0.338133,-9.2008,-3.09171,2.03687,0.271234,-0.0671141,12.9837
168,0.215335,-9.20126,-3.12561,2.05454,0.250884,-0.0479942,13.1137
169,0.0916428,-9.19908,3.13308,2.06997,0.478183,-0.0105943,13.2337
170,-0.0332599,-9.19586,3.12135,2.0965,0.202916,0.0165206,13.3637
171,-0.159564,-9.19336,3.12332,2.1131,0.418103,0.0182286,13.4837
172,-0.286347,-9.19188,3.12902,2.10583,-0.279054,0.014297,13.6137
173,-0.412874,-9.19119,3.13492,2.1113,-0.0491164,0.00496418,13.7437
174,-0.53901,-9.19126,3.14084,2.09633,-0.112625,-0.0187355,13.8637
175,-0.66422,-9.19096,3.13847,2.07145,-0.104414,-0.0452925,13.9837
176,-0.788659,-9.18943,3.13002,2.0751,0.14313,-0.0725647,14.1137
177,-0.913045,-9.18492,3.10875,2.07292,-0.42705,-0.106154,14.2337
178,-1.03751,-9.17612,3.07742,2.08952,0.179627,-0.144318,14.3537
179,-1.16188,-9.16139,3.0328,2.08855,0.126883,-0.195373,14.4737
180,-1.28566,-9.13879,2.97309,2.1072,0.399082,-0.245663,14.5837
181,-1.40818,-9.10592,2.8956,2.12314,0.265355,-0.295609,14.6937
182,-1.52777,-9.06067,2.79919,2.13993,0.135723,-0.327061,14.8137
183,-1.64212,-9.00169,2.68671,2.14933,-0.0750955,-0.334637,14.9337
184,-1.74809,-8.92873,2.56165,2.12919,-0.36512,-0.303531,15.0637
185,-1.84294,-8.84519,2.44354,2.09031,-0.397501,-0.305234,15.1737
186,-1.92672,-8.75245,2.33126,2.078,-0.15025,-0.29537,15.2837
187,-1.9991,-8.65141,2.22021,2.06716,-0.177229,-0.275359,15.3937
188,-2.05971,-8.54364,2.11248,2.05622,-0.154886,-0.250471,15.5037
189,-2.10945,-8.43108,2.01492,2.04739,-0.104378,-0.224257,15.6137
190,-2.14925,-8.31514,1.92728,2.04005,0.531585,-0.192846,15.7237
191,-2.17972,-8.19648,1.84733,2.04039,-0.473631,-0.168983,15.8337
192,-2.20877,-8.03543,1.75961,2.04104,-0.54063,-0.146081,15.9837
193,-2.2232,-7.91394,1.70561,2.01479,0.752006,-0.111766,16.0937
194,-2.23188,-7.79319,1.65869,2.02003,0.747932,-0.0923818,16.2037
195,-2.23608,-7.67191,1.61885,2.02497,0.215513,-0.0727054,16.3137
196,-2.23648,-7.51066,1.57895,2.01959,-0.711433,-0.0624353,16.4537
197,-2.23308,-7.38993,1.55201,2.01033,0.267796,-0.0515305,16.5637
198,-2.22745,-7.26998,1.53096,2.00549,0.525622,-0.0439566,16.6637
199,-2.21974,-7.14972,1.51328,2.00608,-0.453255,-0.0236626,16.7837
200,-2.21083,-7.02933,1.50234,2.01754,0.501133,-0.0144902,16.9037
201,-2.20158,-6.90889,1.49642,2.00905,-0.473362,-0.00565256,17.0437
202,-2.19169,-6.78844,1.49075,2.0192,0.48144,-0.00677763,17.1837
203,-2.18472,-6.70817,1.48697,2.01924,0.477548,-0.00523324,17.2937
204,-2.17759,-6.62791,1.48468,2.01911,0.475199,0.000494995,17.3937
205,-2.16722,-6.50751,1.48561,2.00902,-0.493548,0.000596481,17.5237
0,-2.15718,-6.38712,1.48752,2.01822,0.482389,0.00269413,17.6537
1,-2.14737,-6.26672,1.48934,2.00838,-0.484481,0.000440393,17.7637
2,-2.1378,-6.14631,1.49128,2.01806,0.486306,0.00279296,17.8737
3,-2.12845,-6.02587,1.49311,2.00846,-0.482369,0.000397768,17.9837
4,-2.11933,-5.90542,1.49506,2.01824,0.491767,0.002635,18.1037
5,-2.11043,-5.78495,1.49688,2.00832,-0.503089,0.00128074,18.2237
6,-2.10177,-5.66446,1.49883,2.0183,0.507066,0.00266489,18.3537
7,-2.09333,-5.54396,1.50065,2.00832,-0.484834,0.00150606,18.4737
8,-2.08512,-5.42342,1.5026,2.01861,0.505837,0.00285452,18.6037
9,-2.07713,-5.30288,1.50443,2.0082,-0.502091,0.000222147,18.7237
10,-2.06938,-5.18234,1.50638,2.01813,0.501804,0.00283867,18.8537
11,-2.06185,-5.06179,1.5082,2.00806,-0.507975,0.00121034,18.9637
12,-2.05676,-4.98144,1.50723,2.0078,0.484253,-0.00206827,19.0637
13,-2.04662,-4.82062,1.50726,2.01665,-0.528208,-0.00195191,19.2137
14,-2.04122,-4.74031,1.50536,2.00562,0.437788,0.0012272,19.3137
15,-2.03002,-4.57943,1.5017,2.01178,-0.569963,0.00125467,19.4637
16,-2.02136,-4.45886,1.49977,2.01716,0.40118,0.00178886,19.6037
17,-2.01307,-4.33859,1.50144,2.00122,-0.630148,0.00153515,19.7237
18,-2.00251,-4.17886,1.50461,1.99053,-0.188637,0.00233193,19.8737
19,-1.99446,-4.05929,1.5035,2.00995,0.531213,0.000902746,19.9837
20,-1.98394,-3.89873,1.50624,2.0182,0.539432,0.00307578,20.1337
21,-1.97415,-3.738,1.50873,2.00871,0.282381,-0.00216261,20.2937
22,-1.96744,-3.63806,1.50496,2.00222,-0.725276,-0.000862715,20.3937
23,-1.95569,-3.47977,1.49752,1.97464,0.429353,-0.00252978,20.5237
24,-1.94772,-3.38091,1.49282,1.99376,-0.627702,-0.00189709,20.6237
25,-1.94098,-3.30133,1.48909,1.98929,0.77447,-0.00371054,20.7237
26,-1.92661,-3.1423,1.48162,2.00351,-0.215472,0.00284624,20.8837
27,-1.913,-3.00224,1.47543,2.01068,0.332545,-0.0177906,21.0237
28,-1.89919,-2.86276,1.47209,1.9908,-0.233461,0.0333329,21.1737
29,-1.8835,-2.70364,1.47536,2.00323,-0.231967,0.0348733,21.3237
30,-1.87444,-2.58336,1.49146,1.99385,0.704694,0.0432245,21.4537
31,-1.8676,-2.46356,1.5083,2.00293,-0.414903,0.0192813,21.5837
32,-1.86274,-2.34302,1.5249,2.01812,0.460423,0.0124546,21.7037
33,-1.85856,-2.22226,1.53251,2.00821,-0.539747,-0.0149189,21.8237
34,-1.85418,-2.10161,1.53335,2.01585,0.495493,-0.0177066,21.9437
35,-1.84901,-1.98108,1.52861,2.00561,-0.492284,-0.0414171,22.0637
36,-1.84256,-1.86061,1.51942,2.01601,0.507815,-0.0423012,22.1837
37,-1.83558,-1.76027,1.50667,2.0114,-0.497342,-0.0551741,22.2837
38,-1.82709,-1.66008,1.49273,2.00661,-0.499804,-0.0661245,22.3837
39,-1.81446,-1.54005,1.47124,2.01664,0.497394,-0.087149,22.5037
40,-1.79812,-1.42047,1.44336,2.00647,-0.506361,-0.0955678,22.6237
41,-1.77834,-1.30143,1.41513,2.01613,0.492577,-0.107824,22.7437
42,-1.75444,-1.18318,1.38078,2.00565,-0.51003,-0.125697,22.8637
43,-1.72557,-1.06607,1.34148,2.01507,0.490399,-0.156715,22.9737
44,-1.69101,-0.950556,1.29387,2.00448,-0.505398,-0.141134,23.1037
45,-1.63557,-0.799717,1.22623,2.00397,-0.509031,-0.15809,23.2537
46,-1.56987,-0.652725,1.15847,2.0132,-0.510982,-0.187512,23.4137
47,-1.53307,-0.581116,1.12181,2.01281,0.489016,-0.207066,23.5237
48,-1.48269,-0.494046,1.07047,2.00727,0.465649,-0.228423,23.6237
49,-1.39121,-0.361674,0.973488,2.01284,-0.164246,-0.235819,23.7737
50,-1.32599,-0.28434,0.903641,2.03465,-0.402329,-0.233131,23.8837
51,-1.23994,-0.196719,0.821146,2.0549,-0.420609,-0.229329,23.9937
52,-1.11605,-0.0911101,0.714102,2.02209,0.328081,-0.219796,24.1437
53,-1.03355,-0.0332438,0.644457,2.0157,-0.674092,-0.171305,24.2537
54,-0.877783,0.0579875,0.537185,1.99511,0.381141,-0.15074,24.4137
55,-0.788477,0.102072,0.485159,1.99356,-0.613238,-0.111447,24.5137
56,-0.624608,0.171802,0.410703,1.97796,0.377958,-0.118897,24.6537
57,-0.550341,0.199994,0.384457,1.99383,0.0884071,-0.0920732,24.7537
58,-0.435932,0.23936,0.345403,2.03206,-0.891473,-0.10976,24.8837
59,-0.338158,0.269587,0.315192,2.05363,-0.202785,-0.121282,24.9837
60,-0.182032,0.311313,0.265558,1.98798,0.626094,-0.110365,25.1337
61,-0.0261847,0.34407,0.213511,2.0027,0.667231,-0.111321,25.2937
62,0.112286,0.366102,0.167778,2.00944,0.665383,-0.0914339,25.4437
63,0.192198,0.375886,0.141495,2.01608,0.66231,-0.0948984,0.0455401
64,0.37397,0.391451,0.0885558,2.01293,-0.0329018,-0.0942442,0.21554
65,0.514808,0.396583,0.0454964,2.0114,-0.413721,-0.0908647,0.34554
66,0.635943,0.396524,0.0107732,2.02659,0.469845,-0.0999764,0.45554
67,0.757224,0.39247,-0.0227264,2.01702,-0.53539,-0.089778,0.57554
68,0.878194,0.384194,-0.0574506,2.02491,0.463144,-0.112965,0.69554
69,0.99866,0.371649,-0.0933974,2.01263,-0.538358,-0.112833,0.82554
70,1.11837,0.354143,-0.132915,2.02039,0.463689,-0.140458,0.95554
71,1.23712,0.331746,-0.174148,2.00815,-0.53673,-0.152359,1.06554
72,1.3544,0.303177,-0.22394,2.01601,0.487497,-0.183899,1.17554
73,1.46974,0.267832,-0.280847,2.00748,-0.399017,-0.196403,1.28554
74,1.58275,0.22484,-0.344201,2.02359,0.597652,-0.221361,1.39554
75,1.69253,0.173332,-0.416692,2.01951,-0.408774,-0.233997,1.50554
76,1.79831,0.113358,-0.493196,2.03503,0.592935,-0.256565,1.61554
77,1.89863,0.0440629,-0.579509,2.03057,-0.488234,-0.254095,1.72554
78,2.02177,-0.0624009,-0.701207,2.03151,-0.484675,-0.26587,1.86554
79,2.1302,-0.183875,-0.829976,2.03161,-0.507945,-0.263149,1.99554
80,2.2219,-0.318346,-0.959657,2.02966,-0.539576,-0.262814,2.13554
81,2.3108,-0.500923,-1.12008,2.03646,0.474983,-0.238486,2.30554
82,2.35069,-0.616007,-1.20991,2.02484,-0.646172,-0.212677,2.43554
83,2.38122,-0.733618,-1.29022,2.02619,0.358164,-0.200796,2.54554
84,2.40321,-0.852587,-1.36454,2.00759,-0.640695,-0.174702,2.65554
85,2.4174,-0.972237,-1.43022,2.0093,0.377954,-0.145495,2.77554
86,2.4246,-1.09204,-1.48976,1.99223,-0.426906,-0.129213,2.89554
87,2.42639,-1.21181,-1.53796,2.0033,0.570863,-0.10123,3.00554
88,2.42151,-1.37182,-1.59271,2.00895,0.566212,-0.0996417,3.13554
89,2.41338,-1.4919,-1.62646,2.00348,-0.368997,-0.0860098,3.24554
90,2.39672,-1.65202,-1.66804,2.01203,-0.383585,-0.0794248,3.37554
91,2.38042,-1.77215,-1.6964,2.02911,-0.229522,-0.0927785,3.48554
92,2.36076,-1.89175,-1.72487,2.0167,0.450414,-0.0908949,3.60554
93,2.32035,-2.09015,-1.77194,2.04879,-1.02052,-0.0785804,3.76554
94,2.30144,-2.16967,-1.79113,2.02802,-1.02068,-0.0876153,3.87554
95,2.27061,-2.28672,-1.81987,2.00688,-0.399714,-0.0879986,3.98554
96,2.23606,-2.40244,-1.85141,2.02031,0.576823,-0.0879176,4.10554
97,2.19812,-2.51739,-1.88015,2.01468,-0.456289,-0.0700836,4.21554
98,2.1569,-2.63145,-1.90852,2.02766,-0.886419,-0.0839344,4.32554
99,2.11269,-2.74374,-1.93703,2.00294,-0.0227008,-0.0806648,4.43554
100,2.06533,-2.85467,-1.9652,2.01301,0.602285,-0.0776282,4.54554
101,2.01481,-2.96429,-1.99346,2.01028,-0.419125,-0.0887085,4.66554
102,1.96117,-3.07257,-2.02181,2.00183,0.274254,-0.0985305,4.78554
103,1.90419,-3.17876,-2.05364,2.00028,0.0173937,-0.0967527,4.91554
104,1.84349,-3.28271,-2.08831,2.01516,0.454005,-0.102625,5.05554
105,1.77879,-3.3844,-2.12493,2.0024,-0.549203,-0.0892222,5.17554
106,1.71081,-3.48371,-2.15958,2.00949,0.449912,-0.0932596,5.28554
107,1.64011,-3.58089,-2.18923,1.99666,-0.534164,-0.0717358,5.39554
108,1.56688,-3.67599,-2.21745,2.00442,0.470256,-0.0732532,5.50554
109,1.49109,-3.76892,-2.2456,1.99297,0.0461552,-0.0554157,5.61554
110,1.41264,-3.85998,-2.27215,2.01401,0.512398,-0.0427792,5.72554
111,1.33256,-3.95011,-2.29024,2.00565,-0.4081,-0.016879,5.83554
112,1.25149,-4.03963,-2.3012,2.02072,0.603986,-0.00882857,5.95554
113,1.15631,-4.14408,-2.30799,2.02076,0.410097,0.00922532,6.09554
114,1.06104,-4.24838,-2.30959,2.01085,0.524317,0.0345919,6.23554
115,0.979829,-4.33857,-2.30452,2.02168,0.347101,0.0494053,6.35554
116,0.899549,-4.43025,-2.29279,2.03648,-0.494976,0.0527835,6.46554
117,0.820657,-4.52374,-2.2762,2.04224,0.423782,0.0633775,6.58554
118,0.743517,-4.6185,-2.25906,2.03656,-0.20956,0.0853797,6.70554
119,0.668414,-4.71584,-2.23393,2.05696,0.426271,0.0996148,6.84554
120,0.596317,-4.81546,-2.20497,2.04203,-0.641586,0.100914,6.97554
121,0.527908,-4.91716,-2.17254,2.04359,0.370796,0.121435,7.10554
122,0.463754,-5.02106,-2.13422,2.02977,-0.42858,0.125828,7.23554
123,0.384461,-5.16476,-2.0796,2.06524,0.134368,0.14459,7.40554
124,0.331226,-5.27645,-2.0286,2.0488,-0.912826,0.151043,7.52554
125,0.284465,-5.38968,-1.9765,2.03475,0.015511,0.163707,7.64554
126,0.243795,-5.50503,-1.92477,2.0434,0.539425,0.17865,7.76554
127,0.210358,-5.62303,-1.86378,2.04162,-0.768426,0.184767,7.88554
128,0.184657,-5.7426,-1.80059,2.0355,0.238289,0.201398,8.01554
129,0.166861,-5.86289,-1.73629,2.03637,0.552151,0.241409,8.12554
130,0.15846,-5.98454,-1.66062,2.02968,-0.451909,0.254048,8.25554
131,0.160883,-6.10665,-1.57576,2.04262,0.546291,0.256726,8.37554
132,0.182299,-6.26809,-1.44937,2.02951,0.352571,0.295991,8.52554
133,0.20646,-6.36717,-1.36894,2.05483,-0.43422,0.310433,8.65554
134,0.239055,-6.46474,-1.28516,2.06601,-0.556413,0.312719,8.77554
135,0.289393,-6.5776,-1.17896,2.04128,-0.360913,0.297568,8.90554
136,0.351026,-6.68234,-1.0697,2.01864,0.0884429,0.2619,9.02554
137,0.423254,-6.78043,-0.967961,2.03874,0.312749,0.213695,9.14554
138,0.503838,-6.87205,-0.878902,2.05553,0.987269,0.166063,9.26554
139,0.592147,-6.95927,-0.803935,2.07944,-0.217259,0.120815,9.38554
140,0.685829,-7.04263,-0.746231,2.09695,-0.01191,0.074557,9.50554
141,0.78242,-7.12296,-0.706275,2.09024,-0.112556,0.0271357,9.63554
142,0.880096,-7.20143,-0.684562,2.08595,-0.0533769,-0.021352,9.76554
143,0.977557,-7.27978,-0.680975,2.08313,-1.01828,-0.0516275,9.88554
144,1.05744,-7.34588,-0.689905,2.05224,0.335172,-0.120094,9.99554
145,1.16415,-7.43874,-0.714372,2.03548,0.700533,-0.191734,10.1255
146,1.25272,-7.52499,-0.761992,2.0802,-0.519109,-0.242377,10.2555
147,1.3351,-7.61905,-0.835703,2.08864,0.568885,-0.280169,10.3755
148,1.40767,-7.72098,-0.930576,2.08271,0.827591,-0.302583,10.4955
149,1.46942,-7.83066,-1.03311,2.1058,-0.186084,-0.295142,10.6155
150,1.53944,-8.00895,-1.19927,2.14904,0.326672,-0.33425,10.7655
151,1.5685,-8.13403,-1.31954,2.13896,-0.700894,-0.345981,10.9255
152,1.58194,-8.28286,-1.46618,2.1393,0.256985,-0.374784,11.0655
153,1.57571,-8.41027,-1.59493,2.11698,-0.242839,-0.423726,11.1955
154,1.55076,-8.535,-1.73923,2.13277,0.408496,-0.439564,11.3255
155,1.52329,-8.61567,-1.84116,2.13634,0.38407,-0.451407,11.4255
156,1.48778,-8.69305,-1.94357,2.13218,0.450007,-0.433957,11.5255
157,1.42022,-8.80108,-2.0973,2.11842,-0.653864,-0.423249,11.6555
158,1.3371,-8.89713,-2.2512,2.11756,0.141532,-0.381678,11.7855
159,1.24132,-8.97912,-2.40053,2.08864,-0.77642,-0.372038,11.9255
160,1.13585,-9.04618,-2.54169,2.08164,0.23416,-0.303956,12.0755
161,1.06161,-9.08292,-2.62737,2.07094,0.242889,-0.279296,12.2055
162,0.946278,-9.12717,-2.74238,2.0491,-0.626166,-0.261673,12.3355
163,0.827823,-9.15975,-2.84312,2.04709,0.238904,-0.205918,12.4555
164,0.707461,-9.18182,-2.93222,2.0385,-0.584344,-0.166488,12.5755
165,0.585996,-9.19552,-3.00537,2.03955,0.446274,-0.13043,12.7155
166,0.46401,-9.20305,-3.06098,2.03485,0.119798,-0.0968873,12.8555
167,0.341611,-9.20541,-3.10658,2.04475,0.143703,-0.0569279,12.9855
168,0.218672,-9.20434,-3.13863,2.05402,0.275083,-0.0440696,13.1055
169,0.0950306,-9.20142,3.12508,2.06992,0.478514,-0.0229941,13.2355
170,-0.029846,-9.19706,3.11214,2.09689,0.191659,0.0182959,13.3555
171,-0.15614,-9.19255,3.10857,2.11446,0.488391,0.0291607,13.4855
172,-0.283,-9.18906,3.11365,2.11151,-0.520537,0.0286398,13.6155
173,-0.409873,-9.18641,3.11953,2.11505,-0.0364385,0.0200747,13.7355
174,-0.536167,-9.18454,3.12546,2.09818,-0.178072,-0.00143559,13.8655
175,-0.66152,-9.18341,3.13107,2.08111,-0.319621,-0.0331141,13.9855
176,-0.786148,-9.18149,3.12578,2.07683,0.14116,-0.063519,14.1055
177,-0.910589,-9.17712,3.10966,2.07251,-0.477596,-0.1006,14.2355
178,-1.05588,-9.16773,3.07864,2.09268,-0.479384,-0.15705,14.3755
179,-1.20138,-9.15053,3.02902,2.09824,0.611741,-0.213637,14.5055
180,-1.32538,-9.12699,2.96621,2.1117,0.170609,-0.273276,14.6255
181,-1.44789,-9.09223,2.8822,2.13288,0.291379,-0.32175,14.7355
182,-1.5668,-9.04381,2.77513,2.14884,0.0693811,-0.332929,14.8555
183,-1.67915,-8.98052,2.65171,2.14997,-0.931802,-0.319938,14.9755
184,-1.78192,-8.90399,2.52483,2.1131,-0.451364,-0.305224,15.0955
185,-1.87328,-8.81747,2.40824,2.08568,-0.294777,-0.310351,15.2155
186,-1.97775,-8.68836,2.25943,2.07017,-0.250878,-0.286079,15.3555
187,-2.0615,-8.54627,2.11469,2.05378,-0.205381,-0.257602,15.4955
188,-2.11136,-8.43378,2.01568,2.04874,-0.0891611,-0.225951,15.6055
189,-2.15086,-8.31772,1.92582,2.03993,0.479728,-0.193006,15.7155
190,-2.18111,-8.19905,1.84574,2.03735,-0.544849,-0.173593,15.8255
191,-2.20384,-8.07872,1.77896,2.04494,0.425923,-0.139037,15.9455
192,-2.21995,-7.95753,1.72179,2.03037,-0.622657,-0.127656,16.0555
193,-2.23063,-7.83609,1.67459,2.03335,0.395397,-0.100975,16.1655
194,-2.23676,-7.71477,1.63418,2.01656,-0.580287,-0.0953242,16.2755
195,-2.23839,-7.59362,1.59711,2.02259,0.469197,-0.0641657,16.3855
196,-2.23686,-7.47266,1.56803,2.00985,-0.516901,-0.0598859,16.4855
197,-2.23252,-7.35187,1.54422,2.01928,0.493532,-0.0383341,16.5955
198,-2.22646,-7.23114,1.52681,2.01028,-0.473223,-0.0429564,16.7055
199,-2.21529,-7.07019,1.50443,2.01247,-0.503276,-0.0184266,16.8555
200,-2.20544,-6.94953,1.4935,2.02267,0.44014,-0.0113521,16.9955
201,-2.19505,-6.82898,1.48728,2.01062,-0.509128,-0.000724299,17.1355
202,-2.18779,-6.74871,1.48348,2.00955,-0.497379,0.00033636,17.2355
203,-2.18024,-6.6685,1.4797,2.00898,-0.460676,0.000751591,17.3355
204,-2.17276,-6.58827,1.47885,2.01037,-0.474969,-0.000549468,17.4355
0,-2.16185,-6.46778,1.4804,2.022,0.512418,-0.00182102,17.5655
1,-2.15122,-6.34721,1.48229,2.01258,-0.498247,-0.00103137,17.6855
2,-2.14082,-6.22659,1.48416,2.02282,0.501173,-0.0015333,17.7955
3,-2.13047,-6.10597,1.4846,2.01281,-0.501781,-0.00103566,17.9155
4,-2.12007,-5.98535,1.48458,2.02278,0.498924,-0.00231153,18.0255
5,-2.10968,-5.86473,1.48462,2.01264,-0.505771,-0.001052,18.1455
6,-2.09928,-5.74413,1.48458,2.02208,0.447096,-0.00239979,18.2655
7,-2.0889,-5.62362,1.48462,2.00948,-0.514047,-0.00127461,18.3955
8,-2.07852,-5.50323,1.48458,2.01872,0.49372,-0.00246004,18.5155
9,-2.06797,-5.38288,1.48315,2.00835,-0.501396,-0.000124405,18.6455
10,-2.05714,-5.26256,1.48122,2.01806,0.508883,-0.00365485,18.7655
11,-2.04589,-5.14232,1.47876,2.00803,-0.508275,-0.000915729,18.8955
12,-2.03089,-4.982,1.47734,2.00726,-0.51943,-0.00151368,19.0455
13,-2.02345,-4.90187,1.47835,2.00655,0.463418,0.00207598,19.1455
14,-2.01041,-4.76291,1.4775,1.98917,-0.384825,0.00251944,19.2755
15,-1.99562,-4.60445,1.47749,1.99285,-0.395069,0.00188293,19.4355
16,-1.97898,-4.42546,1.47826,1.99723,-0.406473,0.0017181,19.5955
17,-1.97149,-4.34564,1.47722,2.00103,-0.341123,-0.00238988,19.6955
18,-1.95848,-4.20549,1.478,2.01564,-0.323654,-0.00046909,19.8355
19,-1.94348,-4.04475,1.47799,2.01995,-0.309094,0.00192159,19.9955
20,-1.92862,-3.88271,1.48042,2.02891,-0.86043,-0.000221602,20.1455
21,-1.91621,-3.74276,1.48213,1.9963,-0.250407,-0.00145229,20.2955
22,-1.90233,-3.58354,1.48287,2.0037,-0.247245,-0.000684869,20.4455
23,-1.88974,-3.44344,1.48251,2.00732,0.584021,-7.29524e-05,20.5855
24,-1.88059,-3.34372,1.4801,2.00864,-0.397692,0.000170476,20.6955
25,-1.864,-3.16416,1.47886,2.01227,0.612695,0.00111967,20.8455
26,-1.85651,-3.08413,1.47795,2.01655,0.264184,-0.000627443,20.9455
27,-1.84376,-2.94353,1.47971,2.00554,-0.749764,0.019156,21.0955
28,-1.82886,-2.78455,1.4789,1.98929,-0.380556,0.0502066,21.2455
29,-1.81779,-2.6254,1.50133,2.00174,-0.321847,0.0545308,21.4055
30,-1.81251,-2.48477,1.52765,2.01866,-0.322511,0.0327745,21.5555
31,-1.80987,-2.32298,1.55123,2.01627,-0.633258,0.0133006,21.7055
32,-1.80947,-2.20218,1.56223,2.01343,0.543618,-0.0120648,21.8455
33,-1.80928,-2.0816,1.56659,2.00596,-0.45831,-0.0349223,21.9655
34,-1.80843,-1.98103,1.56308,2.01311,0.545809,-0.0274718,22.0655
35,-1.80535,-1.83966,1.55056,2.02118,-0.455633,-0.0568946,22.2055
36,-1.80093,-1.71827,1.53738,2.0168,-0.439057,-0.0695927,22.3255
37,-1.79373,-1.59769,1.51599,2.01813,0.557121,-0.090794,22.4455
38,-1.78275,-1.4773,1.48812,2.01154,-0.445247,-0.093854,22.5655
39,-1.76801,-1.35712,1.45739,2.02487,0.569835,-0.114935,22.6855
40,-1.74878,-1.23736,1.42169,2.0187,-0.703342,-0.128472,22.8055
41,-1.7245,-1.11877,1.38055,2.01654,0.564706,-0.148029,22.9255
42,-1.69404,-1.00188,1.33076,2.0104,-0.43832,-0.149317,23.0455
43,-1.65747,-0.88653,1.2799,2.02264,0.481809,-0.163497,23.1555
44,-1.61504,-0.773198,1.22854,2.01166,-0.514606,-0.169214,23.2755
45,-1.54822,-0.626835,1.15098,2.0005,-0.513274,-0.186792,23.4255
46,-1.51074,-0.555755,1.11315,2.00999,-0.534881,-0.219426,23.5355
47,-1.47022,-0.486345,1.07218,2.00883,0.479094,-0.23698,23.6355
48,-1.3668,-0.338274,0.964083,2.00835,-0.172928,-0.252756,23.7855
49,-1.31465,-0.276575,0.90887,2.02142,0.244353,-0.230014,23.8955
50,-1.16844,-0.135038,0.766743,2.03085,-0.752783,-0.220867,24.0555
51,-1.10476,-0.0846256,0.709298,2.02073,-0.702438,-0.203084,24.1555
52,-0.954321,0.0157969,0.594723,2.00263,-0.361601,-0.181034,24.3155
53,-0.884,0.055097,0.545965,2.01815,-0.491883,-0.141393,24.4155
54,-0.719894,0.132587,0.44958,2.0107,0.517436,-0.123691,24.5755
55,-0.626872,0.170836,0.41116,2.01656,-0.484784,-0.0948303,24.6855
56,-0.475542,0.226262,0.358184,2.01732,0.456506,-0.112784,24.8255
57,-0.379636,0.257399,0.328173,2.02019,-0.542034,-0.117797,24.9355
58,-0.224403,0.300318,0.275541,2.01678,0.461102,-0.104753,25.0855
59,-0.0871046,0.33102,0.229395,2.00906,0.46712,-0.106726,25.2355
60,0.0315365,0.352238,0.189873,2.00703,-0.532629,-0.0884527,25.3555
61,0.190577,0.373422,0.13959,2.00441,-0.515631,-0.0970354,0.0473868
62,0.350433,0.38727,0.0917597,2.00328,-0.481802,-0.0943068,0.187387
63,0.470843,0.392553,0.0560169,2.01439,0.514732,-0.0967823,0.307387
64,0.591415,0.394425,0.0259656,2.00526,-0.489632,-0.0852206,0.417387
65,0.712023,0.392144,-0.00811941,2.01589,0.50943,-0.104142,0.527387
66,0.83252,0.385839,-0.0414351,2.00638,-0.495097,-0.0946375,0.647387
67,0.932713,0.377387,-0.0701326,2.01168,0.50693,-0.109714,0.757387
68,1.03254,0.366096,-0.0989612,2.00697,0.505186,-0.134845,0.867387
69,1.15133,0.347951,-0.139466,2.00294,-0.211478,-0.136696,0.987387
70,1.26982,0.323983,-0.185559,2.02057,0.320276,-0.16927,1.09739
71,1.38667,0.293667,-0.2384,2.01177,-0.0833702,-0.183288,1.20739
72,1.50231,0.256152,-0.296198,2.03023,-0.185344,-0.187488,1.31739
73,1.67254,0.184032,-0.398509,2.07347,-0.994988,-0.222276,1.46739
74,1.76418,0.135872,-0.458058,2.0618,-0.140318,-0.261776,1.57739
75,1.90185,0.0480159,-0.5622,2.03204,-0.508434,-0.28342,1.71739
76,1.99659,-0.0291013,-0.656888,2.04156,0.493451,-0.299233,1.82739
77,2.10929,-0.146535,-0.793289,2.04058,0.469917,-0.295492,1.96739
78,2.20525,-0.277834,-0.926901,2.03831,0.480529,-0.279801,2.09739
79,2.28247,-0.420799,-1.061,2.03682,0.484107,-0.243035,2.23739
80,2.32803,-0.5338,-1.15792,2.026,-0.55752,-0.21952,2.34739
81,2.36385,-0.65013,-1.24402,2.03146,0.37431,-0.20522,2.46739
82,2.39117,-0.768353,-1.31947,2.01393,-0.625929,-0.185305,2.57739
83,2.40973,-0.887804,-1.39312,2.01649,0.379401,-0.161918,2.68739
84,2.42078,-1.0079,-1.45731,2.00913,-0.619764,-0.138835,2.80739
85,2.42502,-1.12845,-1.51508,2.01213,0.386962,-0.111006,2.92739
86,2.42424,-1.24866,-1.56032,1.99537,-0.62122,-0.102599,3.03739
87,2.41651,-1.40818,-1.61159,1.99177,0.0569506,-0.0763945,3.16739
88,2.40285,-1.56782,-1.6502,2.01073,0.785124,-0.0867466,3.30739
89,2.38873,-1.68783,-1.67837,2.01727,0.179724,-0.0943036,3.41739
90,2.36476,-1.84659,-1.71611,2.0076,-0.385403,-0.0801391,3.55739
91,2.3428,-1.96533,-1.74429,2.02423,0.596628,-0.0907959,3.67739
92,2.3174,-2.08397,-1.77263,2.01992,-0.672115,-0.0864949,3.78739
93,2.28877,-2.20135,-1.80109,2.0121,-0.442477,-0.0890009,3.90739
94,2.25686,-2.3177,-1.82936,2.01603,0.539226,-0.0871644,4.01739
95,2.22163,-2.43321,-1.85763,2.00874,-0.447394,-0.0800413,4.13739
96,2.18312,-2.54776,-1.88591,2.02006,0.493942,-0.0837433,4.24739
97,2.14138,-2.66122,-1.91423,2.01015,-0.481488,-0.072823,4.35739
98,2.09644,-2.77345,-1.94254,2.02004,0.485801,-0.0800611,4.46739
99,2.04834,-2.88438,-1.97088,2.01046,-0.476038,-0.0817643,4.57739
100,1.9971,-2.99392,-1.99919,2.0207,0.537069,-0.0964909,4.69739
101,1.92369,-3.13743,-2.04005,2.01291,0.501501,-0.102734,4.84739
102,1.88471,-3.20788,-2.06113,2.01303,-0.48817,-0.0980904,4.95739
103,1.80222,-3.34577,-2.10564,2.01427,0.500178,-0.0886223,5.11739
104,1.73612,-3.44659,-2.13972,2.00438,-0.496363,-0.0834214,5.24739
105,1.66693,-3.54532,-2.17186,2.01449,0.501903,-0.0858683,5.35739
106,1.59445,-3.64167,-2.20448,2.00471,-0.493167,-0.0667645,5.45739
107,1.51939,-3.73605,-2.23302,2.01495,0.499351,-0.0657489,5.56739
108,1.44171,-3.8283,-2.2613,2.00508,-0.450795,-0.0446862,5.68739
109,1.36201,-3.91888,-2.2835,2.01726,0.564583,-0.0341323,5.79739
110,1.28089,-4.00845,-2.30072,2.01118,-0.423483,-0.00420273,5.91739
111,1.19891,-4.0976,-2.30975,2.02613,0.374119,0.00407344,6.03739
112,1.11673,-4.18678,-2.31284,2.01385,-0.491261,0.0286894,6.15739
113,1.03543,-4.27648,-2.30787,2.02274,0.578715,0.0291169,6.26739
114,0.954548,-4.3669,-2.30225,2.02905,-0.31589,0.0501099,6.38739
115,0.874363,-4.45923,-2.28857,2.04501,0.401248,0.0562972,6.49739
116,0.795952,-4.55307,-2.27153,2.03157,-0.229107,0.0696473,6.61739
117,0.719165,-4.64834,-2.25413,2.05153,0.515664,0.0910104,6.74739
118,0.644676,-4.74632,-2.22748,2.04809,-0.460056,0.0912178,6.88739
119,0.57343,-4.84677,-2.19568,2.05042,0.165196,0.10689,7.01739
120,0.506686,-4.9492,-2.15793,2.0349,-0.609818,0.114904,7.14739
121,0.444361,-5.0542,-2.11799,2.03664,0.516293,0.129866,7.27739
122,0.386441,-5.16147,-2.0777,2.02761,1.00199,0.141662,7.39739
123,0.333668,-5.27248,-2.02864,2.06809,0.152852,0.144755,7.50739
124,0.286006,-5.38665,-1.97997,2.04724,-0.704148,0.163878,7.63739
125,0.244847,-5.50215,-1.92687,2.04222,0.655091,0.179152,7.75739
126,0.211277,-5.62013,-1.86512,2.04478,-0.204161,0.184824,7.88739
127,0.185447,-5.73952,-1.80184,2.02816,-0.297785,0.207352,8.00739
128,0.167514,-5.86052,-1.73639,2.04942,0.608259,0.233592,8.12739
129,0.159341,-5.98312,-1.65811,2.04689,0.346543,0.246874,8.25739
130,0.162111,-6.10528,-1.57213,2.02762,-0.551983,0.242829,8.37739
131,0.17545,-6.22626,-1.48639,2.03214,-0.293254,0.279823,8.49739
132,0.195025,-6.32608,-1.41068,2.03024,0.0140565,0.303863,8.60739
133,0.229802,-6.4436,-1.31182,2.06158,-0.369088,0.308363,8.74739
134,0.287192,-6.57667,-1.18458,2.0765,-0.734823,0.28746,8.89739
135,0.349843,-6.68364,-1.07173,2.06221,0.245888,0.265639,9.02739
136,0.422204,-6.783,-0.969856,2.03688,-0.536037,0.236162,9.14739
137,0.503243,-6.87451,-0.874736,2.0411,0.525286,0.164388,9.26739
138,0.591166,-6.95994,-0.796876,2.07164,0.598177,0.113593,9.37739
139,0.685191,-7.04241,-0.739689,2.08964,-0.130246,0.0674642,9.50739
140,0.814867,-7.14811,-0.690995,2.0887,-0.149193,0.0130564,9.67739
141,0.913217,-7.22561,-0.674133,2.08471,0.00469868,-0.0434435,9.80739
142,1.01105,-7.30343,-0.675011,2.08286,0.0178596,-0.104362,9.92739
143,1.10691,-7.3837,-0.695244,2.08532,0.133331,-0.163163,10.0574
144,1.19896,-7.4687,-0.738298,2.09238,0.164216,-0.213919,10.1774
145,1.28511,-7.56038,-0.803268,2.10267,0.123218,-0.250743,10.2974
146,1.36258,-7.65905,-0.887104,2.1023,0.732838,-0.276339,10.4174
147,1.43057,-7.76537,-0.980944,2.10565,-0.335291,-0.300596,10.5374
148,1.50329,-7.91837,-1.12242,2.12932,-0.358731,-0.3107,10.6874
149,1.55279,-8.08252,-1.27289,2.16045,-1.40079,-0.356221,10.8474
150,1.56818,-8.16702,-1.34989,2.12492,0.565632,-0.352113,10.9574
151,1.57635,-8.29396,-1.48206,2.11881,-0.457677,-0.384279,11.0774
152,1.56662,-8.42102,-1.61869,2.13181,0.507191,-0.394847,11.2074
153,1.53866,-8.54552,-1.76189,2.12451,-0.397499,-0.420479,11.3474
154,1.50983,-8.62567,-1.86061,2.12717,-0.611792,-0.437706,11.4474
155,1.45158,-8.739,-2.01405,2.12686,0.355989,-0.413969,11.5874
156,1.37685,-8.84162,-2.16785,2.10833,-0.779411,-0.406053,11.7174
157,1.288,-8.93123,-2.31837,2.10228,0.300067,-0.374345,11.8474
158,1.18778,-9.00668,-2.46232,2.08195,-0.826582,-0.356898,11.9874
159,1.11586,-9.04862,-2.55643,2.0714,-0.765503,-0.323369,12.1074
160,1.04091,-9.08379,-2.6458,2.05992,-0.631473,-0.29137,12.2274
161,0.924835,-9.12566,-2.76308,2.0562,0.234727,-0.22641,12.3574
162,0.805988,-9.15602,-2.86164,2.03618,-0.242137,-0.193018,12.4774
163,0.685466,-9.17668,-2.94485,2.04064,0.582838,-0.15762,12.5974
164,0.604515,-9.186,-2.99216,2.04389,0.163309,-0.134458,12.6974
165,0.482538,-9.19515,-3.04787,2.03323,-0.680003,-0.0956786,12.8374
166,0.36091,-9.19923,-3.09202,2.0259,0.475895,-0.0724987,12.9674
167,0.217939,-9.2002,-3.12676,2.05619,0.216417,-0.0481623,13.1074
168,0.0940809,-9.19794,3.13217,2.07181,0.426482,-0.000572075,13.2274
169,-0.00983132,-9.19519,3.1217,2.08825,0.36497,0.0137862,13.3374
170,-0.135803,-9.19188,3.11811,2.10828,-0.187321,0.0230765,13.4674
171,-0.26256,-9.18961,3.12318,2.12092,0.376908,0.0209618,13.5874
172,-0.389421,-9.18817,3.12905,2.10636,-0.613542,0.0126344,13.7174
173,-0.515774,-9.1875,3.13498,2.10256,-0.183027,-0.00761106,13.8374
174,-0.641328,-9.18737,3.1387,2.08294,0.227,-0.0322461,13.9674
175,-0.765819,-9.18631,3.13354,2.07171,-0.596365,-0.0692113,14.0874
176,-0.890106,-9.1829,3.11669,2.07415,0.318119,-0.0996366,14.2074
177,-1.01417,-9.17558,3.08872,2.07289,0.091449,-0.143107,14.3274
178,-1.13816,-9.16257,3.04568,2.08466,0.42626,-0.18705,14.4474
179,-1.26201,-9.14224,2.99112,2.10063,0.222956,-0.239723,14.5674
180,-1.38509,-9.1124,2.91905,2.12154,0.344267,-0.291934,14.6774
181,-1.5057,-9.07029,2.82431,2.13849,0.229124,-0.322641,14.7874
182,-1.6213,-9.01389,2.70894,2.14974,-0.0861671,-0.335572,14.9174
183,-1.72877,-8.94317,2.58302,2.12864,-0.983362,-0.313058,15.0374
184,-1.82566,-8.86094,2.46172,2.10364,-0.144496,-0.304782,15.1574
185,-1.91122,-8.76941,2.34794,2.07963,-0.114482,-0.297178,15.2674
186,-2.00743,-8.63459,2.19969,2.06541,-0.159603,-0.267766,15.4074
187,-2.06617,-8.52592,2.09545,2.05428,-0.15724,-0.244577,15.5174
188,-2.11439,-8.4128,2.00149,2.04577,-0.127632,-0.219344,15.6274
189,-2.15279,-8.29647,1.91501,2.03911,0.632682,-0.188662,15.7374
190,-2.18254,-8.17763,1.84008,2.04219,-0.443041,-0.172675,15.8474
191,-2.20507,-8.05719,1.77538,2.01575,0.595482,-0.138216,15.9574
192,-2.22058,-7.93741,1.71853,2.01106,-0.443683,-0.128107,16.0674
193,-2.23062,-7.81676,1.6704,2.0245,0.54514,-0.0983529,16.1774
194,-2.2358,-7.69564,1.62813,2.01671,-0.504099,-0.0881809,16.2874
195,-2.23666,-7.57432,1.59102,2.02697,0.475603,-0.0573907,16.3974
196,-2.23453,-7.45307,1.56343,2.01526,-0.57199,-0.0633537,16.5074
197,-2.23005,-7.33205,1.54176,2.02191,0.459582,-0.0369615,16.6074
198,-2.22372,-7.21123,1.52442,2.01097,-0.503135,-0.0394492,16.7174
199,-2.21566,-7.09059,1.50987,2.01942,0.471204,-0.0199726,16.8374
200,-2.20661,-6.97008,1.50019,2.00899,-0.490251,-0.00981689,16.9674
201,-2.19712,-6.84964,1.49434,2.01829,0.480773,-0.00825198,17.1074
202,-2.19044,-6.76938,1.49056,2.01813,0.481757,-0.006415,17.2074
203,-2.18346,-6.68915,1.48678,2.01801,0.48275,-0.0050255,17.3174
204,-2.17633,-6.60895,1.4845,2.01793,0.484239,0.000656263,17.4174
