5.94041515,-2.40937227
5.94585919,-2.39803058
5.95552898,-2.39499968
5.96674490,-2.39500016
5.97796916,-2.39500063
5.98656320,-2.38984549
5.99235177,-2.37921262
5.99886179,-2.37000108
6.01009179,-2.37000036
6.02132678,-2.37000001
6.03200603,-2.36890763
6.03743696,-2.35761720
6.04286909,-2.34634191
6.05342007,-2.34500075
6.06466889,-2.34500075
6.07592249,-2.34499973
6.08718276,-2.34500033
6.09340334,-2.33527589
6.09923720,-2.32482094
6.10799360,-2.31999999
6.11926174,-2.31999969
6.12876844,-2.31661105
6.13419628,-2.30541121
6.14002800,-2.29499948
6.15130567,-2.29500115
6.16258836,-2.29499984
6.17387819,-2.29500014
6.18517470,-2.29500031
6.19467544,-2.29157984
6.20054460,-2.28126621
6.20641852,-2.27097863
6.21720911,-2.27000051
6.22534228,-2.26399690
6.23077607,-2.25290685
6.23789096,-2.24500042
6.24755550,-2.24189949
6.25343561,-2.23169350
6.25932121,-2.22150976
6.26983333,-2.21999997
6.28115917,-2.22000086
6.29249096,-2.21999979
6.30383253,-2.22000003
6.31517864,-2.21999943
6.32180691,-2.21121771
6.32725262,-2.20025665
6.33576870,-2.19499946
6.34712648,-2.19500023
6.35487771,-2.18832380
6.36078906,-2.17826093
6.36767149,-2.16999966
6.37904119,-2.17000097
6.39041638,-2.17000056
6.40179968,-2.16999960
6.41278505,-2.16926146
6.41499996,-2.15246987
6.41499996,-2.13166594
6.41998768,-2.12000007
6.43137002,-2.12000066
6.44275832,-2.11999935
6.45415664,-2.12000013
6.46556163,-2.12000037
6.47697186,-2.12000090
6.48839187,-2.12000018
6.49981975,-2.12000072
6.50926256,-2.11640847
6.51475453,-2.10569710
6.51500011,-2.08556563
6.52093553,-2.07569652
6.52919054,-2.06999993
6.54062224,-2.07000041
6.55206537,-2.06999982
6.55878663,-2.06155324
6.56428599,-2.05093694
6.57240343,-2.04500067
6.58385706,-2.04500061
6.59531784,-2.04500026
6.60678697,-2.04499996
6.61642956,-2.04175174
6.62239242,-2.03199333
6.62836028,-2.02225256
6.63856602,-2.02000028
6.64974308,-2.01945210
6.65525746,-2.00892854
6.66077470,-1.99842465
6.66902280,-1.99272764
6.67499923,-1.98305434
6.68097973,-1.97340184
6.69053150,-1.96999997
6.70203614,-1.97000068
6.71354747,-1.96999955
6.72506904,-1.97000044
6.73659659,-1.96999979
6.74615693,-1.96657186
6.75168372,-1.95614892
6.75721383,-1.94574946
6.76832056,-1.94499964
6.77659011,-1.93934000
6.78261066,-1.92980742
6.78863668,-1.92029959
6.79534793,-1.91198087
6.80088902,-1.90166271
6.80855727,-1.89499974
6.82011986,-1.89500088
6.83168602,-1.89500004
6.84326243,-1.89500034
6.85484528,-1.89499968
6.86643791,-1.89500106
6.87803578,-1.89499969
6.88415194,-1.88567543
6.88999987,-1.87590968
6.89190411,-1.85947424
6.89747452,-1.84927469
6.90654611,-1.84500105
6.91815519,-1.84500062
6.92977023,-1.84500039
6.94139576,-1.84499991
6.95302868,-1.84499944
6.96467137,-1.84500110
6.97632002,-1.84499967
6.98587608,-1.84148514
6.99000001,-1.82888949
6.98999977,-1.80943823
6.99384785,-1.79643804
7.00463676,-1.79500067
7.01629758,-1.79500013
7.02796793,-1.79499995
7.03964734,-1.79499989
7.05133701,-1.79500097
7.06303501,-1.79500013
7.07474685,-1.79500014
7.08646870,-1.79500037
7.09397339,-1.78806048
7.09954691,-1.77796120
7.10641813,-1.77000106
7.11815738,-1.77000015
7.12863827,-1.76792961
7.13482476,-1.75886250
7.14102363,-1.74982500
7.14981127,-1.74499941
7.16158295,-1.74500001
7.17336774,-1.74500018
7.18422294,-1.74348164
7.18977165,-1.73341143
7.19532133,-1.72336006
7.20503068,-1.71999914
7.21685052,-1.72000021
7.22868466,-1.72000021
7.23801684,-1.71599460
7.24433089,-1.70718693
7.25065947,-1.69841957
7.26036024,-1.69499994
7.27223563,-1.69500035
7.27938581,-1.68753833
7.28489924,-1.67752099
7.29199409,-1.67000002
7.30389666,-1.67000020
7.31581712,-1.67000103
7.32775330,-1.67000020
7.33746934,-1.66652847
7.33999967,-1.65193355
7.33999944,-1.63348949
7.34541702,-1.62345069
7.35511565,-1.61999959
7.36707735,-1.61999994
7.37905955,-1.62000037
7.39106131,-1.62000048
7.40298033,-1.61984164
7.40955567,-1.61157728
7.41500020,-1.60162568
7.41500044,-1.58353162
7.42028499,-1.57342482
7.43002701,-1.56999969
7.44208050,-1.56999999
7.45415759,-1.57000035
7.46430301,-1.56711191
7.47101283,-1.55914554
7.47774672,-1.55123499
7.48561478,-1.54500052
7.49646401,-1.54311639
7.50182319,-1.53323576
7.50718117,-1.52338635
7.51700163,-1.51999986
7.52629638,-1.51584425
7.53315901,-1.50820321
7.53999996,-1.50054628
7.53999996,-1.48321148
7.53999996,-1.46597859
7.54312920,-1.45323816
7.55007219,-1.44590027
7.56161952,-1.44500053
7.57384157,-1.44499972
7.58609701,-1.44499970
7.59838772,-1.44500050
7.61027693,-1.44440457
7.61499977,-1.43399703
7.61500048,-1.41722434
7.61500048,-1.40055752
7.62047744,-1.39136270
7.62768244,-1.38451478
7.63492632,-1.37773460
7.63999939,-1.36809355
7.64426827,-1.35743874
7.64930773,-1.34784788
7.65948057,-1.34500023
7.67186904,-1.34500033
7.68430090,-1.34500041
7.69677687,-1.34500044
7.70929837,-1.34500015
7.72186637,-1.34499944
7.73448348,-1.34500015
7.73968649,-1.33562469
7.74474859,-1.32611790
7.75250650,-1.32000047
7.76521444,-1.31999940
7.77797699,-1.32000023
7.79005575,-1.31909758
7.79514933,-1.30966207
7.80025006,-1.30027908
7.80873943,-1.29499981
7.82166648,-1.29500076
7.83465338,-1.29499996
7.84770584,-1.29500082
7.86082244,-1.29500053
7.87400627,-1.29500103
7.88621378,-1.29379427
7.88999987,-1.28286389
7.89000010,-1.26768050
7.89356255,-1.25664579
7.90173745,-1.25086385
7.90997672,-1.24514359
7.91997146,-1.24136111
7.92508626,-1.23216832
7.93021488,-1.22302920
7.94093108,-1.21999979
7.95449829,-1.21999973
7.96815062,-1.22000018
7.98188711,-1.22000018
7.99571705,-1.21999967
8.00964165,-1.22000056
8.01500011,-1.21098998
8.01500058,-1.19647744
8.01546931,-1.18256012
8.02429032,-1.17724750
8.03319335,-1.17199537
8.04319096,-1.16781979
8.04838109,-1.15881816
8.05359268,-1.14987156
8.06293344,-1.14499989
8.07732821,-1.14500096
8.09183502,-1.14499992
8.10646201,-1.14499966
8.12121487,-1.14500049
8.13538361,-1.14433578
8.14077901,-1.13538191
8.14620280,-1.12648038
8.15424203,-1.12000054
8.16943097,-1.12000078
8.18476129,-1.11999992
8.18999958,-1.11085394
8.18999958,-1.09709495
8.18999982,-1.08344257
8.19873143,-1.07749328
8.20887208,-1.07272449
8.22146559,-1.06999994
8.23738885,-1.07000008
8.25343252,-1.06995705
8.25904679,-1.06110412
8.26470447,-1.05230143
8.26677680,-1.04059053
8.27756596,-1.03598937
8.28850365,-1.03143510
8.28999973,-1.01933714
8.28999973,-1.00614118
8.29251909,-0.99500066
8.30945658,-0.99500009
8.32661318,-0.99500039
8.34399438,-0.99500009
8.36160946,-0.99499952
8.37153768,-0.98915520
8.37752843,-0.98037782
8.38358450,-0.97164867
8.39955330,-0.97000003
8.41217184,-0.96582899
8.42470193,-0.96149478
8.43744325,-0.95720350
8.43999982,-0.94584811
8.44000077,-0.93281958
8.44061518,-0.92028924
8.45965552,-0.92000076
8.47819639,-0.91918078
8.48461509,-0.91034832
8.49000025,-0.90084275
8.49346900,-0.89013553
8.50749898,-0.88602653
8.52180529,-0.88195855
8.53640151,-0.87792747
8.53999996,-0.86716968
8.54003000,-0.85432705
8.54673815,-0.84546295
8.56807136,-0.84500049
8.59065127,-0.84500023
8.61113953,-0.84356247
8.61500072,-0.83269017
8.61500024,-0.81973103
8.61500024,-0.80684364
8.63178467,-0.80293720
8.63999963,-0.79436804
8.64000035,-0.78151429
8.64674545,-0.77215908
8.66793227,-0.77000018
8.69400049,-0.77000013
8.71499967,-0.76722130
8.71500063,-0.75415638
8.71500016,-0.74116045
8.72156405,-0.73127094
8.74171734,-0.72754054
8.76245618,-0.72383957
8.76500035,-0.71187762
8.77303648,-0.70232089
8.78644561,-0.69500007
8.81500053,-0.69387888
8.81500006,-0.68066026
8.81499958,-0.66750234
8.82552433,-0.65857817
8.84976817,-0.65489703
8.86500025,-0.64747962
8.86500025,-0.63419191
8.86500120,-0.62096301
8.88613177,-0.61539856
8.91363191,-0.61182766
8.91500043,-0.59888650
8.91499996,-0.58551712
8.92718744,-0.57623503
8.95761681,-0.57274160
8.96731758,-0.56229671
8.97853517,-0.55223565
8.99922133,-0.54493229
9.01499987,-0.53593258
9.01499987,-0.52220736
8.99000072,-0.50149953
8.98999930,-0.48804651
8.99000025,-0.47464153
8.98999930,-0.46128120
8.96499967,-0.44163516
8.96499967,-0.42853779
8.96499967,-0.41548066
8.96499967,-0.40246390
8.96499967,-0.38948791
8.94000053,-0.37108690
8.94000053,-0.35835984
8.94000101,-0.34566999
8.94000005,-0.33301385
8.93999910,-0.32039390
8.91500044,-0.30319840
8.91499996,-0.29081338
8.88999939,-0.27418622
8.89000035,-0.26203119
8.86500072,-0.24596794
8.86499881,-0.23403710
8.86499977,-0.22213217
8.83999920,-0.20681533
8.84000015,-0.19512917
8.84000063,-0.18346346
8.81499910,-0.16887563
8.81500006,-0.15741780
8.78999996,-0.14336265
8.78999996,-0.13210615
8.78999948,-0.12086814
8.76499987,-0.10751407
8.76499939,-0.09647092
8.76499939,-0.08543994
8.73999834,-0.07277049
8.73999977,-0.06192527
8.74000072,-0.05109018
8.73999930,-0.04026636
8.73999930,-0.02945126
8.74000025,-0.01864441
8.73999977,-0.00784504
8.71499968,0.00349853
8.71499968,0.01413013
8.71500016,0.02475674
8.68999958,0.03547028
8.69000005,0.04593788
8.68999910,0.05640276
8.68999958,0.06686766
8.69000053,0.07733116
8.69000101,0.08779380
8.68999958,0.09825989
8.64123630,0.10685092
8.64000082,0.11697894
8.63999939,0.12715928
8.64000035,0.13734516
8.61499930,0.14598713
8.61499930,0.15604037
8.61500072,0.16609970
8.61500072,0.17617096
8.61500072,0.18625117
8.61499930,0.19634280
8.61500025,0.20644429
8.61499978,0.21655637
8.61500025,0.22668146
8.61499977,0.23681821
8.61500025,0.24696830
8.61500025,0.25713088
8.58999920,0.26406908
8.59000015,0.27412503
8.58999967,0.28419823
8.58999968,0.29428780
8.59000015,0.30439338
8.59000063,0.31451576
8.57239532,0.32180866
8.56500053,0.33063944
8.54000044,0.33638168
8.53999877,0.34631798
8.53999972,0.35627643
8.53999877,0.36625568
8.53999972,0.37625735
8.53999948,0.38628166
8.53999996,0.39632784
8.53999925,0.40639458
8.53175831,0.41473383
8.51500011,0.42116025
8.51499963,0.43117586
8.51500011,0.44121652
8.51500106,0.45128262
8.50036883,0.45790627
8.49000048,0.46544637
8.49000025,0.47547032
8.49000024,0.48551930
8.49000048,0.49559635
8.48999954,0.50570125
8.49000048,0.51583343
8.49000072,0.52599271
8.46746254,0.52999962
8.44147706,0.53286904
8.44000006,0.54247533
8.44000101,0.55252169
8.44000030,0.56259845
8.43031621,0.56983374
8.41499996,0.57532061
8.41500020,0.58537762
8.41499948,0.59546569
8.41499996,0.60558477
8.41499901,0.61573506
8.41499996,0.62591389
8.41499996,0.63612577
8.41500044,0.64636786
8.41009283,0.65499990
8.37973952,0.65499978
8.36500025,0.66013833
8.36500025,0.67030305
8.36500072,0.68050038
8.36499977,0.69072920
8.36499977,0.70098874
8.36499930,0.71128431
8.36500048,0.72161296
8.35519743,0.72833798
8.33199954,0.72999963
8.31500030,0.73386127
8.31499934,0.74412736
8.31499935,0.75442696
8.31499911,0.76475852
8.31500053,0.77512780
8.31499886,0.78552971
8.31500030,0.79596641
8.31499982,0.80643559
8.31315804,0.81618547
8.29807020,0.82049507
8.29000115,0.82764768
8.28999996,0.83815855
8.28159022,0.84514883
8.27134896,0.85133043
8.25913501,0.85662580
8.24487924,0.86098263
8.24000048,0.86937565
8.24000025,0.87991843
8.23999953,0.89049664
8.24000025,0.90110969
8.23309970,0.90864107
8.22326088,0.91482719
8.21500063,0.92170441
8.21499944,0.93236893
8.20755959,0.93961319
8.19428801,0.94411380
8.18999982,0.95279419
8.19000077,0.96351564
8.18422723,0.97151255
8.17471385,0.97770897
8.15718413,0.97999963
8.14418983,0.98442301
8.13999987,0.99311554
8.13999963,1.00388238
8.14000011,1.01468355
8.14000010,1.02551752
8.14000082,1.03638342
8.13999963,1.04728565
8.14000011,1.05822032
8.13999891,1.06918835
8.13274765,1.07645786
8.11831378,1.07999968
8.10338998,1.08323455
8.09423566,1.08943454
8.08999991,1.09820148
8.08999991,1.10921600
8.09000016,1.12026551
8.08999991,1.13134632
8.08999991,1.14245620
8.08999872,1.15359751
8.08423472,1.16163901
8.07274723,1.16655522
8.06500006,1.17349222
8.06499982,1.18468460
8.06243777,1.19448858
8.05348062,1.20075014
8.04095864,1.20499969
8.02521324,1.20740018
8.01499963,1.21286917
8.01500011,1.22410402
8.01499987,1.23536786
8.01500035,1.24665731
8.01074458,1.25552813
8.00200892,1.26181746
7.99332571,1.26811880
7.99000097,1.27752376
7.98870444,1.28812540
7.97792602,1.29317349
7.96722007,1.29823548
7.96499991,1.30830103
7.96499896,1.31969935
7.96500016,1.33112556
7.96499991,1.34257651
7.95617843,1.34873134
7.94570613,1.35386533
7.93341017,1.35786039
7.92500162,1.36419189
7.91665005,1.37053937
7.91499996,1.38099688
7.91499925,1.39249468
7.91499996,1.40401709
7.91500020,1.41556323
7.91499996,1.42713547
7.90873433,1.43478739
7.89855051,1.43995040
7.88999939,1.44612051
7.88999987,1.45772290
7.88923955,1.46886569
7.88117051,1.47532725
7.87036658,1.48000020
7.85242104,1.47999936
7.84226918,1.48500568
7.84000039,1.49514210
7.84000015,1.50678510
7.84000063,1.51845497
7.84000063,1.53014999
7.83092570,1.53581989
7.82116389,1.54100096
7.81499982,1.54857158
7.81500006,1.56030053
7.81268048,1.57048076
7.80507279,1.57706433
7.79752827,1.58367163
7.79005241,1.59030271
7.79000044,1.60206008
7.78999972,1.61388350
7.78235340,1.62038791
7.77281475,1.62553912
7.76499987,1.63187343
7.76499987,1.64373696
7.76499939,1.65563255
7.76499963,1.66756248
7.76500011,1.67952901
7.76285982,1.68997639
7.75575757,1.69682490
7.74872470,1.70370680
7.73414135,1.70500005
7.72305966,1.70881033
7.71499944,1.71482164
7.71500016,1.72685123
7.71499991,1.73891819
7.71499991,1.75102854
7.71500087,1.76318401
7.71499968,1.77538150
7.71499944,1.78762382
7.71499991,1.79991216
7.70572042,1.80499941
7.69002270,1.80499995
7.67676712,1.80682909
7.67031217,1.81399179
7.66500020,1.82205665
7.66499925,1.83439911
7.66499972,1.84679645
7.66499973,1.85924500
7.66499996,1.87174976
7.66153455,1.88144624
7.65258217,1.88659418
7.64368701,1.89175403
7.64000011,1.90126735
7.63999963,1.91393214
7.63730168,1.92435360
7.63126826,1.93193638
7.62530231,1.93957317
7.61940455,1.94726378
7.61498642,1.95625388
7.60617614,1.96136546
7.59742427,1.96649217
7.58999991,1.97277188
7.58999967,1.98575062
7.58999944,1.99880713
7.58999943,2.01194430
7.58156896,2.01735610
7.57297468,2.02257997
7.56500006,2.02834678
7.56174636,2.03856206
7.55624438,2.04666883
7.55080724,2.05484939
7.54543781,2.06310397
7.54013395,2.07143545
7.53999949,2.08488238
7.53162384,2.09022885
7.52315069,2.09544026
7.51500082,2.10094363
7.51500011,2.11473507
7.51499962,2.12863887
7.51499987,2.14266211
7.51499987,2.15680629
7.51500034,2.17107624
7.50986982,2.18000007
7.49642443,2.17999983
7.48310113,2.17999947
7.47265959,2.18303108
7.46782255,2.19219673
7.46499991,2.20365649
7.46500040,2.21838975
7.46500040,2.23327660
7.46499991,2.24832225
7.45662474,2.25379395
7.44463969,2.25499982
7.43172980,2.25499952
7.42711616,2.26480448
7.42258716,2.27477664
7.41411805,2.27999902
7.40275025,2.28161227
7.39455366,2.28708172
7.39000011,2.29713065
7.39000011,2.31306791
7.38999987,2.32921964
7.38656377,2.34110588
7.38224817,2.35195714
7.37200069,2.35500014
7.35955072,2.35499967
7.34720469,2.35499978
7.34048582,2.36262739
7.33641934,2.37399673
7.33240056,2.38555962
7.32842875,2.39732850
7.32152843,2.40499980
7.30936527,2.40499925
7.29729819,2.40499997
7.29000020,2.41202176
7.29000020,2.43018514
7.28999972,2.44867057
7.28999996,2.46749002
7.28578782,2.47999978
7.27365660,2.48000014
7.26161551,2.47999942
7.25285173,2.48524958
7.24919152,2.49901974
7.24079037,2.50500035
7.22889185,2.50499958
7.21708131,2.50499928
7.20994258,2.51311070
7.20647526,2.52789301
7.20304513,2.54303437
7.19772959,2.55500043
7.18591594,2.55500043
7.17417979,2.55499917
7.16499949,2.55979097
7.16499996,2.58262402
7.15874672,2.59355611
7.15030003,2.60024643
7.14087820,2.60499978
7.13566113,2.61858636
7.12928032,2.63000023
7.11752939,2.62999999
7.10584784,2.63000053
7.09767627,2.63774729
7.09359693,2.65499997
7.08191347,2.65499949
7.07029510,2.65499968
7.06016231,2.65845031
7.05710388,2.67936910
7.05407215,2.70104319
7.04387283,2.70500046
7.03216266,2.70500005
7.02051306,2.70499980
7.01720524,2.72771644
7.00630141,2.72999978
6.99461913,2.72999948
6.98355985,2.73166781
6.97974538,2.75500006
6.96802354,2.75499881
6.95635104,2.75499917
6.94734311,2.76344209
6.94070339,2.77999950
6.92897868,2.77999961
6.91815234,2.78297824
6.91499996,2.81352484
6.90706158,2.82798540
6.89566898,2.82999968
6.88485909,2.83426512
6.87809658,2.85499966
6.86608720,2.85499978
6.85411191,2.85499919
6.84217310,2.85499906
6.83026957,2.85500026
6.81839919,2.85499930
6.81158041,2.88000011
6.79958249,2.88000023
6.78761459,2.87999928
6.78011465,2.90499985
6.76801038,2.90500021
6.75593209,2.90499890
6.74388027,2.90499961
6.73185277,2.90500080
6.71984863,2.90499890
6.70786619,2.90500069
6.69590378,2.90500021
6.68641162,2.92619467
6.67473483,2.93000018
6.66263222,2.92999983
6.65054488,2.92999912
6.63847280,2.92999923
6.62641143,2.92999912
6.61436272,2.93000018
6.60232425,2.92999971
6.59029460,2.93000067
6.57713032,2.90500021
6.56530928,2.90500015
6.55349231,2.90500027
6.54167914,2.90500039
6.52986788,2.90499896
6.51805711,2.90499985
6.50624585,2.90499919
6.49443268,2.90500027
6.48261833,2.90500027
6.47079801,2.90499896
6.45979166,2.88000018
6.44815445,2.87999898
6.43650818,2.88000012
6.42485332,2.88000101
6.41318608,2.88000006
6.40332318,2.85499966
6.39182901,2.85499876
6.38032246,2.85499996
6.36879468,2.85500026
6.35724973,2.85499883
6.34568500,2.85500007
6.33713317,2.82999914
6.32572865,2.82999879
6.31429839,2.82999933
6.30284310,2.82999992
6.29136109,2.82999998
6.27984905,2.82999957
6.27258777,2.80500042
6.26122165,2.80500096
6.24982357,2.80499900
6.23838902,2.80499911
6.22691703,2.80500061
6.21594214,2.80249166
6.21067953,2.77434307
6.20150423,2.76503825
6.19228649,2.75641173
6.18138003,2.75499958
6.17008781,2.75499964
6.15939284,2.75257814
6.15424920,2.72999960
6.14303232,2.73000037
6.13176250,2.73000007
6.12043810,2.72999984
6.10905457,2.72999972
6.09761024,2.72999955
6.09438276,2.70499992
6.08304906,2.70499963
6.07164907,2.70499950
6.06018091,2.70500069
6.04864192,2.70499950
6.03703212,2.70499987
6.03362942,2.68373006
6.02356600,2.68000060
6.01197028,2.67999988
6.00029135,2.68000013
5.98852777,2.67999965
5.97667574,2.68000031
5.97163415,2.66471076
5.96424937,2.65499997
5.95238328,2.65499968
5.94056225,2.65470607
5.93852329,2.63444817
5.92883300,2.62999940
5.91683483,2.63000023
5.90472817,2.62999969
5.89250899,2.62999922
5.88017177,2.63000024
5.87608004,2.61515915
5.86952138,2.60499966
5.85711455,2.60499984
5.84457636,2.60500061
5.83190775,2.60499966
5.81909990,2.60500002
5.81499958,2.59111107
5.81335139,2.57377398
5.80266070,2.57052958
5.79183507,2.56738514
5.78999996,2.55109936
5.78735066,2.53636878
5.77644563,2.53348905
5.76539588,2.53068936
5.75268388,2.52999961
5.73928904,2.52999968
5.72571326,2.53000051
5.71194935,2.52999979
5.70517468,2.52105934
5.70303130,2.50654698
5.69031334,2.50499928
5.67611909,2.50499922
5.66170883,2.50499969
5.64707589,2.50500012
5.64184880,2.49427020
5.64000011,2.47997683
5.62791777,2.47692061
5.61515618,2.47442901
5.60217738,2.47198492
5.59000039,2.46854473
5.58999967,2.45281148
5.58740115,2.43991470
5.57395196,2.43763978
5.56499958,2.43092233
5.56500006,2.41586507
5.55955219,2.40602661
5.54432583,2.40499943
5.52764439,2.40500039
5.51062560,2.40499997
5.50631023,2.39395237
5.50370717,2.38157725
5.48804903,2.37999964
5.47011160,2.37999951
5.45178008,2.38000042
5.43303704,2.37999993
5.41500020,2.37914205
5.41499996,2.36456222
5.41491389,2.35024435
5.39822531,2.34802526
5.38114739,2.34582311
5.36500025,2.34271652
5.36500025,2.32842637
5.36499977,2.31431597
5.34693956,2.31216753
5.32842041,2.31003481
5.31500053,2.30441224
5.31500029,2.29035544
5.30914021,2.27999991
5.28585577,2.27999968
5.28055167,2.26915318
5.27670717,2.25750274
5.25661469,2.25500018
5.23141289,2.25499988
5.21500040,2.24986589
5.21499920,2.23586750
5.20933342,2.22492898
5.19000006,2.22092349
5.19000101,2.20705664
5.19000006,2.19331724
5.16714192,2.19058078
5.16499996,2.17785246
5.16499972,2.16422057
5.14742398,2.15855986
5.14000059,2.14823484
5.13734675,2.13583541
5.11916756,2.13000012
5.10072827,2.12404573
5.09450817,2.11296094
5.08999991,2.10119486
5.09000063,2.08771801
5.09000063,2.07433772
5.06500029,2.07021707
5.06500006,2.05681193
5.06499982,2.04349697
5.06499958,2.03026992
5.06500053,2.01712895
5.06500006,2.00406951
5.06499958,1.99108904
5.05808759,1.98033059
5.04901671,1.97019530
5.03999996,1.95998055
5.04000020,1.94710958
5.03999972,1.93430996
5.03999949,1.92158014
5.04000044,1.90891450
5.06500005,1.88984185
5.06500077,1.87747734
5.06499910,1.86517167
5.06500053,1.85292250
5.05721998,1.84253031
5.06850028,1.82779830
5.06499958,1.81649679
5.06499982,1.80445898
5.06500006,1.79246915
5.06499982,1.78052730
5.09000040,1.76378649
5.09000039,1.75208658
5.08999991,1.74042761
5.11500001,1.72440571
5.11500048,1.71296918
5.13999987,1.69744962
5.13999963,1.68622279
5.13999915,1.67502868
5.16499949,1.66014952
5.16500020,1.64914990
5.16500020,1.63817913
5.14196253,1.63030929
5.13999939,1.61953360
5.14000034,1.60852647
5.14000035,1.59754789
5.16500044,1.58373588
5.16500020,1.57292616
5.16500020,1.56214273
5.19000006,1.54885024
5.18999982,1.53822279
5.19000053,1.52761924
5.19000029,1.51704144
5.19000077,1.50648832
5.19000054,1.49595869
5.19000054,1.48545301
5.21500039,1.47309196
5.21500016,1.46271980
5.21500016,1.45237053
5.21500039,1.44204497
5.24000001,1.43016511
5.24000001,1.41995639
5.23999906,1.40976923
5.23999929,1.39960558
5.24000049,1.38946515
5.24000025,1.37934941
5.24000001,1.36925751
5.23999977,1.35919356
5.26500034,1.34800798
5.26500058,1.33803433
5.26500011,1.32808531
5.26500082,1.31816274
5.26499987,1.30826593
5.26499915,1.29839510
5.26500011,1.28855479
5.26500011,1.27874237
5.26500058,1.26895779
5.26499987,1.25920313
5.26500011,1.24948180
5.26499939,1.23978871
5.26500011,1.23012596
5.26499915,1.22049356
5.26499987,1.21089375
5.26500106,1.20132315
5.26499987,1.19178283
5.26499987,1.18227249
5.26499987,1.17279584
5.26500011,1.16334933
5.29000044,1.15273464
5.29000020,1.14330852
5.28999949,1.13391155
5.29000067,1.12454343
5.29000043,1.11520416
5.28999949,1.10589350
5.28999972,1.09661347
5.29000092,1.08736211
5.28999925,1.07814079
5.31500006,1.06727010
5.31499982,1.05804205
5.31500029,1.04884228
5.31500029,1.03967049
5.31499982,1.03052729
5.31500006,1.02141404
5.31500053,1.01233119
5.31499934,1.00327778
5.31500006,0.99425423
5.34000087,0.98285949
5.34000135,0.97380328
5.34000063,0.96477512
5.36499977,0.95307856
5.36499977,0.94400271
5.36500024,0.93495423
5.36500001,0.92593062
5.36500049,0.91693249
5.36499906,0.90796036
5.36499930,0.89901433
5.36500001,0.89009306
5.38999963,0.87758320
5.38999987,0.86858442
5.37647390,0.86170390
5.36499953,0.85465949
5.39000035,0.84171623
5.39000034,0.83280125
5.39000011,0.82390722
5.38999891,0.81503371
5.39000058,0.80617776
5.38999987,0.79734043
5.41500020,0.78349099
5.41499972,0.77453131
5.41499948,0.76558361
5.43999982,0.75113395
5.44000077,0.74204158
5.44000077,0.73295698
5.43732285,0.72452200
5.43119979,0.71698287
5.42563415,0.70939228
5.44559049,0.69518615
5.44102764,0.68730294
5.44000005,0.67850413
5.43999911,0.66942377
5.44000029,0.66033757
5.46499991,0.64371734
5.46499991,0.63440829
5.46499944,0.62508337
5.46500015,0.61573890
5.46499944,0.60637267
5.49000072,0.58841308
5.49000072,0.57877629
5.49000048,0.56910561
5.49000001,0.55939845
5.49000024,0.54965008
5.51500011,0.53015810
5.53999996,0.51014200
5.54000021,0.49976568
5.56500030,0.47890731
5.56499982,0.46815207
5.56500006,0.45732056
5.56500006,0.44640935
5.59000016,0.42397566
5.58999967,0.41262099
5.58999968,0.40116807
5.59000015,0.38961346
5.59000016,0.37794722
5.61499977,0.35337617
5.61500001,0.34118918
5.61500024,0.32887535
5.61500048,0.31642679
5.61500048,0.30383496
5.63999987,0.27685352
5.66499996,0.24911317
5.66500044,0.23545418
5.66500092,0.22162461
5.66499996,0.20762491
5.68999982,0.17762560
5.68999982,0.16293621
5.68999958,0.14805406
5.69000054,0.13297576
5.68999982,0.11769822
5.69000029,0.10221517
5.67897391,0.09440529
5.66500068,0.08884733
5.66499972,0.07308141
5.64733934,0.07050070
5.63999987,0.06023026
5.63727045,0.04631132
5.61653161,0.04673624
5.61500048,0.03180757
5.60636187,0.02262309
5.58645225,0.02307826
5.56698799,0.02353850
5.56499982,0.00888422
5.55698895,-0.00053138
5.53824496,-0.00006631
5.51989436,0.00039607
5.51500011,-0.01166424
5.50994825,-0.02370319
5.49221897,-0.02326966
5.47484278,-0.02284863
5.46500016,-0.02987382
5.46485614,-0.04706022
5.44801473,-0.04669878
5.43148470,-0.04636288
5.41525411,-0.04605582
5.41500068,-0.06356326
5.40529609,-0.07053804
5.38950419,-0.07033417
5.37397981,-0.07016987
5.36500025,-0.07772732
5.36380863,-0.09500039
5.34868050,-0.09500069
5.33375049,-0.09500003
5.31906319,-0.09506661
5.31500005,-0.10913491
5.30868673,-0.12042138
5.29432297,-0.12069676
5.28016973,-0.12104300
5.26621533,-0.12146166
5.26500034,-0.14041200
5.25556541,-0.14753646
5.24187041,-0.14820132
5.22835779,-0.14895651
5.21501994,-0.14980420
5.21499991,-0.17198804
5.20403838,-0.17679879
5.19091558,-0.17795479
5.18999958,-0.19982121
5.17949081,-0.20560881
5.16656423,-0.20711672
5.15378833,-0.20875048
5.14115906,-0.21051943
5.13999987,-0.23374176
5.12935520,-0.23947957
5.11689067,-0.24168360
5.10455966,-0.24404427
5.09235954,-0.24657044
5.08999991,-0.26941764
5.08015370,-0.27714398
5.06809235,-0.28020641
5.06500006,-0.30294895
5.05545544,-0.31192636
5.04352451,-0.31560135
5.03170801,-0.31950116
5.01848173,-0.32000026
5.00512194,-0.32000017
4.99184132,-0.32000035
4.97863388,-0.32000068
4.96550012,-0.31999945
4.95243835,-0.31999994
4.93944525,-0.32000035
4.91748762,-0.29500109
4.90481949,-0.29500037
4.89221239,-0.29500088
4.87966418,-0.29500079
4.86717510,-0.29500067
4.85474086,-0.29499996
4.83445430,-0.26999996
4.82230688,-0.27000007
4.81020952,-0.26999941
4.79816150,-0.27000076
4.78616000,-0.26999980
4.76716566,-0.24499938
4.75542235,-0.24499956
4.74372220,-0.24499986
4.73206377,-0.24500078
4.71405602,-0.22000074
4.70263433,-0.21999985
4.69329595,-0.22841924
4.68445468,-0.23920101
4.67436957,-0.24500099
4.65731311,-0.22000023
4.64607048,-0.22000033
4.63486457,-0.22000051
4.62369085,-0.21999964
4.61255097,-0.21999964
4.60144615,-0.22000107
4.59037304,-0.22000047
4.57933235,-0.22000021
4.56832313,-0.21999967
4.55289769,-0.19500038
4.54206777,-0.19499981
4.53126454,-0.19500020
4.52048683,-0.19500113
4.50973582,-0.19499949
4.49900674,-0.19500014
4.48451304,-0.16999931
4.47700215,-0.19082728
4.46695780,-0.19500029
4.45631647,-0.19500017
4.44569492,-0.19499984
4.43509125,-0.19500008
4.42129350,-0.17000070
4.41081596,-0.16999978
4.40035224,-0.16999989
4.38990236,-0.17000037
4.37946724,-0.17000011
4.36904407,-0.16999984
4.35863352,-0.17000002
4.34559917,-0.14500067
4.33528781,-0.14500019
4.32498717,-0.14500004
4.31469464,-0.14499929
4.30441118,-0.14500016
4.29413557,-0.14499933
4.28386974,-0.14499989
4.27361012,-0.14499969
4.26128697,-0.12000108
4.25110793,-0.11999964
4.24093485,-0.12000099
4.23076677,-0.12000021
4.22060394,-0.12000093
4.21044588,-0.12000057
4.20029355,-0.12000022
4.19014549,-0.12000099
4.17842198,-0.09500027
4.16833997,-0.09500080
4.15826202,-0.09499947
4.14818668,-0.09500005
4.13811350,-0.09500030
4.12804318,-0.09500006
4.11797714,-0.09500032
4.10791301,-0.09499997
4.09670591,-0.07000056
4.08669781,-0.06999975
4.07669163,-0.07000042
4.06668687,-0.06999999
4.05668330,-0.07000086
4.04668140,-0.06999916
4.03668189,-0.07000089
4.02668333,-0.06999978
4.01593506,-0.04500094
4.00598491,-0.04499987
3.99603558,-0.04499939
3.98608732,-0.04500055
3.97613847,-0.04499966
3.96619033,-0.04500017
3.95624280,-0.04500073
3.94586527,-0.02000007
3.93596184,-0.02000090
3.92605829,-0.01999909
3.91615415,-0.02000057
3.90625119,-0.02000034
3.89634716,-0.01999950
3.88644314,-0.02000042
3.87640774,0.00499919
3.86654520,0.00500029
3.85668123,0.00499999
3.84681618,0.00499958
3.83695066,0.00500044
3.82708454,0.00500023
3.81721878,0.00500029
3.80735052,0.00499954
3.79748214,0.00499928
3.78761280,0.00499961
3.77774358,0.00499946
3.76787246,0.00500011
3.75799978,0.00499925
3.74812626,0.00500066
3.73825288,0.00499952
3.72837710,0.00499964
3.71850085,0.00499985
3.70862293,0.00499907
3.69932544,0.02999914
3.68948293,0.02999937
3.67963981,0.03000000
3.66979503,0.02999991
3.65994990,0.03000042
3.65010214,0.02999917
3.64025295,0.02999989
3.63040244,0.03000024
3.62055111,0.03000024
3.61069643,0.03000003
3.60084009,0.02999967
3.59098208,0.03000045
3.58112240,0.02999994
3.57126200,0.03000000
3.56139887,0.03000030
3.55153418,0.02999947
3.54166734,0.03000009
3.53179920,0.02999970
3.52315843,0.05499995
3.51331961,0.05499971
3.50347948,0.05499983
3.49497020,0.08000016
3.48516011,0.08000043
3.47534692,0.07999989
3.46553135,0.07999977
3.45571411,0.07999888
3.44589424,0.07999969
3.43607104,0.07999980
3.42624521,0.08000046
3.41641832,0.08000034
3.40658784,0.07999956
3.39675415,0.07999938
3.38691795,0.07999977
3.37708080,0.07999942
3.36723923,0.07999966
3.35739542,0.07999933
3.34754873,0.08000013
3.33955836,0.10499954
3.32973885,0.10499892
3.31991541,0.10500005
3.31008887,0.10499918
3.30025923,0.10499993
3.29042781,0.10499978
3.28059173,0.10500011
3.27075195,0.10500079
3.26090896,0.10500059
3.25106442,0.10500049
3.24121511,0.10499951
3.23136247,0.10499993
3.22150564,0.10499939
3.21164608,0.10500008
3.20178246,0.10499963
3.19191504,0.10500047
3.18204391,0.10499999
3.17216992,0.10499936
3.16229176,0.10499984
3.15241015,0.10500002
3.14252400,0.10500002
3.13263487,0.10499954
3.12274122,0.10499992
3.11284435,0.10499981
3.10294271,0.10499916
3.09303785,0.10500023
3.08312952,0.10500059
3.07321561,0.10500023
3.06524051,0.12324178
3.05606329,0.12999922
3.04616392,0.12999916
3.03625894,0.13000062
3.02634978,0.12999952
3.01643598,0.12999967
3.00651896,0.13000057
2.99659610,0.12999896
2.98666943,0.13000059
2.97673857,0.12999919
2.96680475,0.12999949
2.95686507,0.13000047
2.94692159,0.12999937
2.93697357,0.12999985
2.92702162,0.13000041
2.91706419,0.13000006
2.90710306,0.13000074
2.89713788,0.12999883
2.88716912,0.13000020
2.87719547,0.12999893
2.86721766,0.12999952
2.85723531,0.12999961
2.84724844,0.12999896
2.83725953,0.13000082
2.82726538,0.13000069
2.81726706,0.12999949
2.80726445,0.12999954
2.79725969,0.13000041
2.78724956,0.12999880
2.77723551,0.12999925
2.76721811,0.13000038
2.75719761,0.12999952
2.74717343,0.13000033
2.73714519,0.13000050
2.72711396,0.13000006
2.71707952,0.12999899
2.70704103,0.12999949
2.69699966,0.12999958
2.68695522,0.13000003
2.67690861,0.13000023
2.66685772,0.12999880
2.65680409,0.12999996
2.64674687,0.12999973
2.63668812,0.12999979
2.62662590,0.12999994
2.61656165,0.12999961
2.60649419,0.12999996
2.59642482,0.12999928
2.58635378,0.13000038
2.57627904,0.12999946
2.56620300,0.12999943
2.55612445,0.13000015
2.54604471,0.12999975
2.53596270,0.13000045
2.52587878,0.13000059
2.51579285,0.12999985
2.50570691,0.13000002
2.49561846,0.12999996
2.48552918,0.13000015
2.47875619,0.15500075
2.46865821,0.15499982
2.45855773,0.15500072
2.44845569,0.15500045
2.43835163,0.15500003
2.42824745,0.15499997
2.41814113,0.15499899
2.40478790,0.13000003
2.39469325,0.12999999
2.38460017,0.12999987
2.37450671,0.12999976
2.36441291,0.12999916
2.35432029,0.13000003
2.34422827,0.12999979
2.33413815,0.12999892
2.32404840,0.12999931
2.31395972,0.12999970
2.30387247,0.12999987
2.29378795,0.13000044
2.28370440,0.13000008
2.27362251,0.12999979
2.26354325,0.13000027
2.25346720,0.12999979
2.24339270,0.12999985
2.23332083,0.12999931
2.22325194,0.12999934
2.21318758,0.13000065
2.20312476,0.12999961
2.19306541,0.13000059
2.18300927,0.12999967
2.17295897,0.13000091
2.16291082,0.13000062
2.15286660,0.12999957
2.14282656,0.13000003
2.13279236,0.13000012
2.12276185,0.12999985
2.11273670,0.12999993
2.10271574,0.12999901
2.09505392,0.15499931
2.08499825,0.15500072
2.07494533,0.15500003
2.06489707,0.15499914
2.05485308,0.15499910
2.04481446,0.15500051
2.03478044,0.15499957
2.02475113,0.15499954
2.01472735,0.15499957
2.00470907,0.15499876
1.99469566,0.15500024
1.98468756,0.15499988
1.97468561,0.15499968
1.96469021,0.15500047
1.95470005,0.15499959
1.94471604,0.15500033
1.93473840,0.15499960
1.92476786,0.15499918
1.91480291,0.15499925
1.90484500,0.15500041
1.89489340,0.15499995
1.88494897,0.15499985
1.87501031,0.15499993
1.86507899,0.15499957
1.85598033,0.18000075
1.84597981,0.17999933
1.83598566,0.18000052
1.82599592,0.17999950
1.81601113,0.17999941
1.80603230,0.17999978
1.79605901,0.18000019
1.78609002,0.18000026
1.77612662,0.17999950
1.76616806,0.17999989
1.75621587,0.17999956
1.74626708,0.17999971
1.73632413,0.18000060
1.72638559,0.18000067
1.71645242,0.18000055
1.70652271,0.17999987
1.69659746,0.18000043
1.68667632,0.18000053
1.67676002,0.17999953
1.66684705,0.17999947
1.65693700,0.17999962
1.64703035,0.18000087
1.63712669,0.18000003
1.62722528,0.18000009
1.61732632,0.17999923
1.60742843,0.17999931
1.59753210,0.17999962
1.58562410,0.20500025
1.57560051,0.20500046
1.56557536,0.20499922
1.55554819,0.20499949
1.54551989,0.20499922
1.53548748,0.20499885
1.52545136,0.20499925
1.51541096,0.20499916
1.50536698,0.20499890
1.49531615,0.20500002
1.48526048,0.20499914
1.47519774,0.20500022
1.46512818,0.20499991
1.45505029,0.20499955
1.44496280,0.20500055
1.43486595,0.20499948
1.42475939,0.20500011
1.41464079,0.20500003
1.40451061,0.20499934
1.39436669,0.20499923
1.38420904,0.20500095
1.37403643,0.20499956
1.36384743,0.20499982
1.35364127,0.20499910
1.34341681,0.20499971
1.33317369,0.20500024
1.32290846,0.20500020
1.31262166,0.20499949
1.30231148,0.20500003
1.29197818,0.20500037
1.28161847,0.20499984
1.27123129,0.20500036
1.26081574,0.20500021
1.25037015,0.20499993
1.23989242,0.20499993
1.22938156,0.20499958
1.21883512,0.20499914
1.20825309,0.20500041
1.19763153,0.20499964
1.17860943,0.22999987
1.16770416,0.22999972
1.15675396,0.22999984
1.14575392,0.22999969
1.13470351,0.22999938
1.12885081,0.21601792
1.12204340,0.20500013
1.11104295,0.20499973
1.09998459,0.20500003
1.08886739,0.20499961
1.07786634,0.20457339
1.06942245,0.19804348
1.06090888,0.19178892
1.05232578,0.18579513
1.04366943,0.18005142
1.03239942,0.18000008
1.02102923,0.17999919
1.00957977,0.17999909
1.00477329,0.16640112
0.99904510,0.15500048
0.98759198,0.15499970
0.97604716,0.15500089
0.96441058,0.15499982
0.95267826,0.15499977
0.94149303,0.15383324
0.93999976,0.13544765
0.93714535,0.11992566
0.92786447,0.11570741
0.91847837,0.11163554
0.91500008,0.09787924
0.91429505,0.08000028
0.90252742,0.08000022
0.89063635,0.07999942
0.88227080,0.07446251
0.87990422,0.06000659
0.87129398,0.05499947
0.85918098,0.05499944
0.84692253,0.05500022
0.83451632,0.05499980
0.82195474,0.05500015
0.81545457,0.04671348
0.81299479,0.03322298
0.80274781,0.03000057
0.78986223,0.02999989
0.78050975,0.02540097
0.77797461,0.01244903
0.77102821,0.00499937
0.75775530,0.00499949
0.74522945,0.00390541
0.74259579,-0.00857046
0.73927002,-0.02007205
0.72823097,-0.02300183
0.71699131,-0.02585848
0.71499944,-0.03857573
0.71499953,-0.05314046
0.70668087,-0.05901456
0.69501023,-0.06160325
0.68310200,-0.06413089
0.67094589,-0.06659931
0.66500025,-0.07508392
0.66351872,-0.08764698
0.65647919,-0.09499952
0.64113739,-0.09499977
0.63067379,-0.09953919
0.62797083,-0.11083044
0.62288628,-0.12000029
0.60668245,-0.12000024
0.59008571,-0.11999979
0.57307829,-0.12000010
0.56499923,-0.12724120
0.56499996,-0.14066605
0.56047580,-0.15054119
0.54546484,-0.15273831
0.53002066,-0.15489564
0.51499966,-0.15763171
0.51499977,-0.17090568
0.51499922,-0.18401240
0.50156105,-0.18815449
0.48999981,-0.19372398
0.49000032,-0.20671119
0.48908383,-0.21898699
0.47102251,-0.22086777
0.45230646,-0.22271761
0.44000055,-0.22860182
0.43999915,-0.24155407
0.43765392,-0.25309535
0.41701774,-0.25483203
0.39553067,-0.25654238
0.39000047,-0.26676527
0.39000050,-0.27973806
0.37737290,-0.28652316
0.35325060,-0.28813628
0.33999990,-0.29519595
0.33999989,-0.30834388
0.33179443,-0.31785052
0.31500065,-0.32386553
0.31278497,-0.33610689
0.30218068,-0.34499995
0.26785415,-0.34500013
0.25052529,-0.35201265
0.24597445,-0.36391418
0.22455618,-0.37000012
0.21500090,-0.38046176
0.21500098,-0.39413987
0.18999949,-0.39996806
0.18999970,-0.41376791
0.18999979,-0.42748530
0.14883929,-0.42976419
0.14000064,-0.44145817
0.14000088,-0.45551587
0.09955615,-0.45971206
0.09000013,-0.47187313
0.08999997,-0.48627785
0.06499922,-0.49540010
0.06500020,-0.50994833
0.02964294,-0.51783477
0.01499898,-0.53007260
0.01499987,-0.54498169
-0.00999927,-0.55598355
-0.00999922,-0.57104622
-0.03500056,-0.58274388
-0.03500110,-0.59796770
-0.05999982,-0.61036119
-0.05999887,-0.62574858
-0.11000038,-0.63658627
-0.11000013,-0.65240729
-0.13499951,-0.66645482
-0.13500064,-0.68244639
-0.16000038,-0.69718778
-0.16000050,-0.71335885
-0.15999997,-0.72949148
-0.15999937,-0.74558693
-0.16000068,-0.76165045
-0.16000026,-0.77768197
-0.15999984,-0.79368278
-0.13499891,-0.80908561
-0.13499939,-0.82478264
-0.10999918,-0.83938793
-0.10999996,-0.85479292
-0.08500069,-0.86861593
-0.08499939,-0.88374013
-0.03499997,-0.89474323
-0.03499961,-0.90935373
0.01499993,-0.91887659
0.01500029,-0.93298897
0.04000008,-0.94407582
0.04000020,-0.95794308
0.03999955,-0.97181055
0.08999965,-0.97821173
0.09000015,-0.99161327
0.09945083,-1.00343355
0.14000031,-1.00956610
0.13999957,-1.02253010
0.14422693,-1.03467804
0.16499978,-1.04337004
0.16499979,-1.05614865
0.17720225,-1.06622106
0.21499983,-1.07014864
0.21500010,-1.08253766
0.21499991,-1.09494984
0.23999915,-1.10091633
0.24000090,-1.11315960
0.23999908,-1.12543058
0.25715059,-1.13284567
0.28999900,-1.13539401
0.28999979,-1.14732868
0.28999940,-1.15929666
0.29933820,-1.16832623
0.32756454,-1.17106957
0.33999980,-1.17867428
0.33999993,-1.19037715
0.33999989,-1.20211873
0.35766687,-1.20756668
0.36499975,-1.21656328
0.36500019,-1.22822791
0.36500073,-1.23993304
0.38234608,-1.24493604
0.41161847,-1.24500033
0.43099359,-1.24867233
0.43884976,-1.25683847
0.43999988,-1.26773727
0.44738339,-1.27601862
0.46611031,-1.27934876
0.48423090,-1.28273460
0.48999930,-1.29141474
0.49000034,-1.30266494
0.49000051,-1.31395763
0.49748038,-1.32181889
0.51379263,-1.32547117
0.52965358,-1.32917464
0.54000104,-1.33538454
0.53999971,-1.34656346
0.54000008,-1.35777903
0.53999950,-1.36903024
0.56039447,-1.37000043
0.58230750,-1.37000019
0.60382373,-1.37000007
0.61499973,-1.37520200
0.61499972,-1.38621640
0.61500005,-1.39726502
0.61499905,-1.40834850
0.62555046,-1.41373849
0.63819265,-1.41791266
0.64000055,-1.42798000
0.64000037,-1.43906921
0.63999941,-1.45018834
0.64230800,-1.46003020
0.65420322,-1.46441191
0.66590056,-1.46883327
0.68309711,-1.47000051
0.70210191,-1.46999991
0.71100398,-1.47580558
0.71499988,-1.48446924
0.71500009,-1.49550801
0.71562448,-1.50620097
0.72642222,-1.51079250
0.73707593,-1.51542085
0.74773515,-1.51999986
0.76579646,-1.51999998
0.78046717,-1.52199691
0.78809706,-1.52828557
0.79000010,-1.53811776
0.78999992,-1.54915548
0.79334669,-1.55811948
0.80324759,-1.56295657
0.81304936,-1.56782859
0.81929771,-1.57493490
0.82701395,-1.58109773
0.83472232,-1.58725292
0.83999933,-1.59496207
0.84702668,-1.60154104
0.85645923,-1.60655504
0.86581667,-1.61160243
0.87510007,-1.61668468
0.88706474,-1.62000036
0.90058266,-1.62227607
0.90842341,-1.62826437
0.91627136,-1.63424581
0.92412918,-1.64022040
0.93378967,-1.64499992
0.95063758,-1.64500070
0.95966704,-1.65018487
0.96853243,-1.65548074
0.97735595,-1.66080827
0.98613638,-1.66616988
0.99233171,-1.67327077
1.00041067,-1.67911995
1.00851479,-1.68496215
1.01664776,-1.69079662
1.02721840,-1.69500030
1.04404068,-1.69499999
1.05962449,-1.69584018
1.06819532,-1.70142698
1.07674373,-1.70704603
1.08527183,-1.71269858
1.08999961,-1.72094000
1.09606627,-1.72829879
1.10456967,-1.73403162
1.11312380,-1.73975397
1.12241784,-1.74500037
1.13951913,-1.74500030
1.15667024,-1.74500018
1.16499967,-1.75098580
1.16499997,-1.76261324
1.16499960,-1.77425969
1.16500011,-1.78592336
1.17147272,-1.79325616
1.18632254,-1.79500043
1.20384562,-1.79499984
1.22144842,-1.79500043
1.23913774,-1.79500032
1.25424742,-1.79677778
1.26263407,-1.80307544
1.26500079,-1.81339645
1.26500031,-1.82529551
1.26825616,-1.83505344
1.27802485,-1.84054601
1.28943775,-1.84500026
1.30774346,-1.84500026
1.32616872,-1.84500026
1.34000006,-1.84805668
1.34000051,-1.86010277
1.34000015,-1.87213916
1.33999928,-1.88416511
1.34587106,-1.89243299
1.36075521,-1.89499980
1.37753871,-1.89643932
1.38584978,-1.90328693
1.39000017,-1.91276926
1.38999957,-1.92483681
1.39637228,-1.93294173
1.40766298,-1.93804371
1.41500023,-1.94561583
1.42015144,-1.95454049
1.42844686,-1.96157944
1.43678478,-1.96862644
1.44954797,-1.97307682
1.46156365,-1.97804016
1.46499911,-1.98810220
1.46500010,-2.00015628
1.46500030,-2.01217449
1.46784896,-2.02252120
1.48046655,-2.02730054
1.49000001,-2.03389430
1.48999995,-2.04586900
1.49000022,-2.05780202
1.49194049,-2.06862754
1.51117659,-2.07000029
1.53322003,-2.07000017
1.53999957,-2.07834465
1.53999987,-2.09030926
1.54000008,-2.10223162
1.54000023,-2.11411119
1.53999960,-2.12594897
1.54000029,-2.13774288
1.54000005,-2.14949447
1.54000029,-2.16120273
1.54000026,-2.17286838
1.53999982,-2.18449145
1.53999949,-2.19607222
1.53999934,-2.20761036
1.54000005,-2.21910716
1.54175193,-2.22973764
1.55696321,-2.23407608
1.56499949,-2.24183106
1.56499919,-2.25328934
1.56942797,-2.26271010
1.57907003,-2.26981020
1.58889729,-2.27688312
1.59000021,-2.28781986
1.59000021,-2.29920435
1.59000057,-2.31055128
1.58999961,-2.32186091
1.58999961,-2.33313453
1.59000015,-2.34437191
1.59000034,-2.35557330
1.58999955,-2.36674095
1.59000015,-2.37787378
1.58999986,-2.38897383
1.58999997,-2.40004015
1.59000004,-2.41107464
1.59000057,-2.42207754
1.59000004,-2.43305076
1.59000039,-2.44399298
1.58999968,-2.45490635
1.59000003,-2.46579015
1.58999944,-2.47664643
1.59000004,-2.48747480
1.58999974,-2.49827683
1.58999950,-2.50905263
1.59000063,-2.51980293
1.58999920,-2.53052879
1.59000027,-2.54122985
1.58999998,-2.55190754
1.58999956,-2.56256270
1.59000057,-2.57319438
1.59000021,-2.58380532
1.58999944,-2.59439481
1.59000015,-2.60496390
1.58999968,-2.61551333
1.59000039,-2.62604273
1.58999968,-2.63655436
1.58999944,-2.64704704
1.58999974,-2.65752256
1.58999974,-2.66798067
1.58999974,-2.67842257
1.59000039,-2.68884861
1.59000111,-2.69925928
1.58999991,-2.70965517
1.58999902,-2.72003722
1.59000080,-2.73040450
1.59000051,-2.74075985
1.59000075,-2.75110162
1.59000027,-2.76143253
1.56499902,-2.77882743
1.56500017,-2.78911209
1.56500027,-2.79939067
1.56500012,-2.80966448
1.56500075,-2.81993305
1.56500014,-2.83019793
1.56500036,-2.84045947
1.56500104,-2.85071814
1.56500036,-2.86097503
1.56500003,-2.87123084
1.56500006,-2.88148606
1.56500056,-2.89174044
1.56500027,-2.90199697
1.56499967,-2.91225398
1.56500006,-2.92251289
1.56499911,-2.93277478
1.56500000,-2.94303990
1.56500077,-2.95330799
1.56500036,-2.96358156
1.56500093,-2.97385908
1.56500012,-2.98414338
1.56499976,-2.99443305
1.56500003,-3.00472998
1.56499904,-3.01503372
1.56500015,-3.02534556
1.56499964,-3.03566623
1.56499997,-3.04599606
1.56499985,-3.05633510
1.56500033,-3.06668496
1.56499941,-3.07704580
1.56500063,-3.08741820
1.56500014,-3.09780276
1.56500059,-3.10820043
1.56499940,-3.11861145
1.53999913,-3.13766480
1.53999964,-3.14821756
1.53999999,-3.15878903
1.54000098,-3.16938067
1.53999910,-3.17999411
1.53999999,-3.19062769
1.54000056,-3.20128333
1.53999990,-3.21196318
1.53999922,-3.22266650
1.54000006,-3.23339451
1.53999931,-3.24414873
1.54000062,-3.25493037
1.54000005,-3.26574087
1.53999993,-3.27658128
1.54000008,-3.28745150
1.53999937,-3.29835486
1.53999937,-3.30929029
1.53999979,-3.32026136
1.54000017,-3.33126808
1.54000023,-3.34231318
1.54000059,-3.35339844
1.53999990,-3.36452603
1.54000112,-3.37569558
1.54000002,-3.38691151
1.53999913,-3.39817345
1.53999979,-3.40948450
1.54000026,-3.42084718
1.53999993,-3.43226325
1.54000083,-3.44373560
1.54000008,-3.45526695
1.54000020,-3.46685994
1.54000031,-3.47851777
1.54000017,-3.49024331
1.54000005,-3.50203884
1.53999966,-3.51390887
1.54000041,-3.52585483
1.54000012,-3.53788257
1.53999985,-3.54999423
1.53999985,-3.56219471
1.54000035,-3.57448721
1.51500076,-3.60278034
1.51500011,-3.61554229
1.51500082,-3.62841558
1.51500037,-3.64140749
1.51500067,-3.65452242
1.51500059,-3.66776609
1.51500028,-3.68114603
1.51500017,-3.69466698
1.51500064,-3.70833706
1.51500013,-3.72216344
1.51499954,-3.73615372
1.51522127,-3.75014436
1.51896316,-3.76155722
1.52257689,-3.77315688
1.52606738,-3.78495038
1.52943682,-3.79694807
1.53269148,-3.80915570
1.53583681,-3.82158268
1.53887790,-3.83423567
1.53999999,-3.84873902
1.53999996,-3.86447394
1.53999936,-3.88047850
1.54000055,-3.89676249
1.53999969,-3.91334438
1.53999999,-3.93023408
1.53999937,-3.94745064
1.53999993,-3.96500671
1.55471093,-3.96782660
1.56499991,-3.97507083
1.56499967,-3.99326038
1.56499991,-4.01184881
1.56499997,-4.03085756
1.56499979,-4.05030763
1.56499970,-4.07022369
1.56500017,-4.09061969
1.56500023,-4.11152208
1.57615426,-4.11931145
1.59203151,-4.12120676
1.59457826,-4.13983678
1.59707779,-4.15897715
1.59953183,-4.17865145
1.60480675,-4.19500041
1.62216151,-4.19500076
1.63163114,-4.20580101
1.63391525,-4.22709965
1.63890082,-4.24500037
1.65605783,-4.24499965
1.66500008,-4.25730133
1.66500002,-4.28388929
1.67035198,-4.30271328
1.68525570,-4.30631340
1.69000000,-4.32683539
1.69000036,-4.35614443
1.70055508,-4.36785114
1.71609407,-4.37075007
1.71838325,-4.39795065
1.72389978,-4.42000115
1.74113965,-4.42000044
1.75013250,-4.43606484
1.76283991,-4.44499969
1.77955955,-4.44563126
1.78508616,-4.47000003
1.80208087,-4.46999967
1.81113345,-4.48763990
1.82486117,-4.49499977
1.83999980,-4.49904144
1.84554374,-4.52656353
1.86019653,-4.53226734
1.86511326,-4.56330812
1.87977243,-4.56971646
1.89665807,-4.57000065
1.91352499,-4.57000029
1.92230576,-4.59340727
1.93866116,-4.59499991
1.95544476,-4.59499979
1.97212034,-4.59500015
1.98869139,-4.59500075
2.00516379,-4.59500015
2.02153903,-4.59500027
2.03782326,-4.59499967
2.05401843,-4.59499919
2.07012999,-4.59499991
2.08616013,-4.59499967
2.10211420,-4.59500027
2.11799305,-4.59499943
2.13907236,-4.57000029
2.15458202,-4.57000053
2.17002898,-4.57000053
2.18541717,-4.56999958
2.19951606,-4.57706690
2.21619022,-4.56899714
2.23124886,-4.57000100
2.24642408,-4.56999910
2.26155222,-4.57000005
2.27989984,-4.54500032
2.29472757,-4.54500020
2.31235647,-4.52000045
2.32689953,-4.51999998
2.34140968,-4.52000105
2.35588896,-4.51999914
2.37235522,-4.49500060
2.38657546,-4.49500072
2.40238715,-4.47000051
2.41636181,-4.47000051
2.43031680,-4.47000039
2.44527984,-4.44500065
2.45900440,-4.44500041
2.47271431,-4.44499945
2.48641074,-4.44500041
2.50035977,-4.41999984
2.51384580,-4.42000091
2.52732301,-4.41999960
2.54050148,-4.39499998
2.55378079,-4.39500045
2.56705391,-4.39499974
2.58032203,-4.39500021
2.59358633,-4.39500070
2.60566187,-4.36999941
2.61874509,-4.36999977
2.63182545,-4.37000048
2.64320028,-4.34500003
2.65610790,-4.34500038
2.66901505,-4.34499991
2.67971385,-4.32000125
2.69245624,-4.32000065
2.70520019,-4.32000017
2.71794570,-4.32000017
2.73068988,-4.32000029
2.74339461,-4.31967568
2.75299943,-4.29500091
2.76558542,-4.29500055
2.77817130,-4.29500020
2.78711641,-4.26999914
2.79954529,-4.26999927
2.81197238,-4.27000022
2.82096517,-4.24898791
2.83258903,-4.24499953
2.84485805,-4.24500072
2.85711944,-4.24500012
2.86937416,-4.24500024
2.88009620,-4.23702407
2.88894605,-4.21999979
2.89599860,-4.19500029
2.90795613,-4.19500113
2.91990709,-4.19500041
2.93185175,-4.19500029
2.93825090,-4.16999960
2.95005905,-4.17000020
2.96186256,-4.17000079
2.97366011,-4.16999924
2.97946203,-4.14500058
2.99113559,-4.14499939
3.00280583,-4.14500022
3.01447296,-4.14500082
3.02613604,-4.14500046
3.03779519,-4.14500010
3.04944909,-4.14500034
3.06008268,-4.14121271
3.06594848,-4.12000024
3.07327234,-4.10465575
3.08207238,-4.09500075
3.09353197,-4.09500015
3.10096097,-4.08090616
3.10921753,-4.06999969
3.12059450,-4.07000065
3.13197315,-4.07000053
3.14335406,-4.06999945
3.15473783,-4.07000005
3.16612386,-4.07000029
3.17751217,-4.06999994
3.18824410,-4.06788290
3.18999982,-4.03724134
3.19600534,-4.02054334
3.20709109,-4.01999999
3.21835387,-4.01999963
3.22901916,-4.01814735
3.23378444,-3.99833310
3.24390292,-3.99500001
3.25512135,-3.99500001
3.26634621,-3.99500037
3.27757716,-3.99499989
3.28881407,-3.99499965
3.30005777,-3.99500072
3.30871964,-3.98751819
3.31500006,-3.97328055
3.31861556,-3.95161057
3.32745100,-3.94500005
3.33861125,-3.94500041
3.34977889,-3.94500029
3.36095404,-3.94499993
3.36804462,-3.93368471
3.37423158,-3.92000007
3.38537657,-3.92000091
3.39652920,-3.92000091
3.40768958,-3.92000044
3.41605890,-3.91247940
3.42224705,-3.89918900
3.43181348,-3.89499998
3.44295538,-3.89500022
3.45331717,-3.89292574
3.45830155,-3.87676930
3.46683490,-3.86999941
3.47465777,-3.86142910
3.48077583,-3.84851885
3.49051094,-3.84499991
3.50161827,-3.84500074
3.51273275,-3.84499908
3.52385712,-3.84500087
3.53498876,-3.84499991
3.54370248,-3.83890259
3.54875064,-3.82366347
3.55840170,-3.82000030
3.56952465,-3.81999969
3.58065676,-3.82000041
3.58775425,-3.81004894
3.59000004,-3.78825784
3.59401273,-3.77093005
3.60471773,-3.76999986
3.61581278,-3.77000105
3.62691593,-3.77000070
3.63802731,-3.77000022
3.64914716,-3.77000034
3.66027462,-3.77000010
3.67141045,-3.77000010
3.68255472,-3.77000082
3.68999982,-3.76123225
3.68999970,-3.73494792
3.69502890,-3.72063756
3.70586383,-3.71999991
3.71697759,-3.72000015
3.72809970,-3.72000039
3.73534548,-3.71098554
3.73999977,-3.69601261
3.74497222,-3.68184471
3.75092685,-3.67000043
3.76202381,-3.67000032
3.77312863,-3.67000043
3.78424156,-3.67000032
3.79536188,-3.66999936
3.80649042,-3.67000007
3.81762647,-3.66999971
3.82636607,-3.66457784
3.83158875,-3.65125811
3.83993590,-3.64500058
3.84901428,-3.64039612
3.85491335,-3.62870109
3.86213768,-3.62000012
3.87155783,-3.61620259
3.87679673,-3.60314203
3.88423967,-3.59500098
3.89536369,-3.59499991
3.90649569,-3.59500015
3.91763460,-3.59500027
3.92878115,-3.59500098
3.93993365,-3.59500062
3.95109343,-3.59500062
3.95829510,-3.58637667
3.96416616,-3.57488764
3.96803152,-3.55908835
3.97332143,-3.54642081
3.98380780,-3.54499972
3.99495828,-3.54500007
4.00611544,-3.54500079
4.01273287,-3.53525365
4.01500010,-3.51622367
4.01848996,-3.49986493
4.02734948,-3.49500000
4.03849268,-3.49500024
4.04964244,-3.49500024
4.06079877,-3.49500108
4.07195961,-3.49500096
4.08312654,-3.49500037
4.09429956,-3.49500037
4.10547829,-3.49500036
4.11500001,-3.49150788
4.11500013,-3.46804047
4.11533451,-3.44533813
4.12633300,-3.44499982
4.13749826,-3.44499993
4.14866793,-3.44499993
4.15984297,-3.44500064
4.17102182,-3.44499993
4.18220544,-3.44499969
4.19339346,-3.44500041
4.20458460,-3.44499957
4.21381867,-3.44094503
4.21499991,-3.42026830
4.21639705,-3.40008223
4.22510755,-3.39500034
4.23628676,-3.39500022
4.24746883,-3.39499998
4.25865448,-3.39499999
4.26466608,-3.38438773
4.27010966,-3.37262929
4.28000760,-3.37000072
4.29119181,-3.37000024
4.30237937,-3.37000024
4.31163240,-3.36605048
4.31735539,-3.35491013
4.32367516,-3.34500098
4.33486080,-3.34500003
4.34604836,-3.34499955
4.35702086,-3.34455729
4.36250400,-3.33297539
4.36500049,-3.31535148
4.36999440,-3.30281115
4.37731814,-3.29500055
4.38849902,-3.29500043
4.39968181,-3.29499960
4.40812635,-3.28946447
4.41363358,-3.27800071
4.42085147,-3.27000081
4.43203234,-3.27000022
4.44321537,-3.26999998
4.45439935,-3.27000105
4.46435308,-3.26752161
4.47000719,-3.25638914
4.47565937,-3.24526048
4.48671198,-3.24500012
4.49789381,-3.24500024
4.50648141,-3.23978496
4.51202607,-3.22845769
4.51899552,-3.22000003
4.53017568,-3.22000122
4.54135537,-3.22000027
4.55253506,-3.21999955
4.56371498,-3.22000027
4.56500053,-3.20015216
4.56500006,-3.17773282
4.57231903,-3.16999960
4.58349491,-3.17000067
4.59466910,-3.17000007
4.60584330,-3.17000007
4.61569882,-3.16735709
4.62129307,-3.15617418
4.62689042,-3.14500034
4.63806247,-3.14500070
4.64923334,-3.14500034
4.65676570,-3.13770926
4.66235613,-3.12652695
4.67026949,-3.12000096
4.68143702,-3.12000024
4.69260382,-3.11999965
4.70376992,-3.11999977
4.71459579,-3.11932111
4.71499967,-3.09773993
4.71499944,-3.07534444
4.72349978,-3.06999957
4.73466420,-3.07000041
4.74582600,-3.06999982
4.75698757,-3.07000077
4.76814676,-3.07000005
4.77930522,-3.07000077
4.79046130,-3.07000005
4.80161596,-3.06999994
4.81276894,-3.07000006
4.81500006,-3.05206251
4.81500030,-3.02963138
4.82136774,-3.02000010
4.83252120,-3.01999962
4.84367299,-3.01999950
4.85482359,-3.02000010
4.86597133,-3.02000022
4.87711835,-3.02000105
4.88826275,-3.02000082
4.89940476,-3.02000058
4.91054487,-3.02000070
4.91499972,-3.00650715
4.91499949,-2.98400867
4.91920853,-2.97000074
4.93035007,-2.96999990
4.94149112,-2.97000122
4.95262933,-2.97000051
4.96376514,-2.97000015
4.97489953,-2.97000050
4.98603153,-2.97000062
4.99716115,-2.97000062
5.00828790,-2.96999979
5.01500011,-2.96104467
5.01500011,-2.93846166
5.01810908,-2.92217529
5.02816916,-2.92000020
5.03929830,-2.92000091
5.05042434,-2.92000056
5.06154871,-2.92000056
5.07125211,-2.91711164
5.07684922,-2.90584326
5.08265757,-2.89499999
5.09378982,-2.89500045
5.10128641,-2.88759446
5.10682487,-2.87619495
5.11491799,-2.87000024
5.12605024,-2.86999977
5.13718176,-2.87000108
5.14831209,-2.86999953
5.15944266,-2.86999965
5.17049885,-2.86984897
5.17608309,-2.85853374
5.18166638,-2.84721374
5.19171166,-2.84500026
5.20001364,-2.83922661
5.20556521,-2.82783675
5.21285701,-2.81999982
5.22398781,-2.82000006
5.23511767,-2.81999922
5.24624848,-2.81999994
5.25737858,-2.82000017
5.26850939,-2.82000089
5.27518177,-2.81089616
5.28075099,-2.79953647
5.28966117,-2.79500103
5.29890776,-2.79115235
5.30447435,-2.77978540
5.31081461,-2.76999974
5.32194615,-2.77000010
5.33307814,-2.77000033
5.34421014,-2.77000022
5.35534215,-2.76999950
5.36290836,-2.76271498
5.36499977,-2.74425340
5.36743069,-2.72648621
5.37538647,-2.72000087
5.38651919,-2.72000027
5.39765263,-2.72000062
5.40878653,-2.71999991
5.41474962,-2.70944679
5.42034125,-2.69813967
5.42993760,-2.69500125
5.44107270,-2.69499982
5.45220947,-2.69500100
5.46061682,-2.68943584
5.46615219,-2.67801952
5.47335339,-2.66999960
5.48449111,-2.66999948
5.49563050,-2.66999996
5.50677180,-2.67000043
5.51410127,-2.66224324
5.51971674,-2.65099943
5.52790856,-2.64500034
5.53905153,-2.64500058
5.55019546,-2.64499986
5.55913759,-2.64052307
5.56465649,-2.62909460
5.56614852,-2.60949862
5.57177806,-2.59830975
5.58128977,-2.59499919
5.59243512,-2.59500003
5.60358238,-2.59500015
5.61473179,-2.59500015
5.62497306,-2.59315849
5.63062143,-2.58202088
5.63627291,-2.57089651
5.64505291,-2.56610274
5.65054870,-2.55467564
5.65690851,-2.54500008
5.66806102,-2.54500049
5.67718601,-2.54090846
5.68285179,-2.52984422
5.66429210,-2.47000069
5.67543101,-2.47000045
5.68657207,-2.46999937
5.69771528,-2.46999980
5.70886206,-2.47000015
5.71808839,-2.46614116
5.72354794,-2.45472729
5.72984338,-2.44499952
5.74099183,-2.44500005
5.75214314,-2.44500065
5.76329685,-2.44499999
5.77445435,-2.44500094
5.78561449,-2.44500018
5.79677868,-2.44500077
5.80794501,-2.44499982
5.81911611,-2.44499993
5.82808137,-2.44060504
5.83352947,-2.42921865
5.84006358,-2.42000091
5.85123730,-2.41999990
5.86241627,-2.42000067
5.87359834,-2.41999990
5.88478493,-2.41999924
5.89597654,-2.42000103
5.90717196,-2.42000043
5.91837191,-2.42000061
5.92957664,-2.42000091
5.93797422,-2.41446555
